# Blender 4.0.0
# www.blender.org
mtllib une_ak47_0417072848_texture.mtl
o une_ak47_0417072848_texture
v -1.000430 -0.113150 -0.012365
v -0.992445 -0.116186 -0.023839
v -1.000407 -0.127346 -0.025700
v -1.002477 -0.112341 0.006234
v -0.990896 -0.145789 -0.033941
v -0.993789 -0.150435 -0.030536
v -0.995268 -0.127457 -0.030133
v -0.987677 -0.107406 -0.013600
v -0.983615 -0.181352 -0.025654
v -0.989539 -0.153163 0.005603
v -0.986974 -0.153713 -0.033814
v -0.988359 -0.105776 0.000218
v -0.980252 -0.172873 -0.031195
v -0.982369 -0.174801 0.008095
v -0.979724 -0.192897 -0.023137
v -0.952245 -0.112998 -0.029541
v -0.973642 -0.209776 -0.013868
v -0.977412 -0.188217 0.017006
v -0.956601 -0.099810 -0.014106
v -0.954638 -0.152847 -0.034270
v -0.938722 -0.135755 -0.035356
v -0.966826 -0.230193 -0.004713
v -0.963975 -0.220416 -0.011012
v -0.946182 -0.206938 -0.016390
v -0.934454 -0.169539 -0.030654
v -0.933742 -0.102795 -0.026465
v -0.958679 -0.239017 -0.002388
v -0.932949 -0.190648 -0.022423
v -0.927016 -0.091336 -0.004604
v -0.940103 -0.238003 -0.002468
v -0.919117 -0.089812 -0.013813
v -0.895699 -0.147695 -0.034960
v -0.917738 -0.214255 -0.011716
v -0.914210 -0.109054 -0.031910
v -0.910882 -0.201464 -0.016641
v -0.902504 -0.229439 -0.004015
v -0.896543 -0.222219 -0.007031
v -0.895578 -0.188714 -0.020924
v -0.897786 -0.168519 -0.029106
v -0.880415 -0.087750 -0.026274
v -0.881105 -0.114086 -0.036238
v -0.871372 -0.090249 -0.030432
v -0.873137 -0.078333 -0.013979
v -0.878257 -0.210955 -0.010604
v -0.866869 -0.076763 -0.004682
v -0.867759 -0.195007 -0.016986
v -0.847086 -0.180055 -0.021230
v -0.860368 -0.229276 -0.001446
v -0.843397 -0.157015 -0.029336
v -0.845213 -0.137829 -0.035609
v -0.841240 -0.218372 -0.005022
v -0.811659 -0.167666 -0.023793
v -0.835304 -0.099705 -0.036777
v -0.841195 -0.203113 -0.011475
v -0.841139 -0.070674 -0.017094
v -0.826125 -0.190763 -0.015626
v -0.792839 -0.209649 -0.005923
v -0.818820 -0.078887 -0.033529
v -0.815452 -0.063148 -0.010807
v -0.801840 -0.063242 -0.023121
v -0.798995 -0.179882 -0.018505
v -0.800580 -0.126042 -0.036732
v -0.801703 -0.142677 -0.031639
v -0.808423 -0.102619 -0.038428
v -0.784738 -0.153298 -0.027355
v -0.780380 -0.068436 -0.034730
v -0.775737 -0.192263 -0.012153
v -0.788490 -0.117008 -0.038712
v -0.774604 -0.132594 -0.033167
v -0.770908 -0.172083 -0.019765
v -0.762452 -0.083350 -0.039742
v -0.777872 -0.053113 -0.009487
v -0.809721 -0.065573 0.003027
v -0.750778 -0.202854 -0.006603
v -0.764307 -0.162853 -0.023163
v -0.764290 -0.050512 -0.020748
v -0.747941 -0.110763 -0.039737
v -0.753466 -0.181883 -0.015180
v -0.750294 -0.124304 -0.035573
v -0.755991 -0.055868 -0.032262
v -0.745810 -0.153717 -0.025625
v -0.745371 -0.137711 -0.031314
v -0.726644 -0.143756 -0.027994
v -0.730911 -0.130207 -0.032349
v -0.746681 -0.044456 -0.007888
v -0.716362 -0.168299 -0.018869
v -0.733634 -0.040020 -0.022455
v -0.721042 -0.176364 -0.015454
v -0.716991 -0.159203 -0.022979
v -0.720129 -0.079151 -0.042067
v -0.732246 -0.188305 -0.011402
v -0.717933 -0.051161 -0.038500
v -0.717905 -0.203198 -0.003951
v -0.701313 -0.115559 -0.036441
v -0.715626 -0.041426 -0.033327
v -0.699623 -0.135426 -0.031008
v -0.709948 -0.032602 -0.016374
v -0.698472 -0.149696 -0.025333
v -0.689331 -0.120446 -0.035354
v -0.690272 -0.096106 -0.041076
v -0.719724 -0.041288 0.001014
v -0.671208 -0.140987 -0.027442
v -0.652336 -0.127036 -0.031773
v -0.682015 -0.107717 -0.039396
v -0.689921 -0.067946 -0.043281
v -0.680502 -0.028531 -0.020946
v -0.682699 -0.181311 -0.010692
v -0.687632 -0.033372 -0.002134
v -0.663901 -0.162382 -0.017945
v -0.677826 -0.044459 -0.039213
v -0.686636 -0.036738 -0.033771
v -0.662551 -0.132691 -0.030555
v -0.663246 -0.083896 -0.042677
v -0.672228 -0.031507 -0.003733
v -0.664551 -0.040193 -0.033877
v -0.639234 -0.149600 -0.021613
v -0.655570 -0.112012 -0.036628
v -0.622490 -0.105428 -0.039206
v -0.627315 -0.166193 -0.005277
v -0.641857 -0.036369 -0.013887
v -0.645043 -0.038811 0.002334
v -0.626335 -0.095315 -0.040994
v -0.632464 -0.069472 -0.039362
v -0.634472 -0.041997 -0.025628
v -0.608190 -0.123517 -0.031667
v -0.631330 -0.138993 -0.026471
v -0.587779 -0.127223 -0.030190
v -0.629084 -0.049388 -0.033334
v -0.601021 -0.134467 -0.026482
v -0.620001 -0.115726 -0.035617
v -0.598034 -0.111588 -0.036023
v -0.605951 -0.064097 -0.040624
v -0.629371 -0.038095 -0.009308
v -0.617544 -0.039907 -0.026639
v -0.607338 -0.045673 -0.036241
v -0.591301 -0.148395 -0.010612
v -0.604211 -0.036824 -0.031099
v -0.601744 -0.032114 0.001709
v -0.621470 -0.173925 0.002811
v -0.605839 -0.093199 -0.043001
v -0.593431 -0.025199 -0.009036
v -0.564701 -0.117575 -0.033851
v -0.569980 -0.080812 -0.046133
v -0.578026 -0.050705 -0.045162
v -0.578495 -0.025967 -0.039975
v -0.574804 -0.018957 -0.034456
v -0.569605 -0.099442 -0.041272
v -0.570897 -0.009199 -0.013430
v -0.549372 -0.110767 -0.036349
v -0.549748 -0.120367 -0.024091
v -0.571899 -0.018724 0.002875
v -0.552129 -0.057189 -0.049672
v -0.562161 -0.015656 -0.045259
v -0.557477 -0.134916 0.007868
v -0.548338 -0.001294 -0.045387
v -0.545263 -0.029008 -0.056829
v -0.537036 -0.116315 -0.018372
v -0.523653 -0.093968 -0.044764
v -0.535261 -0.000240 -0.055521
v -0.544502 -0.071706 -0.049959
v -0.523940 -0.100905 -0.039333
v -0.518543 -0.037910 -0.058459
v -0.515339 -0.057912 -0.056792
v -0.519877 -0.069241 -0.053458
v -0.509264 -0.002201 -0.066155
v -0.498946 -0.082867 -0.050546
v -0.492554 -0.089604 -0.038252
v -0.524129 -0.113316 -0.002739
v -0.494461 -0.094893 -0.020310
v -0.500667 -0.055495 -0.060088
v -0.488875 -0.019372 -0.071125
v -0.476484 -0.083125 -0.000614
v -0.487108 -0.083881 -0.049245
v -0.470746 -0.044079 -0.067982
v -0.476220 -0.086376 -0.019052
v -0.463925 -0.065764 -0.060548
v -0.476391 -0.009681 -0.075375
v -0.446414 -0.080283 -0.042535
v -0.454255 -0.079636 -0.019825
v -0.433642 -0.073399 -0.056324
v -0.455619 -0.015978 -0.077206
v -0.442894 -0.053059 -0.064345
v -0.440078 -0.029979 -0.067343
v -0.440991 -0.017339 -0.072089
v -0.436818 -0.062455 0.014225
v -0.470259 -0.075062 0.011363
v -0.429477 -0.076678 -0.035843
v -0.435426 -0.045463 -0.061838
v -0.415108 -0.065211 -0.052545
v -0.414268 -0.042893 -0.060599
v -0.412415 -0.051572 -0.009151
v -0.405929 -0.060301 -0.041757
v -0.401785 -0.031296 -0.064095
v -0.408756 0.001277 -0.077532
v -0.405552 -0.012681 -0.071434
v -0.391309 -0.057181 -0.053211
v -0.392838 -0.045338 -0.017935
v -0.387468 -0.039129 -0.060794
v -0.367768 -0.000032 -0.075456
v -0.371973 -0.051861 -0.054556
v -0.370508 -0.048301 -0.040107
v -0.377917 -0.031249 -0.051912
v -0.381930 -0.009391 -0.032684
v -0.375067 -0.029046 -0.014283
v -0.383419 0.005704 0.002678
v -0.382393 -0.008789 -0.060362
v -0.375336 -0.013017 -0.062863
v -0.380024 0.004458 -0.071300
v -0.375271 -0.038369 -0.010661
v -0.371197 -0.038411 -0.054046
v -0.372353 -0.042084 -0.044301
v -0.361560 -0.026726 -0.064140
v -0.351534 -0.049088 -0.056328
v -0.360421 -0.053823 -0.048655
v -0.354146 -0.051848 -0.030889
v -0.360695 -0.046705 -0.022168
v -0.347113 -0.036010 -0.048824
v -0.342887 -0.030975 -0.055257
v -0.363795 -0.038472 -0.006668
v -0.332425 -0.017657 -0.057840
v -0.352568 -0.012797 0.005286
v -0.376250 -0.018464 0.013764
v -0.348575 -0.009243 -0.069287
v -0.360501 -0.070784 -0.009096
v -0.364160 -0.060781 0.008489
v -0.341669 -0.016307 -0.008069
v -0.358430 -0.075200 -0.000458
v -0.352817 -0.081560 -0.013816
v -0.350874 -0.078156 -0.024502
v -0.349570 -0.052465 -0.032880
v -0.335472 -0.026738 -0.061182
v -0.344578 -0.010727 -0.061404
v -0.324093 -0.015518 -0.064785
v -0.334842 -0.048300 -0.045234
v -0.326142 -0.021813 -0.029356
v -0.365764 0.008017 -0.066595
v -0.323214 -0.089437 -0.023113
v -0.325806 -0.030344 -0.049500
v -0.334197 -0.077962 -0.031366
v -0.328930 -0.053469 -0.036491
v -0.333754 -0.092819 -0.004521
v -0.301105 -0.036414 -0.055188
v -0.307743 -0.020707 -0.061486
v -0.308097 -0.013269 -0.019935
v -0.315412 -0.005894 0.000226
v -0.315319 -0.131589 -0.009619
v -0.329424 -0.136346 0.002240
v -0.327302 -0.116666 -0.000263
v -0.311504 -0.107731 -0.018846
v -0.303131 -0.042734 -0.042993
v -0.307189 -0.006622 -0.067341
v -0.323989 0.000997 -0.064297
v -0.303872 -0.089078 -0.025597
v -0.301785 -0.050769 -0.036237
v -0.299888 -0.020876 -0.054702
v -0.290731 -0.021418 -0.048409
v -0.303969 -0.135666 -0.009483
v -0.320616 -0.150341 -0.004114
v -0.290752 -0.003505 -0.060844
v -0.291432 -0.118867 -0.014671
v -0.276780 -0.016419 -0.054628
v -0.269449 0.000447 -0.009971
v -0.266862 -0.122054 -0.011551
v -0.280355 -0.103514 -0.019237
v -0.275216 -0.078504 -0.028267
v -0.272393 -0.017330 -0.050139
v -0.270485 -0.007650 -0.027215
v -0.261922 -0.055081 -0.033098
v -0.262792 -0.020046 -0.059735
v -0.275674 -0.013474 -0.062369
v -0.264756 -0.043197 -0.037812
v -0.263827 -0.034754 -0.042693
v -0.273466 0.002737 -0.068523
v -0.246915 -0.108432 -0.016204
v -0.259629 -0.090377 -0.022631
v -0.243195 -0.076440 -0.027108
v -0.273108 -0.136817 -0.007074
v -0.251098 -0.027279 -0.054555
v -0.247260 -0.011182 -0.054254
v -0.250462 -0.011877 -0.048851
v -0.249751 0.003065 -0.060507
v -0.240092 -0.125874 -0.009570
v -0.245800 -0.036963 -0.038376
v -0.228494 -0.024151 -0.045052
v -0.235288 -0.001025 -0.064250
v -0.244336 -0.140657 -0.004340
v -0.235632 -0.017797 -0.059190
v -0.237279 -0.146577 0.001599
v -0.232176 -0.096469 -0.018021
v -0.226133 -0.005927 -0.049678
v -0.235428 0.002542 -0.026359
v -0.219379 -0.071035 -0.027698
v -0.233171 -0.031301 -0.035160
v -0.224302 -0.119711 0.002584
v -0.219120 -0.090422 -0.006715
v -0.214773 -0.026149 -0.030297
v -0.209909 -0.010242 -0.059388
v -0.211135 -0.057658 -0.022963
v -0.215282 -0.017829 -0.054142
v -0.205528 -0.001211 -0.054226
v -0.210617 -0.082884 -0.008323
v -0.209965 -0.014562 -0.038012
v -0.213854 -0.006666 -0.018431
v -0.213886 0.001633 -0.003975
v -0.215704 -0.011590 0.006887
v -0.211115 -0.043318 -0.014018
v -0.203815 -0.071832 -0.011819
v -0.201817 -0.006656 -0.033874
v -0.194243 -0.077533 -0.004987
v -0.187853 -0.009778 -0.054082
v -0.195960 -0.087404 -0.002323
v -0.174243 -0.003307 -0.059027
v -0.184854 -0.003691 -0.040182
v -0.193621 -0.006252 -0.004664
v -0.198098 0.000377 -0.018653
v -0.188427 -0.031407 -0.004837
v -0.195710 0.005380 -0.008454
v -0.192313 -0.004832 -0.025418
v -0.182299 -0.038431 -0.009595
v -0.176663 -0.047649 -0.002308
v -0.175802 -0.024520 -0.015480
v -0.167999 -0.043401 -0.004196
v -0.163735 0.005222 -0.026650
v -0.170249 -0.027529 -0.005764
v -0.164671 -0.012585 -0.011887
v -0.169958 -0.011961 -0.003134
v -0.121725 -0.065161 -0.005306
v -0.132558 -0.070730 -0.005666
v -0.136600 -0.065789 -0.000963
v -0.104870 -0.050826 -0.008924
v -0.105387 -0.064764 -0.006508
v -0.113025 -0.064013 -0.003521
v -0.104925 -0.005478 -0.031004
v -0.100297 -0.031413 -0.019490
v -0.108694 -0.005288 -0.009498
v -0.097620 -0.057015 -0.007575
v -0.100460 -0.042682 -0.014845
v -0.102856 -0.026714 0.014551
v -0.092477 -0.044798 -0.009111
v -0.089999 -0.036246 -0.014280
v -0.093679 -0.027111 0.004184
v -0.094155 -0.020933 -0.014778
v -0.085830 -0.033980 -0.018907
v -0.094216 -0.016682 -0.003735
v -0.082181 -0.006566 -0.030592
v -0.091249 -0.008953 -0.017528
v -0.074208 -0.030323 -0.013490
v -0.072136 -0.034840 -0.018350
v -0.069446 -0.007486 -0.018776
v -0.077096 -0.001695 -0.017937
v -0.063910 -0.007380 -0.007820
v -0.065199 -0.024077 -0.014632
v -0.055188 -0.030905 -0.018049
v -0.060777 -0.016433 -0.016088
v -0.050378 -0.007617 -0.027606
v -0.059975 -0.034123 -0.010408
v -0.056988 -0.044299 -0.009922
v -0.057056 -0.010079 -0.005949
v -0.057843 0.000977 -0.014371
v -0.043513 -0.020560 -0.015532
v -0.050623 -0.038058 -0.006839
v -0.046075 -0.015748 -0.003307
v -0.037703 -0.021424 -0.010498
v -0.039868 0.000666 -0.026384
v -0.037837 -0.056923 -0.002592
v -0.042017 -0.046943 -0.002680
v -0.037480 -0.036562 -0.007246
v -0.041784 -0.023248 0.014021
v -0.026007 -0.004614 -0.011060
v -0.024176 -0.006707 -0.035355
v -0.020900 -0.014587 -0.010880
v -0.026173 -0.000454 0.011425
v -0.013734 -0.037402 -0.019056
v -0.014447 -0.028402 -0.031161
v -0.016994 -0.011243 -0.037273
v -0.009188 -0.048065 -0.023323
v -0.000476 -0.067210 -0.015964
v -0.003391 -0.051597 0.010237
v 0.004025 -0.027703 -0.029190
v 0.019761 -0.061266 -0.016051
v 0.010892 -0.086505 -0.010131
v 0.008293 -0.077856 0.006348
v 0.021687 -0.098105 -0.006107
v 0.020664 -0.103786 -0.002248
v 0.022680 -0.037255 -0.027402
v 0.009626 -0.005966 -0.039372
v 0.040735 -0.099291 -0.001073
v 0.028149 -0.011966 -0.031955
v 0.040434 -0.068592 -0.017139
v 0.047851 -0.052776 -0.018141
v 0.036475 -0.000179 -0.040206
v 0.043377 -0.018113 -0.033588
v 0.058821 -0.044346 -0.025350
v 0.063681 -0.107887 -0.003901
v 0.060043 -0.077491 -0.010468
v 0.075918 -0.005544 -0.037054
v 0.068103 -0.059801 -0.020264
v 0.075589 -0.072935 -0.015105
v 0.081973 -0.104725 -0.000518
v 0.090594 -0.032158 -0.029122
v 0.091642 -0.093096 -0.007500
v 0.101303 -0.046334 -0.023867
v 0.125916 -0.083134 -0.010948
v 0.098393 -0.019170 -0.026590
v 0.082450 0.007562 -0.035359
v 0.115184 -0.064910 -0.017009
v 0.117838 -0.043213 -0.018366
v 0.109854 -0.008867 -0.030582
v 0.133050 -0.034571 -0.019537
v 0.115733 -0.004424 -0.028332
v 0.103035 -0.107908 -0.001914
v 0.134246 -0.071482 -0.009093
v 0.125072 -0.015585 -0.020507
v 0.137869 -0.034972 -0.014945
v 0.130332 -0.011202 0.017491
v 0.147783 -0.062658 -0.012179
v 0.149256 -0.050389 -0.009752
v 0.152091 -0.094113 -0.000834
v 0.160170 -0.064297 -0.005827
v 0.167086 -0.078594 -0.005391
v -0.544776 0.010943 -0.020665
v -0.543533 0.003628 0.000443
v -0.515099 0.022543 -0.004063
v -0.526692 0.020310 -0.025715
v -0.515904 0.020969 -0.041243
v -0.508887 0.011013 -0.061498
v -0.488833 0.034177 -0.019616
v -0.469422 0.028995 -0.047765
v -0.499934 0.023169 0.001016
v -0.465827 0.032541 0.005725
v -0.466781 0.001778 -0.075428
v -0.465994 0.014969 -0.069049
v -0.468491 0.038773 -0.021849
v -0.465418 0.040602 -0.009660
v -0.460712 0.017433 -0.069989
v -0.462649 0.032205 -0.049156
v -0.463124 0.041338 -0.032364
v -0.455826 0.008326 -0.081484
v -0.460089 0.032397 -0.081283
v -0.458306 0.027186 -0.089320
v -0.460948 0.048956 -0.041001
v -0.459720 0.066493 -0.008886
v -0.462579 0.058617 -0.001749
v -0.456709 0.025084 -0.061603
v -0.452018 0.020320 -0.062093
v -0.454673 0.019768 -0.073916
v -0.453935 0.035657 -0.073040
v -0.457158 0.033099 -0.053244
v -0.455786 0.032152 -0.038653
v -0.458331 0.040765 -0.024840
v -0.453478 0.052956 -0.077724
v -0.452845 0.041589 -0.094887
v -0.454533 0.042069 -0.004639
v -0.455444 0.056888 -0.019436
v -0.458652 0.046486 -0.004019
v -0.455716 0.062255 -0.045047
v -0.442543 0.013156 -0.084722
v -0.450037 0.017119 -0.079579
v -0.449667 0.014428 -0.074216
v -0.451414 0.034156 -0.085565
v -0.450409 0.033841 -0.029934
v -0.450608 0.058452 -0.043937
v -0.449587 0.069781 -0.048570
v -0.449023 0.065008 -0.009555
v -0.449909 0.072860 -0.005451
v -0.446267 0.082757 -0.018709
v -0.425981 0.042199 -0.093339
v -0.445617 0.050245 -0.083992
v -0.446659 0.053503 -0.097836
v -0.443280 0.075129 -0.022967
v -0.450532 0.079454 -0.067937
v -0.448824 0.072467 -0.098331
v -0.445402 0.070576 -0.076363
v -0.445128 0.081161 -0.083651
v -0.438295 0.091275 -0.017450
v -0.448819 0.091046 -0.045522
v -0.428419 0.025566 -0.060413
v -0.428737 0.036790 -0.085970
v -0.433459 0.038501 -0.028206
v -0.441820 0.052391 -0.099900
v -0.436640 0.051316 -0.090845
v -0.432158 0.064514 -0.065072
v -0.442713 0.052504 -0.003069
v -0.443216 0.065506 -0.097279
v -0.433244 0.073109 -0.040372
v -0.444045 0.076317 -0.055373
v -0.437688 0.080576 -0.017535
v -0.442342 0.088743 -0.034067
v -0.436950 0.099410 -0.039962
v -0.426483 0.050615 -0.003729
v -0.435851 0.062106 -0.104099
v -0.435566 0.059300 -0.084814
v -0.431205 0.072018 -0.105538
v -0.429183 0.080901 -0.015159
v -0.430019 0.098111 -0.056362
v -0.425365 0.019166 -0.077959
v -0.430445 0.090563 -0.030924
v -0.432261 0.087253 -0.010126
v -0.400431 0.026428 -0.086846
v -0.430440 0.065954 -0.089923
v -0.425010 0.082543 -0.104913
v -0.426855 0.088601 -0.091967
v -0.427987 0.085384 -0.053012
v -0.426597 0.108674 -0.026839
v -0.418650 0.066610 -0.096299
v -0.422581 0.082022 -0.087620
v -0.402724 0.064831 -0.104651
v -0.420822 0.076073 -0.095786
v -0.388276 0.116566 -0.027980
v -0.416555 0.122830 -0.038163
v -0.419001 0.116308 -0.051489
v -0.394847 0.029126 -0.080073
v -0.410953 0.052715 -0.005639
v -0.410238 0.093890 -0.094014
v -0.411648 0.101025 -0.105890
v -0.413706 0.107845 -0.102657
v -0.411642 0.103705 -0.065250
v -0.417865 0.101726 -0.036189
v -0.389982 0.095855 -0.009547
v -0.415703 0.112940 -0.078581
v -0.397551 0.027161 -0.074303
v -0.410072 0.039859 -0.037276
v -0.401221 0.052958 -0.090886
v -0.398126 0.074885 -0.009845
v -0.407263 0.086110 -0.097496
v -0.383404 0.072534 -0.105487
v -0.403458 0.077191 -0.003750
v -0.405721 0.118927 -0.042285
v -0.407582 0.133209 -0.060111
v -0.394116 0.092663 -0.020119
v -0.406341 0.133798 -0.048808
v -0.393712 0.033941 -0.059975
v -0.395042 0.052883 -0.006754
v -0.391302 0.085979 -0.096273
v -0.389034 0.103178 -0.034106
v -0.401993 0.111538 -0.089023
v -0.405158 0.119732 -0.101981
v -0.400250 0.124764 -0.056742
v -0.395171 0.039880 -0.047613
v -0.382233 0.040856 -0.092290
v -0.398208 0.046571 -0.026189
v -0.399871 0.105060 -0.095172
v -0.393792 0.129779 -0.097685
v -0.394412 0.133822 -0.045016
v -0.394370 0.141491 -0.065175
v -0.370899 0.016218 -0.081867
v -0.392283 0.117049 -0.106018
v -0.371601 0.124841 -0.038520
v -0.393444 0.044624 -0.021262
v -0.365466 0.078464 -0.000872
v -0.386768 0.097766 -0.094066
v -0.377650 0.121909 -0.040214
v -0.390949 0.112228 -0.093871
v -0.386123 0.129504 -0.082702
v -0.388279 0.021807 -0.076829
v -0.389283 0.020667 -0.035096
v -0.389173 0.028251 -0.002051
v -0.390507 0.047101 -0.003359
v -0.372016 0.037725 -0.084054
v -0.375221 0.064864 -0.094975
v -0.365265 0.082089 -0.009174
v -0.386201 0.134797 -0.104748
v -0.386707 0.159212 -0.064363
v -0.389919 0.143219 -0.060579
v -0.367084 0.052390 -0.095936
v -0.379340 0.090461 -0.105936
v -0.383964 0.145942 -0.106892
v -0.378024 0.165220 -0.095762
v -0.353845 0.033836 -0.079111
v -0.349896 0.053837 -0.088988
v -0.367232 0.101145 -0.024685
v -0.376894 0.127145 -0.087543
v -0.381003 0.134711 -0.070124
v -0.377424 0.149878 -0.115522
v -0.380927 0.169827 -0.068008
v -0.373355 0.061024 -0.005486
v -0.363655 0.126076 -0.105549
v -0.361439 0.105795 -0.108068
v -0.360395 0.115117 -0.095005
v -0.363809 0.132742 -0.054716
v -0.374113 0.140543 -0.091878
v -0.366015 0.138626 -0.045381
v -0.362320 0.135382 -0.106303
v -0.373897 0.150478 -0.073859
v -0.354205 0.146160 -0.053231
v -0.371803 0.152104 -0.064665
v -0.370747 0.165590 -0.065679
v -0.354921 0.024878 -0.071665
v -0.363872 0.105265 -0.032223
v -0.371259 0.150457 -0.086844
v -0.370602 0.175401 -0.121532
v -0.370322 0.185334 -0.076291
v -0.361744 0.055472 -0.009750
v -0.375957 0.041892 -0.006077
v -0.362632 0.067236 -0.007561
v -0.355044 0.089871 -0.013938
v -0.362449 0.137854 -0.067774
v -0.353615 0.153400 -0.064438
v -0.367820 0.180277 -0.095639
v -0.340016 0.041902 -0.082952
v -0.350059 0.066853 -0.100499
v -0.340505 0.097177 -0.097437
v -0.344835 0.105790 -0.011098
v -0.346509 0.119207 -0.027129
v -0.347306 0.129252 -0.088955
v -0.356730 0.146794 -0.093812
v -0.352207 0.156152 -0.083605
v -0.357587 0.160497 -0.117642
v -0.355082 0.174172 -0.120414
v -0.363362 0.177140 -0.098857
v -0.358684 0.177242 -0.116568
v -0.345288 0.014799 -0.084906
v -0.348565 0.037511 -0.087865
v -0.353050 0.109460 -0.036810
v -0.353606 0.103920 -0.034143
v -0.354916 0.120714 -0.040514
v -0.332151 0.112016 -0.109735
v -0.335982 0.143430 -0.107319
v -0.351091 0.152659 -0.071785
v -0.358516 0.174758 -0.108443
v -0.347648 0.184082 -0.074368
v -0.355416 0.185524 -0.081927
v -0.342951 0.041474 -0.003447
v -0.328376 0.058059 -0.095278
v -0.312512 0.086068 -0.104764
v -0.331583 0.088812 -0.094587
v -0.335289 0.089676 -0.003654
v -0.321985 0.099801 -0.105338
v -0.346322 0.093710 -0.024165
v -0.344171 0.126073 -0.045639
v -0.346877 0.134122 -0.089184
v -0.345456 0.126938 -0.038826
v -0.346434 0.168733 -0.066823
v -0.354993 0.165454 -0.102341
v -0.359005 0.166526 -0.095632
v -0.331952 0.072879 -0.094681
v -0.326789 0.116072 -0.017288
v -0.335161 0.123561 -0.033876
v -0.330489 0.138377 -0.054156
v -0.332289 0.157670 -0.073770
v -0.343360 0.165183 -0.097546
v -0.343185 0.058556 -0.011061
v -0.329915 0.084674 -0.008980
v -0.344037 0.095355 -0.051493
v -0.349734 0.102645 -0.039136
v -0.349096 0.112211 -0.051686
v -0.350027 0.119789 -0.043869
v -0.327938 0.129236 -0.038699
v -0.326543 0.144467 -0.045132
v -0.327022 0.161506 -0.067731
v -0.338969 0.175841 -0.119870
v -0.339535 0.173749 -0.093959
v -0.340729 0.179550 -0.109136
v -0.335842 0.182771 -0.085450
v -0.321556 0.005787 -0.073751
v -0.329669 0.033522 -0.069857
v -0.337023 0.088427 -0.039692
v -0.332105 0.142897 -0.067240
v -0.331173 0.153565 -0.092027
v -0.319405 0.173735 -0.102954
v -0.330961 0.182985 -0.115668
v -0.334492 0.066404 -0.016629
v -0.328205 0.093412 -0.017704
v -0.325636 0.120823 -0.095492
v -0.327840 0.113855 -0.053980
v -0.329631 0.147890 -0.093396
v -0.322514 0.151443 -0.053457
v -0.324000 0.177787 -0.069515
v -0.319686 0.191140 -0.081483
v -0.312274 0.053166 -0.085131
v -0.324131 0.072032 -0.019300
v -0.313392 0.103236 -0.007568
v -0.330669 0.129903 -0.105355
v -0.328329 0.130011 -0.047343
v -0.314328 0.139114 -0.090427
v -0.325801 0.167914 -0.118171
v -0.316276 0.036757 -0.086615
v -0.313570 0.099273 -0.049940
v -0.318863 0.093058 -0.042355
v -0.324977 0.169483 -0.097831
v -0.321061 0.179300 -0.119887
v -0.309896 0.019101 -0.066511
v -0.321193 0.060658 -0.010625
v -0.312785 0.134817 -0.090405
v -0.286165 0.152007 -0.046453
v -0.315281 0.154684 -0.110444
v -0.324421 0.160572 -0.083266
v -0.304784 0.193712 -0.073705
v -0.288119 0.009349 -0.065506
v -0.315381 0.041845 -0.074394
v -0.322844 0.037002 -0.000676
v -0.293713 0.075367 -0.099430
v -0.305245 0.094129 -0.031181
v -0.296057 0.116979 -0.055288
v -0.317214 0.159084 -0.073245
v -0.319517 0.174682 -0.098585
v -0.321798 0.183429 -0.109327
v -0.315730 0.182434 -0.092241
v -0.310086 0.073056 -0.016290
v -0.300128 0.124416 -0.109498
v -0.299010 0.132842 -0.037505
v -0.287114 0.140433 -0.106555
v -0.307317 0.131382 -0.048969
v -0.308099 0.097296 -0.013582
v -0.290929 0.108832 -0.099179
v -0.291153 0.127006 -0.022119
v -0.291251 0.150819 -0.068129
v -0.285164 0.165905 -0.082695
v -0.294087 0.173239 -0.069951
v -0.309569 0.182961 -0.105660
v -0.302258 0.183531 -0.120020
v -0.303694 0.185703 -0.115491
v -0.288308 0.067089 -0.089297
v -0.295928 0.082274 -0.095010
v -0.282719 0.119616 -0.012697
v -0.300812 0.142125 -0.053192
v -0.300835 0.150250 -0.092391
v -0.300148 0.157896 -0.090757
v -0.283748 0.033954 -0.084496
v -0.299333 0.035388 -0.070155
v -0.299368 0.056330 -0.007151
v -0.287073 0.057782 -0.091415
v -0.296257 0.087644 -0.009577
v -0.285562 0.171997 -0.116386
v -0.302509 0.187692 -0.103881
v -0.301854 0.182869 -0.068025
v -0.288816 0.117360 -0.109867
v -0.292219 0.139171 -0.090917
v -0.284604 0.163638 -0.073082
v -0.293533 0.160427 -0.060744
v -0.276697 0.014407 -0.073285
v -0.281118 0.053353 -0.075632
v -0.270848 0.101412 -0.094238
v -0.267169 0.108977 -0.105579
v -0.293790 0.193305 -0.074210
v -0.279787 0.073280 -0.014111
v -0.286793 0.077313 -0.018208
v -0.279418 0.146146 -0.055289
v -0.285204 0.160113 -0.111591
v -0.287370 0.177946 -0.114369
v -0.260244 0.028802 -0.077677
v -0.282672 0.022456 -0.065231
v -0.270108 0.094128 -0.104477
v -0.268484 0.103927 -0.043560
v -0.287212 0.101482 -0.018681
v -0.286048 0.099204 -0.012324
v -0.266823 0.110684 -0.050993
v -0.276182 0.135482 -0.051009
v -0.279312 0.139640 -0.050907
v -0.281763 0.177180 -0.071212
v -0.285261 0.184740 -0.082628
v -0.265502 0.072892 -0.095946
v -0.266030 0.101535 -0.031506
v -0.278638 0.154674 -0.092854
v -0.251056 0.073397 -0.010581
v -0.270532 0.056126 -0.004741
v -0.262676 0.107688 -0.006753
v -0.261217 0.154374 -0.066995
v -0.262583 0.164109 -0.059442
v -0.270130 0.179003 -0.084535
v -0.267110 0.041715 -0.070645
v -0.268120 0.062671 -0.085282
v -0.271136 0.091486 -0.010145
v -0.265874 0.105910 -0.017651
v -0.254436 0.144829 -0.090627
v -0.265139 0.164332 -0.093911
v -0.270576 0.165961 -0.108670
v -0.257138 0.089475 -0.094854
v -0.247998 0.132700 -0.110738
v -0.256020 0.121428 -0.099673
v -0.267118 0.139497 -0.038163
v -0.267318 0.171113 -0.081591
v -0.261912 0.015825 -0.066877
v -0.252979 0.060207 -0.089436
v -0.263356 0.099779 -0.010371
v -0.249359 0.126134 -0.056116
v -0.241245 0.127280 -0.110618
v -0.247506 0.134026 -0.018918
v -0.265185 0.170956 -0.103626
v -0.265555 0.180146 -0.077656
v -0.257304 0.082008 -0.020907
v -0.244627 0.122398 -0.011360
v -0.253427 0.142078 -0.051204
v -0.247226 0.162443 -0.098096
v -0.261263 0.160822 -0.109837
v -0.250598 0.037528 -0.073811
v -0.249261 0.043467 -0.082346
v -0.243750 0.148129 -0.107456
v -0.250153 0.171777 -0.075179
v -0.225114 0.088026 -0.099108
v -0.221280 0.102975 -0.104776
v -0.230858 0.146503 -0.038620
v -0.237690 0.150950 -0.053803
v -0.247835 0.183677 -0.089962
v -0.244175 0.181856 -0.069924
v -0.237503 0.020299 -0.072921
v -0.238156 0.055697 -0.080465
v -0.244241 0.093157 -0.012779
v -0.240812 0.104596 -0.031016
v -0.235362 0.110002 -0.021142
v -0.236478 0.129519 -0.100387
v -0.238266 0.173152 -0.094592
v -0.243040 0.175943 -0.084707
v -0.231897 0.054149 -0.085477
v -0.230696 0.066680 -0.006950
v -0.234930 0.082099 -0.091016
v -0.241380 0.068879 -0.085701
v -0.237572 0.109401 -0.016177
v -0.230551 0.159688 -0.046921
v -0.239458 0.175781 -0.079055
v -0.242135 0.175379 -0.103329
v -0.233989 -0.001052 -0.058635
v -0.227724 0.012607 -0.068923
v -0.229765 0.033507 -0.071295
v -0.243878 0.084737 -0.022607
v -0.236188 0.100715 -0.011046
v -0.223591 0.113335 -0.007127
v -0.258423 0.099570 -0.001085
v -0.219814 0.112634 -0.095938
v -0.233859 0.170964 -0.073119
v -0.225048 0.166058 -0.110093
v -0.237883 0.013390 -0.002624
v -0.230806 0.070530 -0.091826
v -0.230240 0.082258 -0.014196
v -0.224562 0.114970 -0.105927
v -0.229635 0.149078 -0.090564
v -0.225299 0.170424 -0.060240
v -0.230616 0.187797 -0.081730
v -0.216091 0.015721 -0.063173
v -0.209316 0.035361 -0.076443
v -0.213814 0.050107 -0.076779
v -0.230743 0.084416 -0.024368
v -0.217416 0.110575 -0.041907
v -0.223036 0.146834 -0.052575
v -0.221092 0.142541 -0.024136
v -0.214133 0.160291 -0.066659
v -0.229634 0.088855 -0.023136
v -0.207636 0.110976 -0.031628
v -0.219516 0.156288 -0.093430
v -0.220217 0.186861 -0.094803
v -0.205201 0.004944 -0.059097
v -0.199320 0.102226 -0.095884
v -0.203006 0.116737 -0.048197
v -0.210916 0.139075 -0.100061
v -0.202537 0.163820 -0.069025
v -0.213768 0.178677 -0.094503
v -0.207913 0.188768 -0.072409
v -0.205080 0.026725 -0.072513
v -0.201800 0.042559 -0.073006
v -0.209977 0.070704 -0.084500
v -0.214043 0.101121 -0.015685
v -0.199049 0.132254 -0.101647
v -0.217440 0.131970 -0.056374
v -0.207319 0.154985 -0.108461
v -0.188485 0.157839 -0.042510
v -0.213003 0.182316 -0.086764
v -0.217972 0.004078 -0.033421
v -0.203833 0.047710 -0.080667
v -0.202254 0.061239 -0.080431
v -0.194753 0.075697 -0.091281
v -0.217932 0.088600 -0.025254
v -0.198769 0.136534 -0.014488
v -0.213790 0.135357 -0.111918
v -0.214406 0.168045 -0.100152
v -0.197635 0.182787 -0.078710
v -0.214493 0.111896 -0.015368
v -0.206331 0.108340 -0.013504
v -0.203966 0.151257 -0.091740
v -0.212728 0.156079 -0.055700
v -0.199169 0.165569 -0.048403
v -0.211598 0.177125 -0.107117
v -0.204585 0.191927 -0.086935
v -0.200123 0.002890 -0.062437
v -0.193277 0.059728 -0.084666
v -0.211254 0.083020 -0.089010
v -0.193173 0.080304 -0.011275
v -0.200474 0.087445 -0.018459
v -0.200754 0.140365 -0.056040
v -0.192499 0.176955 -0.073521
v -0.194079 0.002097 -0.049015
v -0.181128 0.013332 -0.031381
v -0.181228 0.020215 -0.068084
v -0.197267 0.029205 -0.066956
v -0.184522 0.119910 -0.021196
v -0.202343 0.114822 -0.016068
v -0.190591 0.120597 -0.106754
v -0.177247 0.151730 -0.026770
v -0.194369 0.191176 -0.094459
v -0.193943 0.176943 -0.061442
v -0.186489 0.024683 -0.005384
v -0.193318 0.059502 -0.001733
v -0.180454 0.080633 -0.085806
v -0.201895 0.092247 -0.026263
v -0.184422 0.123482 -0.009644
v -0.190931 0.160969 -0.093805
v -0.179098 0.176907 -0.099603
v -0.182066 0.016482 -0.060667
v -0.178218 0.094251 -0.098122
v -0.179646 0.157230 -0.053110
v -0.181477 0.181940 -0.107903
v -0.167806 0.011531 -0.063547
v -0.163588 0.074948 -0.083336
v -0.167524 0.091935 -0.089708
v -0.190886 0.108088 -0.016574
v -0.183571 0.119494 -0.096830
v -0.219274 0.105092 0.001268
v -0.173276 0.139747 -0.112506
v -0.188082 0.161337 -0.056547
v -0.174125 0.171772 -0.099692
v -0.188790 0.174161 -0.110236
v -0.181258 0.182962 -0.095475
v -0.182891 0.097579 -0.027238
v -0.179249 0.116994 -0.015971
v -0.190449 0.110611 0.002823
v -0.175078 0.132012 -0.055323
v -0.178079 0.187205 -0.089162
v -0.162181 0.033419 -0.071812
v -0.167053 0.050870 -0.079525
v -0.171248 0.139960 -0.014012
v -0.162158 0.146350 -0.101374
v -0.175929 0.154490 -0.092915
v -0.173976 0.158751 -0.091973
v -0.176085 0.167959 -0.068836
v -0.177983 0.194481 -0.072516
v -0.175221 0.009405 -0.007277
v -0.171586 0.033247 -0.066806
v -0.171661 0.054689 -0.075410
v -0.156731 0.068445 -0.085852
v -0.152828 0.085878 -0.092703
v -0.165591 0.118125 -0.033691
v -0.154996 0.144600 -0.057161
v -0.171350 0.006035 -0.053937
v -0.157589 0.065205 -0.078983
v -0.160583 0.080365 -0.007897
v -0.172689 0.088913 -0.022503
v -0.151644 0.112962 -0.103995
v -0.158883 0.159956 -0.109865
v -0.161204 0.163239 -0.092549
v -0.167375 0.012711 -0.059047
v -0.153351 0.178012 -0.054317
v -0.162419 0.186699 -0.075715
v -0.164521 0.198446 -0.092848
v -0.150851 0.021082 -0.028517
v -0.154953 0.087153 -0.012884
v -0.170674 0.121902 -0.048907
v -0.155290 0.167885 -0.059031
v -0.158641 0.002990 -0.039398
v -0.150433 0.068933 -0.004296
v -0.153642 0.095232 -0.096273
v -0.155114 0.112802 -0.017740
v -0.144556 0.123913 -0.096927
v -0.149181 0.124941 -0.010698
v -0.150518 0.140838 -0.102447
v -0.152528 0.190027 -0.107445
v -0.150673 0.200505 -0.073227
v -0.158988 0.006973 -0.009653
v -0.180171 0.015030 -0.000510
v -0.150650 0.097958 -0.024825
v -0.151368 0.121249 -0.042511
v -0.157906 0.120574 -0.020650
v -0.176895 0.119829 -0.004796
v -0.152893 0.158128 -0.093200
v -0.140135 0.157945 -0.030066
v -0.138724 0.170430 -0.045194
v -0.142916 0.177467 -0.111987
v -0.146273 -0.001822 -0.054480
v -0.155804 0.009076 -0.020610
v -0.148313 0.011229 -0.053574
v -0.141971 0.026563 -0.067663
v -0.150858 0.020804 -0.060300
v -0.148305 0.052586 -0.071025
v -0.147963 0.032762 -0.063730
v -0.132195 0.051228 -0.076974
v -0.136612 0.111046 -0.096406
v -0.142283 0.144989 -0.113142
v -0.143629 0.151353 -0.016899
v -0.148424 0.162387 -0.053719
v -0.151829 0.190406 -0.093602
v -0.154547 0.191830 -0.082293
v -0.138110 0.008446 -0.034503
v -0.147705 0.012592 -0.017942
v -0.153499 0.018079 -0.005156
v -0.156562 0.033957 0.005352
v -0.135352 0.129210 -0.049511
v -0.135520 0.175642 -0.069985
v -0.128516 0.188729 -0.099481
v -0.124683 0.105893 -0.099378
v -0.141592 0.118456 -0.003032
v -0.131812 0.179630 -0.100702
v -0.144081 0.003829 -0.059166
v -0.145849 0.027520 -0.059826
v -0.144658 0.039702 0.002689
v -0.143523 0.068912 -0.078054
v -0.130385 0.092569 -0.087170
v -0.138785 0.107038 -0.018235
v -0.127234 0.123121 -0.022829
v -0.140679 0.203314 -0.093078
v -0.135127 0.012196 -0.010262
v -0.143967 0.016070 -0.053102
v -0.145881 0.021327 -0.034884
v -0.144879 0.032707 -0.022174
v -0.148717 0.057761 -0.022363
v -0.142467 0.056525 -0.059497
v -0.148289 0.046941 -0.044226
v -0.148779 0.057474 -0.009604
v -0.144514 0.053406 -0.044147
v -0.145314 0.062256 -0.026233
v -0.143604 0.066509 -0.063788
v -0.143943 0.066686 -0.007858
v -0.138321 0.085359 -0.008364
v -0.126595 0.082495 -0.083202
v -0.130516 0.166380 -0.091111
v -0.130083 0.172521 -0.054909
v -0.125949 0.190303 -0.075188
v -0.120775 0.197845 -0.084883
v -0.139691 -0.002492 -0.054224
v -0.133402 0.050484 -0.059047
v -0.125239 0.075680 -0.086190
v -0.130219 0.099447 -0.013941
v -0.125274 0.144173 -0.055302
v -0.136054 0.164284 -0.050264
v -0.121966 0.177258 -0.067960
v -0.130975 0.190092 -0.063408
v -0.118932 0.207720 -0.074368
v -0.128165 -0.000601 -0.036972
v -0.120170 0.018716 -0.062718
v -0.130318 0.043894 -0.044030
v -0.130823 0.049738 -0.031499
v -0.132307 0.066386 -0.009308
v -0.133647 0.062021 -0.021362
v -0.147915 0.102629 -0.009605
v -0.131609 0.110452 -0.009717
v -0.140758 0.113458 0.003129
v -0.126396 0.117413 -0.017309
v -0.130542 0.129076 -0.008932
v -0.127642 0.151159 -0.013046
v -0.124926 0.150791 -0.102464
v -0.114257 0.152595 -0.113348
v -0.095470 0.171442 -0.110112
v -0.123637 0.197165 -0.090815
v -0.123030 -0.001836 -0.054501
v -0.127756 0.004232 -0.018411
v -0.132889 0.022702 -0.035988
v -0.129153 0.014460 -0.049232
v -0.135369 0.018564 -0.052968
v -0.132540 0.028290 -0.054396
v -0.132159 0.035124 -0.038220
v -0.132361 0.032509 -0.027667
v -0.132326 0.035297 -0.022455
v -0.124339 0.070308 -0.066052
v -0.118460 0.086046 -0.007235
v -0.125889 0.126017 -0.036294
v -0.129175 0.117306 0.002898
v -0.130718 0.161094 -0.037459
v -0.126687 0.153506 -0.040066
v -0.122929 0.196877 -0.107112
v -0.121780 0.208912 -0.085303
v -0.127222 0.028121 -0.053591
v -0.127736 0.032446 -0.040608
v -0.129569 0.034418 -0.029678
v -0.124112 0.034132 -0.019215
v -0.123808 0.027137 -0.035517
v -0.129868 0.041057 -0.013581
v -0.107869 0.033329 -0.067164
v -0.125689 0.042873 -0.018608
v -0.116901 0.077295 -0.078234
v -0.115442 0.108913 -0.016954
v -0.107815 0.131885 -0.107731
v -0.126137 0.135058 -0.043214
v -0.124050 0.176814 -0.053782
v -0.107718 0.190418 -0.101375
v -0.118676 0.021479 0.004122
v -0.122417 0.019164 -0.037553
v -0.120911 0.025515 -0.046665
v -0.120592 0.028512 -0.014419
v -0.119109 0.032751 -0.009039
v -0.118752 0.054486 -0.049582
v -0.118518 0.048650 -0.042222
v -0.122269 0.057513 -0.027720
v -0.117057 0.091104 -0.091685
v -0.130274 0.098120 -0.002676
v -0.100078 0.124245 -0.031572
v -0.121113 0.130718 -0.003864
v -0.109109 0.138884 -0.099970
v -0.121027 0.135375 -0.011444
v -0.106480 0.154055 -0.102831
v -0.115457 0.199279 -0.068871
v -0.116608 0.008720 -0.032217
v -0.117045 0.018389 -0.009593
v -0.117108 0.029229 -0.040073
v -0.117970 0.058090 -0.062513
v -0.105072 0.108847 -0.098911
v -0.114436 0.100819 -0.089661
v -0.114269 0.116112 -0.010784
v -0.118154 0.136636 -0.039510
v -0.111280 0.143444 -0.019570
v -0.111563 0.154885 -0.033556
v -0.093418 0.186764 -0.113209
v -0.122656 0.191473 -0.069426
v -0.086928 0.204603 -0.107095
v -0.104311 0.200061 -0.093771
v -0.115573 0.008454 -0.035702
v -0.114799 0.018776 -0.031396
v -0.114918 0.018942 -0.042328
v -0.115333 0.022964 -0.021129
v -0.115297 0.028801 -0.024581
v -0.113873 0.031902 -0.021442
v -0.112606 0.045248 -0.017567
v -0.101225 0.050581 -0.028348
v -0.114905 0.070787 -0.014412
v -0.099904 0.061782 -0.025137
v -0.094912 0.089819 -0.083449
v -0.110880 0.105969 -0.007336
v -0.094071 0.118899 -0.021175
v -0.093104 0.123074 -0.096645
v -0.112857 0.131355 -0.009888
v -0.111198 0.169633 -0.091413
v -0.105345 0.194081 -0.075869
v -0.095400 0.024451 -0.062766
v -0.109762 0.004328 -0.027304
v -0.109994 0.006731 -0.015026
v -0.109347 0.018577 -0.009359
v -0.114332 0.031596 -0.048101
v -0.111975 0.021571 -0.005007
v -0.105608 0.027821 -0.038268
v -0.093155 0.047370 -0.072611
v -0.100605 0.044369 -0.012157
v -0.101189 0.045695 -0.045211
v -0.091749 0.076389 -0.074785
v -0.094796 0.071791 -0.083033
v -0.082690 0.156588 -0.113928
v -0.096853 0.213314 -0.090967
v -0.108765 0.013720 0.005355
v -0.105863 0.006255 -0.039249
v -0.091353 0.007824 -0.053337
v -0.098026 0.023003 -0.046132
v -0.104758 0.037631 -0.019169
v -0.089061 0.041365 -0.021244
v -0.093712 0.055192 -0.047684
v -0.080821 0.060123 -0.051624
v -0.087394 0.061084 -0.066741
v -0.089461 0.100067 -0.093739
v -0.102770 0.119655 -0.015354
v -0.112111 0.122572 -0.004352
v -0.084275 0.140231 -0.038627
v -0.092309 0.177780 -0.093079
v -0.085787 0.187994 -0.100513
v -0.100925 0.193925 -0.069148
v -0.099453 0.200730 -0.065819
v -0.086181 0.030191 -0.051313
v -0.101691 0.040209 -0.045609
v -0.101689 0.043536 -0.033574
v -0.098185 0.048838 -0.015893
v -0.077627 0.068448 -0.014820
v -0.093844 0.089048 -0.007595
v -0.097719 0.103905 -0.004080
v -0.082195 0.129290 -0.106597
v -0.092203 0.148728 -0.023882
v -0.080314 0.158330 -0.103093
v -0.097705 0.204148 -0.083955
v -0.080647 0.218225 -0.076913
v -0.076587 0.027701 -0.004003
v -0.091716 0.039402 -0.051181
v -0.096898 0.042444 -0.045359
v -0.098345 0.044445 -0.039889
v -0.098045 0.039606 -0.023769
v -0.095873 0.103178 -0.088800
v -0.091961 0.153734 -0.031085
v -0.068592 0.011979 -0.040071
v -0.089529 0.020635 -0.010240
v -0.091230 0.027547 -0.042381
v -0.093390 0.035550 -0.027089
v -0.075354 0.045885 -0.034830
v -0.090049 0.080208 -0.014024
v -0.076312 0.109911 -0.014222
v -0.081522 0.172532 -0.093388
v -0.081946 0.200250 -0.074473
v -0.072405 0.210459 -0.069340
v -0.079147 0.030634 -0.043073
v -0.089400 0.044731 -0.045905
v -0.086230 0.047108 -0.023078
v -0.071550 0.083370 -0.087502
v -0.078963 0.111443 -0.100220
v -0.062768 0.122164 -0.013094
v -0.082373 0.197866 -0.101351
v -0.081536 0.200449 -0.070501
v -0.081874 0.204532 -0.068398
v -0.068995 0.019453 -0.058702
v -0.088047 0.043254 -0.045940
v -0.077919 0.044081 -0.009258
v -0.086988 0.042415 -0.021105
v -0.080274 0.045891 -0.021554
v -0.073963 0.053516 -0.015695
v -0.078493 0.077347 -0.073069
v -0.080540 0.102828 -0.078651
v -0.080251 0.156891 -0.029640
v -0.070470 0.209970 -0.091124
v -0.076959 0.209220 -0.083097
v -0.061647 0.012669 -0.052753
v -0.070573 0.027754 -0.045893
v -0.077622 0.037522 -0.027611
v -0.079443 0.038723 -0.020607
v -0.082221 0.044316 -0.047394
v -0.084993 0.045737 -0.044565
v -0.080857 0.039911 -0.045904
v -0.075549 0.077854 -0.011478
v -0.078727 0.118905 -0.091022
v -0.065839 0.127336 -0.096784
v -0.068488 0.149832 -0.024570
v -0.065282 0.164198 -0.102192
v -0.065524 0.219382 -0.094308
v -0.079709 0.009783 -0.021913
v -0.074202 0.002857 -0.022879
v -0.073358 0.017563 -0.004732
v -0.073032 0.027439 -0.014488
v -0.072627 0.042728 -0.069126
v -0.077150 0.043109 -0.050448
v -0.070152 0.049624 -0.046177
v -0.071936 0.063465 -0.026597
v -0.064101 0.071121 -0.082552
v -0.066015 0.096213 -0.096242
v -0.067129 0.105899 -0.000542
v -0.061853 0.136848 -0.016868
v -0.063095 0.146233 -0.034400
v -0.083048 0.015368 -0.026156
v -0.066379 0.011587 -0.020645
v -0.068215 0.038497 -0.045540
v -0.059960 0.058307 -0.079113
v -0.061599 0.066978 -0.061809
v -0.068708 0.097526 -0.008911
v -0.062568 0.087440 -0.071998
v -0.076214 0.121528 -0.107242
v -0.070171 0.132125 -0.025685
v -0.037670 0.151894 -0.111520
v -0.042511 0.220917 -0.072309
v -0.067546 0.015952 -0.026683
v -0.063794 0.018462 -0.027263
v -0.074734 0.020416 -0.031071
v -0.068638 0.039335 -0.021914
v -0.057708 0.039285 -0.028866
v -0.057762 0.042342 -0.008844
v -0.061896 0.048848 -0.020701
v -0.066321 0.053886 -0.013155
v -0.065880 0.072155 -0.021941
v -0.068392 0.078826 -0.021436
v -0.072517 0.113587 -0.115163
v -0.054276 0.104876 -0.077921
v -0.058614 0.131558 -0.107288
v -0.063877 0.179284 -0.092165
v -0.057583 0.194436 -0.100788
v -0.062345 0.005767 -0.024556
v -0.049594 0.015330 -0.036211
v -0.059437 0.007181 -0.008213
v -0.065912 0.020807 -0.006983
v -0.064576 0.018610 -0.025465
v -0.056918 0.036115 -0.019769
v -0.056573 0.034807 -0.043936
v -0.058530 0.041148 -0.050215
v -0.060172 0.049905 -0.035966
v -0.061491 0.062781 -0.046560
v -0.058770 0.060239 -0.029432
v -0.065264 0.095906 -0.011598
v -0.067195 0.088844 -0.024860
v -0.061347 0.096273 -0.102808
v -0.060421 0.122420 -0.019659
v -0.056786 0.122383 -0.113792
v -0.059592 0.146287 -0.100168
v -0.044614 0.170292 -0.113250
v -0.051767 0.183543 -0.111084
v -0.058765 0.212902 -0.105411
v -0.065945 0.015351 -0.025585
v -0.057103 0.028623 -0.004321
v -0.060377 0.043452 -0.021404
v -0.048647 0.053203 -0.072807
v -0.044970 0.039013 -0.063834
v -0.058066 0.048763 -0.012986
v -0.058425 0.081111 -0.087312
v -0.058301 0.076810 -0.026384
v -0.060130 0.088191 -0.091621
v -0.060412 0.084084 -0.097619
v -0.055890 0.095241 -0.021684
v -0.056903 0.098840 -0.009549
v -0.057201 0.111051 -0.114061
v -0.060304 0.117330 -0.091991
v -0.053711 0.143021 -0.028064
v -0.040393 0.160205 -0.104425
v -0.051559 0.186381 -0.093411
v -0.040492 0.198620 -0.113374
v -0.038308 0.211050 -0.074626
v -0.052500 0.215499 -0.083502
v -0.056357 0.008034 -0.021590
v -0.055994 0.022168 -0.005738
v -0.046682 0.024644 -0.053772
v -0.057295 0.067680 -0.084488
v -0.056488 0.068094 -0.055160
v -0.057793 0.077143 -0.091967
v -0.055008 0.075468 -0.094826
v -0.057553 0.079514 -0.061853
v -0.050937 0.097707 -0.014184
v -0.039878 0.141137 -0.107983
v -0.052380 0.155692 -0.028510
v -0.041916 0.203413 -0.101874
v -0.041705 0.213424 -0.096981
v -0.041296 0.226559 -0.079721
v -0.052290 0.009339 -0.005071
v -0.051225 0.032539 -0.009836
v -0.056208 0.060480 -0.085103
v -0.053352 0.053443 -0.081167
v -0.055291 0.068580 -0.035219
v -0.053615 0.083845 -0.031822
v -0.047833 0.078111 -0.093906
v -0.050858 0.092419 -0.091902
v -0.052765 0.081226 -0.087626
v -0.051406 0.088013 -0.040488
v -0.052094 0.097596 -0.072384
v -0.055888 0.098036 -0.055475
v -0.053667 0.090026 -0.096978
v -0.055060 0.100326 -0.098445
v -0.054068 0.108659 -0.061850
v -0.049499 0.093369 -0.034465
v -0.059262 0.104179 -0.036581
v -0.052198 0.100423 -0.045503
v -0.049714 0.095432 -0.027251
v -0.053932 0.102894 -0.020361
v -0.049588 0.099254 -0.052589
v -0.043957 0.113233 -0.013301
v -0.036730 0.102547 -0.005613
v -0.052555 0.124480 -0.105003
v -0.054963 0.120352 -0.029674
v -0.051571 0.122687 -0.037678
v -0.048420 0.121497 -0.097670
v -0.045899 0.143122 -0.100828
v -0.049302 0.152519 -0.033765
v -0.036801 0.212644 -0.069481
v -0.042993 0.063806 -0.087839
v -0.049745 0.044330 -0.077041
v -0.047098 0.092346 -0.029442
v -0.044609 0.109555 -0.088792
v -0.050062 0.117744 -0.074622
v -0.042997 0.111859 -0.017373
v -0.047953 0.117872 -0.097700
v -0.034126 0.119336 -0.009373
v -0.040986 0.128758 -0.104148
v -0.033789 0.167073 -0.103681
v -0.036376 0.224948 -0.095802
v -0.044461 0.036408 -0.076292
v -0.040321 0.041818 -0.069761
v -0.034969 0.054627 -0.082018
v -0.035102 0.085847 -0.084262
v -0.043891 0.078685 -0.081009
v -0.045627 0.082331 -0.048198
v -0.039074 0.111153 -0.094234
v -0.043122 0.110977 -0.078591
v -0.035470 0.111486 -0.067931
v -0.042583 0.120482 -0.073737
v -0.043017 0.120164 -0.095243
v -0.041448 0.118545 -0.037821
v -0.038797 0.117841 -0.019453
v -0.033355 0.133100 -0.022374
v -0.026564 0.145674 -0.025326
v -0.034999 0.182922 -0.093711
v -0.040697 0.015912 -0.027487
v -0.041340 0.013547 -0.062394
v -0.036691 0.022656 -0.061270
v -0.040905 0.018993 -0.067138
v -0.041209 0.045294 -0.049187
v -0.033980 0.053657 -0.076405
v -0.041001 0.058639 -0.060218
v -0.041477 0.063393 -0.076792
v -0.039780 0.067147 -0.083659
v -0.044414 0.088108 -0.074627
v -0.037799 0.077542 -0.066864
v -0.041712 0.084904 -0.067947
v -0.037943 0.084589 -0.079725
v -0.037203 0.065946 -0.035148
v -0.040470 0.100135 -0.080035
v -0.037976 0.083678 -0.060684
v -0.031782 0.094457 -0.007705
v -0.035865 0.109427 -0.029158
v -0.034117 0.123746 -0.099715
v -0.040929 0.129234 -0.042194
v -0.045916 0.124560 -0.030562
v -0.029442 0.146584 -0.019568
v -0.040034 0.155732 -0.034723
v -0.025027 0.160145 -0.028679
v -0.030831 0.200123 -0.101004
v -0.030558 0.221314 -0.085297
v -0.036793 0.008490 -0.022873
v -0.036609 0.028694 -0.045741
v -0.028363 0.063085 -0.064399
v -0.036456 0.070248 -0.079272
v -0.036701 0.074381 -0.057607
v -0.033408 0.075769 -0.072930
v -0.033369 0.073261 -0.023595
v -0.029053 0.077748 -0.007009
v -0.042216 0.087156 0.001271
v -0.045187 0.077852 -0.010470
v -0.034961 0.091045 -0.020203
v -0.035473 0.090775 -0.076893
v -0.037131 0.094640 -0.076112
v -0.035667 0.110593 -0.016386
v -0.016234 0.102147 -0.013845
v -0.026320 0.114480 -0.013175
v -0.035467 0.123138 -0.081851
v -0.025317 0.119074 -0.019599
v -0.030828 0.115381 -0.087117
v -0.030225 0.135833 -0.086375
v -0.001883 0.192151 -0.111084
v -0.011373 0.220331 -0.107971
v -0.032858 0.009435 -0.058784
v -0.027229 0.013370 -0.045324
v -0.025502 0.027144 -0.070834
v -0.029629 0.048237 -0.058625
v -0.042856 0.063571 -0.007270
v -0.028866 0.084938 -0.072473
v -0.030679 0.094144 -0.078830
v -0.026529 0.090100 -0.062829
v -0.022152 0.097738 -0.075830
v -0.020148 0.109461 -0.077094
v -0.028864 0.103925 -0.059191
v -0.023877 0.115220 -0.018517
v -0.025696 0.131783 -0.082623
v -0.028596 0.132852 -0.078931
v -0.025707 0.135944 -0.098786
v -0.025212 0.138881 -0.040881
v -0.025508 0.135984 -0.044794
v -0.025777 0.156015 -0.034799
v -0.026632 0.160951 -0.033989
v -0.012778 0.197089 -0.096093
v -0.028207 -0.000286 -0.020648
v -0.028502 0.041195 -0.073183
v -0.020696 0.069611 -0.049571
v -0.018808 0.068874 -0.038389
v -0.026840 0.082047 -0.074863
v -0.023633 0.081406 -0.020524
v -0.021136 0.091304 -0.074955
v -0.015484 0.083308 -0.081419
v -0.005909 0.105456 -0.082698
v -0.025493 0.117394 -0.033073
v -0.016614 0.105937 -0.029139
v -0.024160 0.121513 -0.082106
v -0.020687 0.133771 -0.032391
v -0.016302 0.152610 -0.094695
v -0.024570 0.160656 -0.103261
v -0.003118 0.179190 -0.114495
v -0.019746 0.180120 -0.099731
v -0.011612 0.216110 -0.074844
v -0.016900 0.215749 -0.069744
v -0.018198 0.232915 -0.083986
v -0.011212 0.232055 -0.077856
v -0.018932 0.032849 -0.052967
v -0.008676 0.069124 -0.073243
v -0.019063 0.093418 -0.019965
v -0.009071 0.099965 -0.008453
v -0.003283 0.123977 -0.072226
v -0.013662 0.121878 -0.025245
v -0.013441 0.126376 -0.089057
v -0.019845 0.142101 -0.100165
v -0.010712 0.153445 -0.102775
v -0.008524 0.148854 -0.019587
v -0.001606 0.190980 -0.095901
v -0.014366 0.208897 -0.101868
v -0.016330 0.218647 -0.094566
v -0.012225 0.222929 -0.082980
v -0.011206 0.227383 -0.101018
v -0.014775 0.090498 -0.060118
v -0.012109 0.083369 -0.011967
v -0.016085 0.093366 -0.006963
v -0.016374 0.089035 -0.073838
v -0.012893 0.105323 -0.062065
v -0.006971 0.109370 -0.006706
v -0.012917 0.131933 -0.039774
v -0.003960 0.123280 -0.019200
v -0.010530 0.129265 -0.100376
v 0.004930 0.164466 -0.112844
v 0.014572 0.209686 -0.114098
v -0.006066 0.014557 -0.044241
v -0.015620 0.065851 -0.060492
v -0.016924 0.095175 -0.074108
v -0.018013 0.094484 -0.077264
v -0.009323 0.095901 -0.079131
v 0.000438 0.098604 -0.086547
v -0.009344 0.099557 -0.074535
v -0.004522 0.133738 -0.082560
v -0.006019 0.137803 -0.079059
v -0.009303 0.141105 -0.042562
v 0.005453 0.156640 -0.029068
v -0.009964 0.160236 -0.035508
v 0.001234 0.176667 -0.106583
v -0.008266 0.044192 -0.050217
v -0.007409 0.069568 -0.045063
v 0.004845 0.074274 -0.050655
v -0.005635 0.054382 -0.000422
v -0.011615 0.091915 -0.075180
v -0.000170 0.120210 -0.094109
v 0.000884 0.125289 -0.033144
v 0.002966 0.124874 -0.009181
v -0.006676 0.140099 -0.101235
v 0.013777 0.150833 -0.093285
v 0.002950 0.199344 -0.094928
v 0.001103 0.219479 -0.099912
v 0.009265 0.075051 -0.076040
v -0.003832 0.079631 -0.024435
v -0.000512 0.087815 -0.074961
v -0.006140 0.089035 -0.073188
v -0.001713 0.101333 -0.072469
v 0.001539 0.118420 -0.021980
v 0.006807 0.157294 -0.021782
v 0.004501 0.170298 -0.107410
v -0.001751 0.167058 -0.033076
v 0.014506 0.217993 -0.069939
v 0.012133 0.226021 -0.068950
v 0.005241 0.069218 -0.061086
v 0.007745 0.101346 -0.079588
v 0.004445 0.100202 -0.022588
v 0.012920 0.123916 -0.080964
v 0.015169 0.130645 -0.019878
v 0.000394 0.142523 -0.036712
v 0.030932 0.149675 -0.023776
v 0.016423 0.155347 -0.107416
v 0.002135 0.158468 -0.103837
v 0.015328 0.164664 -0.035676
v 0.007917 0.213891 -0.102140
v 0.014900 0.230747 -0.088984
v 0.006942 0.028454 -0.048159
v 0.022977 0.078643 -0.045251
v 0.009463 0.089539 -0.021430
v 0.005719 0.096407 -0.059454
v 0.015999 0.112196 -0.064085
v 0.014540 0.139161 -0.029697
v -0.000392 0.142453 -0.043615
v 0.012965 0.239408 -0.085548
v 0.015342 0.077650 -0.037826
v 0.018262 0.085511 -0.025231
v 0.014464 0.091811 -0.072679
v 0.012510 0.096104 -0.009040
v 0.012553 0.105633 -0.011493
v 0.019979 0.116258 -0.092264
v 0.014079 0.113612 -0.029213
v 0.019083 0.131790 -0.099556
v 0.007299 0.143005 -0.042068
v 0.026155 0.137173 -0.091944
v 0.015328 0.148242 -0.018242
v 0.012635 0.052448 -0.057215
v 0.014796 0.088589 -0.074591
v 0.010870 0.078534 -0.004177
v 0.013600 0.106064 -0.071439
v 0.017637 0.137986 -0.081888
v 0.022064 0.171820 -0.034240
v 0.031562 0.184479 -0.107005
v 0.021345 0.220785 -0.074434
v 0.029886 0.232070 -0.106593
v 0.019191 0.117414 -0.007088
v 0.028030 0.112017 -0.082601
v 0.028412 0.130090 -0.072465
v 0.035062 0.142562 -0.100557
v 0.032501 0.142019 -0.078762
v 0.026199 0.238279 -0.075893
v 0.034220 0.021145 -0.047404
v 0.025879 0.077525 -0.063099
v 0.017403 0.099422 -0.078626
v 0.019912 0.115839 -0.019468
v 0.028300 0.111562 -0.007476
v 0.027261 0.127702 -0.081016
v 0.025000 0.144952 -0.039327
v 0.043343 0.187134 -0.114481
v 0.029412 0.209309 -0.097019
v 0.034772 0.221399 -0.102888
v 0.039762 0.088151 -0.079440
v 0.037256 0.099391 -0.057689
v 0.032320 0.102656 -0.085950
v 0.035096 0.109489 -0.013394
v 0.033221 0.125170 -0.088279
v 0.033750 0.126219 -0.031226
v 0.019377 0.126281 -0.007966
v 0.034309 0.178447 -0.108653
v 0.024436 0.198356 -0.095345
v 0.030079 0.011717 -0.043875
v 0.031786 0.075684 -0.003645
v 0.029256 0.092148 -0.024065
v 0.029378 0.096058 -0.071166
v 0.030831 0.099496 -0.021324
v 0.028756 0.110503 -0.071507
v 0.045346 0.126524 -0.093671
v 0.024180 0.126110 -0.008838
v 0.024831 0.125444 -0.005117
v 0.029244 0.131420 -0.008475
v 0.041770 0.132456 -0.025244
v 0.025547 0.229216 -0.070472
v 0.039829 0.230103 -0.097522
v 0.034612 0.050561 -0.055189
v 0.043976 0.081956 -0.074382
v 0.037850 0.084880 -0.048513
v 0.041446 0.095627 -0.074856
v 0.041851 0.104598 -0.078198
v 0.044320 0.101988 -0.010007
v 0.021018 0.106729 0.003109
v 0.028850 0.126002 -0.007629
v 0.031209 0.131738 -0.014013
v 0.030714 0.126596 -0.004329
v 0.050596 0.135656 -0.072839
v 0.037818 0.140703 -0.037546
v 0.035924 0.150964 -0.018165
v 0.043641 0.154961 -0.094605
v 0.053037 0.169120 -0.104386
v 0.037900 0.173451 -0.030231
v 0.036421 0.230477 -0.075960
v 0.038967 0.234069 -0.084576
v 0.036634 0.243459 -0.090430
v 0.046909 0.246187 -0.081389
v 0.038109 0.081212 -0.065195
v 0.040482 0.101254 -0.067195
v 0.057583 0.114328 -0.088890
v 0.041095 0.131994 -0.080534
v 0.035922 0.146588 -0.033991
v 0.045681 0.158254 -0.025783
v 0.040776 0.200634 -0.097583
v 0.036603 0.233297 -0.072467
v 0.046859 0.243340 -0.076123
v 0.055160 0.009373 -0.043630
v 0.046476 0.093549 -0.027509
v 0.049670 0.108480 -0.003939
v 0.047187 0.120064 -0.005090
v 0.054964 0.202210 -0.110496
v 0.051780 0.221058 -0.113782
v 0.065496 0.016248 -0.044352
v 0.050971 0.064574 -0.059122
v 0.046987 0.096680 -0.067628
v 0.050192 0.074959 -0.000605
v 0.049050 0.101195 -0.022412
v 0.056230 0.115894 -0.017956
v 0.049353 0.122592 -0.073767
v 0.044474 0.130846 -0.006099
v 0.062625 0.137531 -0.099721
v 0.049339 0.133150 -0.008244
v 0.048520 0.137577 -0.007521
v 0.047860 0.136887 -0.079004
v 0.050544 0.170577 -0.035136
v 0.049418 0.169707 -0.024989
v 0.059720 0.173120 -0.112237
v 0.050207 0.189385 -0.103617
v 0.042513 0.216210 -0.097909
v 0.041165 0.219058 -0.060245
v 0.042161 0.223285 -0.079867
v 0.058764 0.029951 -0.049439
v 0.060110 0.119903 -0.082896
v 0.052843 0.112632 -0.009510
v 0.053478 0.130143 -0.032836
v 0.054916 0.141724 -0.036826
v 0.064456 0.149554 -0.020910
v 0.044129 0.206533 -0.086431
v 0.046774 0.198588 -0.060064
v 0.042402 0.209735 -0.034977
v 0.041316 0.224241 -0.022613
v 0.042268 0.209659 -0.027426
v 0.048130 0.227265 -0.087151
v 0.044358 0.219183 -0.046444
v 0.039452 0.227934 -0.005908
v 0.046743 0.211283 -0.001486
v 0.043790 0.233612 -0.011587
v 0.052437 0.085395 -0.066460
v 0.055930 0.083532 -0.060011
v 0.056633 0.100156 -0.057331
v 0.053456 0.108126 -0.010414
v 0.055044 0.122764 -0.064191
v 0.056376 0.110197 -0.012713
v 0.056248 0.117534 -0.030130
v 0.050123 0.132381 -0.078103
v 0.065850 0.137142 -0.090936
v 0.053627 0.144833 -0.033620
v 0.063707 0.154313 -0.101246
v 0.075137 0.160470 -0.019284
v 0.054474 0.176237 -0.035786
v 0.059028 0.185042 -0.105653
v 0.048347 0.189922 -0.084271
v 0.052381 0.203293 -0.029062
v 0.051068 0.222588 -0.028286
v 0.049898 0.214582 -0.056515
v 0.049250 0.221383 -0.069364
v 0.051329 0.238465 -0.078443
v 0.058520 0.239009 -0.105746
v 0.067786 0.251884 -0.082662
v 0.064103 0.096537 -0.049662
v 0.074065 0.096211 -0.080259
v 0.061400 0.100887 -0.028662
v 0.062501 0.078734 -0.009056
v 0.055592 0.104391 -0.014086
v 0.060201 0.124344 -0.070688
v 0.056325 0.131941 -0.075018
v 0.071454 0.135487 0.000420
v 0.067845 0.156676 -0.092066
v 0.054167 0.194384 -0.066930
v 0.057384 0.200477 -0.068108
v 0.051232 0.199224 -0.081114
v 0.051829 0.199134 -0.089052
v 0.048557 0.220600 -0.086634
v 0.049121 0.233270 -0.090153
v 0.055018 0.220073 -0.012952
v 0.048914 0.231750 0.000488
v 0.071761 0.091575 -0.061462
v 0.067519 0.099565 -0.069239
v 0.060675 0.106127 -0.064919
v 0.060932 0.111084 -0.011118
v 0.058434 0.114532 -0.010991
v 0.063356 0.123624 -0.063883
v 0.063070 0.128889 -0.004968
v 0.064696 0.137543 -0.030628
v 0.067592 0.184297 -0.032237
v 0.069522 0.191142 -0.113316
v 0.061851 0.185699 -0.090900
v 0.056013 0.195510 -0.094610
v 0.056222 0.195362 -0.082962
v 0.056470 0.210963 -0.013500
v 0.059672 0.209632 -0.055747
v 0.055530 0.217450 -0.091431
v 0.067428 0.245555 -0.099777
v 0.065723 0.050910 -0.048455
v 0.070530 0.030170 -0.043126
v 0.071357 0.088438 -0.074480
v 0.061474 0.124073 -0.055018
v 0.068133 0.119072 -0.022294
v 0.063010 0.133329 -0.036769
v 0.073467 0.137240 -0.007669
v 0.075792 0.193156 -0.080657
v 0.072587 0.200937 -0.062533
v 0.067441 0.204037 -0.046173
v 0.066496 0.194930 -0.095239
v 0.068079 0.207820 -0.089249
v 0.065387 0.209257 -0.044250
v 0.059806 0.222404 -0.067953
v 0.055035 0.225669 -0.074325
v 0.065148 0.216866 -0.072357
v 0.059806 0.230735 -0.076529
v 0.060678 0.227826 -0.100406
v 0.067807 0.086394 -0.057497
v 0.082774 0.105139 -0.075841
v 0.066598 0.103240 -0.062528
v 0.063305 0.128853 -0.042834
v 0.076932 0.128328 -0.093087
v 0.065321 0.129060 -0.052224
v 0.072152 0.160278 -0.028985
v 0.083824 0.167702 -0.023036
v 0.078104 0.171234 -0.104026
v 0.072424 0.183586 -0.038007
v 0.077068 0.200624 -0.078782
v 0.077662 0.220550 -0.114144
v 0.068342 0.213666 -0.065774
v 0.082418 0.217215 -0.090908
v 0.079477 0.233345 -0.113169
v 0.067212 0.239071 -0.093826
v 0.074153 0.247248 -0.077557
v 0.080072 0.079781 -0.009479
v 0.073869 0.105804 -0.018965
v 0.068927 0.125155 -0.050332
v 0.074952 0.102295 -0.053890
v 0.079649 0.128263 -0.007193
v 0.072345 0.117698 -0.030120
v 0.086479 0.167950 -0.108068
v 0.077035 0.187819 -0.107002
v 0.087028 0.180090 -0.113230
v 0.079139 0.213595 -0.055885
v 0.079194 0.207718 -0.112980
v 0.083944 0.220361 -0.063278
v 0.085243 0.230066 -0.101167
v 0.075662 0.234195 -0.073534
v 0.068942 0.231707 -0.077953
v 0.082153 0.059474 -0.051441
v 0.081379 0.110122 -0.022335
v 0.076080 0.111559 -0.037061
v 0.080734 0.146632 -0.103317
v 0.080053 0.187910 -0.097716
v 0.080390 0.190653 -0.032660
v 0.074679 0.193347 -0.102943
v 0.078408 0.193293 -0.097026
v 0.079565 0.201025 -0.100008
v 0.086186 0.206960 -0.071072
v 0.077944 0.207983 -0.042806
v 0.081673 0.234967 -0.100678
v 0.082028 0.254732 -0.077719
v 0.088296 0.039796 -0.045619
v 0.095082 0.020055 -0.040085
v 0.081314 0.074888 -0.051035
v 0.076029 0.092661 -0.052385
v 0.078908 0.099888 -0.052241
v 0.077492 0.101775 -0.046643
v 0.104310 0.111810 -0.083860
v 0.081505 0.190408 -0.111189
v 0.098587 0.245883 -0.108399
v 0.093186 0.246343 -0.090407
v 0.089042 0.253235 -0.093214
v 0.085251 0.052923 -0.048682
v 0.076586 0.103805 -0.035733
v 0.080903 0.085643 -0.018460
v 0.086540 0.095947 -0.058172
v 0.089064 0.104457 -0.068037
v 0.080724 0.104263 -0.050509
v 0.084504 0.114954 -0.039695
v 0.071054 0.119727 0.004519
v 0.094098 0.122843 -0.080658
v 0.085846 0.123698 -0.024585
v 0.103056 0.141830 -0.087287
v 0.093081 0.134113 -0.005870
v 0.101060 0.152675 -0.100305
v 0.088565 0.147721 -0.093546
v 0.095382 0.162564 -0.026166
v 0.087962 0.178744 -0.102250
v 0.083764 0.193435 -0.038180
v 0.083384 0.196968 -0.107425
v 0.087554 0.206835 -0.056900
v 0.081383 0.217027 -0.042114
v 0.083308 0.236806 -0.074553
v 0.093977 0.233312 -0.076781
v 0.104156 0.242980 -0.099205
v 0.085937 0.059932 -0.044259
v 0.093361 0.093287 -0.072811
v 0.086631 0.101839 -0.044661
v 0.091778 0.124301 0.002509
v 0.094283 0.163927 -0.096495
v 0.092443 0.178430 -0.034359
v 0.090301 0.196917 -0.093796
v 0.094090 0.195325 -0.086605
v 0.087332 0.200447 -0.035432
v 0.094054 0.181957 -0.018655
v 0.095838 0.209614 -0.111528
v 0.094988 0.208666 -0.090051
v 0.086802 0.211103 -0.032299
v 0.090303 0.208393 -0.036168
v 0.087936 0.250908 -0.077571
v 0.093730 0.045856 -0.020378
v 0.087858 0.064618 -0.006129
v 0.110103 0.100315 -0.079182
v 0.113434 0.111722 -0.075708
v 0.099014 0.117972 -0.043339
v 0.095752 0.164613 -0.015839
v 0.092550 0.186785 -0.100431
v 0.094672 0.194649 -0.107380
v 0.091305 0.201216 -0.024441
v 0.097010 0.204332 -0.082895
v 0.097035 0.213700 -0.040074
v 0.095623 0.214052 -0.061567
v 0.097116 0.220673 -0.043718
v 0.106907 0.238015 -0.113295
v 0.106878 0.243577 -0.075182
v 0.096736 0.031608 -0.040220
v 0.094339 0.039042 -0.039957
v 0.094621 0.050491 -0.001464
v 0.099565 0.153491 -0.013572
v 0.101311 0.153750 -0.007733
v 0.098543 0.186800 -0.025221
v 0.100650 0.200354 -0.107555
v 0.097286 0.201320 -0.096668
v 0.106884 0.204754 -0.072924
v 0.113916 0.218727 -0.032386
v 0.114314 0.215988 -0.113580
v 0.095535 0.227204 -0.064588
v 0.096262 0.258074 -0.075575
v 0.105445 0.255071 -0.075609
v 0.101182 0.023889 -0.037068
v 0.098705 0.033618 -0.022679
v 0.108090 0.108954 -0.039707
v 0.098262 0.186508 -0.111895
v 0.101336 0.183391 -0.105060
v 0.104699 0.193186 -0.103017
v 0.109616 0.212345 -0.054495
v 0.115544 0.216538 -0.089203
v 0.112646 0.227479 -0.093391
v 0.103663 0.222988 -0.068305
v 0.102494 0.227652 -0.063995
v 0.106643 0.236230 -0.101521
v 0.103847 0.255374 -0.094837
v 0.103594 0.032113 0.002022
v 0.120792 0.099935 -0.068009
v 0.117089 0.118013 -0.025845
v 0.126193 0.125301 -0.087499
v 0.109022 0.147626 -0.009148
v 0.112604 0.137224 -0.008038
v 0.102645 0.172224 -0.011457
v 0.111643 0.162921 -0.097662
v 0.113538 0.185403 -0.014751
v 0.104255 0.188100 -0.022994
v 0.112280 0.217113 -0.041333
v 0.107233 0.011077 -0.033396
v 0.108106 0.017665 -0.009976
v 0.114897 0.109451 -0.068888
v 0.115950 0.124823 -0.011495
v 0.106267 0.129936 0.005185
v 0.111480 0.128099 -0.081606
v 0.113947 0.129521 -0.023389
v 0.107247 0.173869 -0.017570
v 0.115950 0.172841 -0.107536
v 0.128428 0.181520 -0.105281
v 0.115199 0.197664 -0.092206
v 0.113649 0.209876 -0.031886
v 0.106992 0.205664 -0.088573
v 0.114286 0.215113 -0.067965
v 0.118801 0.225152 -0.067926
v 0.114471 0.265147 -0.074176
v 0.116599 0.123005 -0.041402
v 0.110866 0.140151 -0.082281
v 0.109825 0.146725 -0.086244
v 0.120344 0.151825 -0.097593
v 0.112280 0.164109 -0.017155
v 0.140015 0.174550 -0.100871
v 0.118244 0.210408 -0.078504
v 0.123142 0.219932 -0.061475
v 0.138830 0.233554 -0.115017
v 0.119019 0.240731 -0.076199
v 0.120878 0.256095 -0.081494
v 0.131680 0.131924 -0.088622
v 0.116461 0.148649 -0.083319
v 0.115219 0.153988 -0.065029
v 0.111934 0.154968 -0.055085
v 0.112833 0.143944 -0.040492
v 0.110666 0.158175 -0.032576
v 0.115081 0.136307 -0.021922
v 0.125450 0.161369 -0.102179
v 0.112722 0.164677 -0.031646
v 0.113916 0.159226 -0.005391
v 0.122173 0.173220 -0.010138
v 0.122489 0.201398 -0.021936
v 0.137859 0.197621 -0.025881
v 0.127524 0.208840 -0.094288
v 0.124162 0.225728 -0.044008
v 0.119966 0.229770 -0.063507
v 0.122022 0.244752 -0.069816
v 0.119313 0.248326 -0.111186
v 0.121065 0.260052 -0.091164
v 0.121913 0.253954 -0.075202
v 0.119565 0.005421 0.012446
v 0.143812 0.106033 -0.065341
v 0.119130 0.115374 -0.070718
v 0.117442 0.163824 -0.033273
v 0.120682 0.161765 -0.015338
v 0.141098 0.179395 -0.017446
v 0.131975 0.193076 -0.113577
v 0.141687 0.194280 -0.107845
v 0.129502 0.200436 -0.102394
v 0.126818 0.205856 -0.110040
v 0.130188 0.203758 -0.087255
v 0.130448 0.209951 -0.074389
v 0.127373 0.242327 -0.100934
v 0.127096 0.250160 -0.076218
v 0.121768 0.263497 -0.074813
v 0.120506 0.268153 -0.077198
v 0.117843 0.297647 -0.085836
v 0.121283 0.304923 -0.083175
v 0.118137 0.313327 -0.091019
v 0.136554 0.103855 -0.074802
v 0.129916 0.109201 -0.086142
v 0.122630 0.142270 -0.083499
v 0.124592 0.151271 -0.092076
v 0.123060 0.148896 -0.061647
v 0.122073 0.158587 -0.034666
v 0.122823 0.163576 -0.012758
v 0.140405 0.179914 -0.107955
v 0.147812 0.220722 -0.111977
v 0.131553 0.251798 -0.092759
v 0.123294 0.254597 -0.114155
v 0.123520 0.283250 -0.116864
v 0.118929 0.284945 -0.137654
v 0.121415 0.278164 -0.138710
v 0.125526 0.283379 -0.088798
v 0.118000 0.286290 -0.119568
v 0.127359 0.293484 -0.091141
v 0.118805 0.291635 -0.100287
v 0.125085 0.296208 -0.126539
v 0.121505 0.304211 -0.099981
v 0.119484 0.319406 -0.098273
v 0.129008 0.124173 -0.076174
v 0.128444 0.130617 -0.044074
v 0.126348 0.144064 -0.014976
v 0.129259 0.149360 -0.008010
v 0.148789 0.184011 -0.013450
v 0.137238 0.203440 -0.095112
v 0.139076 0.211912 -0.109054
v 0.147373 0.208690 -0.023710
v 0.135725 0.217097 -0.059084
v 0.137884 0.214990 -0.032794
v 0.143813 0.225459 -0.087879
v 0.130313 0.227351 -0.067112
v 0.135041 0.251885 -0.069942
v 0.135975 0.269483 -0.079071
v 0.129765 0.258226 -0.075278
v 0.122549 0.268839 -0.110870
v 0.124196 0.262465 -0.126393
v 0.128631 0.283454 -0.082186
v 0.126066 0.288693 -0.144745
v 0.133418 0.287714 -0.087499
v 0.134260 0.301533 -0.145242
v 0.128460 0.301861 -0.136716
v 0.127648 0.304519 -0.116409
v 0.126980 0.308681 -0.102507
v 0.142629 0.132144 -0.007174
v 0.114791 0.133344 0.006001
v 0.130541 0.135996 -0.084702
v 0.130489 0.128488 -0.040379
v 0.130731 0.139892 -0.013322
v 0.163856 0.168274 -0.011234
v 0.150126 0.194564 -0.113476
v 0.133309 0.218628 -0.070199
v 0.142481 0.216243 -0.078897
v 0.140219 0.222297 -0.045422
v 0.136866 0.227248 -0.045107
v 0.139290 0.233312 -0.062892
v 0.134689 0.240724 -0.074813
v 0.141243 0.245940 -0.066580
v 0.136700 0.254431 -0.126343
v 0.136288 0.245768 -0.117613
v 0.148906 0.270252 -0.126374
v 0.139612 0.278156 -0.101734
v 0.137073 0.284303 -0.140610
v 0.133440 0.278066 -0.135403
v 0.139172 0.300897 -0.085429
v 0.143094 0.306277 -0.083830
v 0.133772 0.322367 -0.092455
v 0.134240 0.319592 -0.099889
v 0.139553 0.120906 -0.087744
v 0.134658 0.117490 -0.069918
v 0.143618 0.125869 -0.023964
v 0.155584 0.149756 -0.007088
v 0.155893 0.168183 -0.096661
v 0.142325 0.211535 -0.095142
v 0.145641 0.222448 -0.039559
v 0.144582 0.224288 -0.067561
v 0.143350 0.238630 -0.092349
v 0.139471 0.227681 -0.076742
v 0.137095 0.254054 -0.093758
v 0.144404 0.260401 -0.130474
v 0.154234 0.293331 -0.110673
v 0.140815 0.292459 -0.127529
v 0.143143 0.301768 -0.107407
v 0.139506 0.307988 -0.099115
v 0.155102 0.116361 -0.049145
v 0.148890 0.117719 -0.072786
v 0.145166 0.128253 -0.048041
v 0.141339 0.144433 -0.010561
v 0.146634 0.153233 -0.097023
v 0.154842 0.167147 -0.101680
v 0.151742 0.150464 -0.089432
v 0.154963 0.170827 -0.007857
v 0.157325 0.194138 -0.017182
v 0.145530 0.224202 -0.032426
v 0.141131 0.236096 -0.086904
v 0.142552 0.242968 -0.083806
v 0.140350 0.250488 -0.073759
v 0.147194 0.244720 -0.074215
v 0.145377 0.281242 -0.135913
v 0.157381 0.296397 -0.143811
v 0.156251 0.303684 -0.139630
v 0.156566 0.310941 -0.084564
v 0.142953 0.108538 -0.083657
v 0.154478 0.142394 -0.091467
v 0.129265 0.155113 -0.001690
v 0.150420 0.205146 -0.102540
v 0.153819 0.215254 -0.093297
v 0.157054 0.214310 -0.079184
v 0.159217 0.219673 -0.081734
v 0.147977 0.226674 -0.065017
v 0.142526 0.227399 -0.066970
v 0.136532 0.237627 -0.133358
v 0.146758 0.236314 -0.062498
v 0.147519 0.253426 -0.139942
v 0.153798 0.257858 -0.081010
v 0.153056 0.266276 -0.082485
v 0.154394 0.272573 -0.076675
v 0.149966 0.282818 -0.130845
v 0.152187 0.298683 -0.092103
v 0.150587 0.114413 -0.080446
v 0.181558 0.187831 -0.103370
v 0.167674 0.182999 -0.107477
v 0.170441 0.201567 -0.109052
v 0.152716 0.207059 -0.092327
v 0.162508 0.218061 -0.112885
v 0.160150 0.220682 -0.034253
v 0.158305 0.224719 -0.083437
v 0.160253 0.228141 -0.059532
v 0.151141 0.226625 -0.131330
v 0.153299 0.247345 -0.140121
v 0.148941 0.265205 -0.073939
v 0.152511 0.318101 -0.094033
v 0.156715 0.108839 -0.069054
v 0.175192 0.114274 -0.064326
v 0.149881 0.126196 -0.084851
v 0.168092 0.123075 -0.068359
v 0.172235 0.124374 -0.073850
v 0.174121 0.135108 -0.046409
v 0.164932 0.157839 -0.006719
v 0.163847 0.204892 -0.027367
v 0.167256 0.220530 -0.027432
v 0.151383 0.227137 -0.071053
v 0.152331 0.225730 -0.067571
v 0.162513 0.232645 -0.044703
v 0.167081 0.229766 -0.033120
v 0.160167 0.239957 -0.061739
v 0.158344 0.258819 -0.067518
v 0.174713 0.289213 -0.082118
v 0.164026 0.292215 -0.087532
v 0.162130 0.311915 -0.096476
v 0.169012 0.114892 -0.075838
v 0.165118 0.139967 -0.083201
v 0.174449 0.134938 -0.020437
v 0.178283 0.188912 -0.019175
v 0.170927 0.223033 -0.063136
v 0.169675 0.218400 -0.078475
v 0.159378 0.223577 -0.074591
v 0.161253 0.227861 -0.121110
v 0.158750 0.231080 -0.069818
v 0.165659 0.284115 -0.134327
v 0.184771 0.293631 -0.141942
v 0.168977 0.286151 -0.097375
v 0.159543 0.296572 -0.127901
v 0.167230 0.299192 -0.101933
v 0.166380 0.304414 -0.111119
v 0.170884 0.125599 -0.082579
v 0.176772 0.132890 -0.085089
v 0.170473 0.126500 -0.035926
v 0.179700 0.153242 -0.093630
v 0.173737 0.162167 -0.097913
v 0.162391 0.210160 -0.094578
v 0.164542 0.211293 -0.088947
v 0.161214 0.226909 -0.074117
v 0.160077 0.228402 -0.067065
v 0.159071 0.231354 -0.066432
v 0.168288 0.227699 -0.046352
v 0.159359 0.249134 -0.137475
v 0.159347 0.256692 -0.129747
v 0.171590 0.273810 -0.128169
v 0.182317 0.304373 -0.093473
v 0.181431 0.306489 -0.086613
v 0.161840 0.315408 -0.088935
v 0.193029 0.142087 -0.089021
v 0.176520 0.197103 -0.113598
v 0.185550 0.203181 -0.018744
v 0.172879 0.209841 -0.103809
v 0.165846 0.229540 -0.069702
v 0.163745 0.237361 -0.133319
v 0.165228 0.235456 -0.072180
v 0.181358 0.246672 -0.060388
v 0.165688 0.251690 -0.127995
v 0.177718 0.155202 -0.089161
v 0.179330 0.155013 -0.008361
v 0.179199 0.184375 -0.016039
v 0.177954 0.187671 -0.012816
v 0.178955 0.193592 -0.015211
v 0.189164 0.200243 -0.024400
v 0.182635 0.228046 -0.037644
v 0.167116 0.237246 -0.123176
v 0.170429 0.236964 -0.066219
v 0.188630 0.276993 -0.074323
v 0.187453 0.303233 -0.138181
v 0.191633 0.132133 -0.077209
v 0.180490 0.167850 -0.100086
v 0.189582 0.211598 -0.030254
v 0.184786 0.222105 -0.032664
v 0.179166 0.233006 -0.073298
v 0.176388 0.232112 -0.061612
v 0.175856 0.241828 -0.069073
v 0.173582 0.241073 -0.075373
v 0.181817 0.268810 -0.129575
v 0.175582 0.310284 -0.084478
v 0.177121 0.317060 -0.087519
v 0.198440 0.121973 -0.078419
v 0.190251 0.147340 -0.027247
v 0.181160 0.167446 -0.095328
v 0.189363 0.161652 -0.007134
v 0.186318 0.175367 -0.098275
v 0.173608 0.167583 -0.004529
v 0.181810 0.216171 -0.088795
v 0.181657 0.221060 -0.119946
v 0.185370 0.223668 -0.076668
v 0.188522 0.234126 -0.035347
v 0.178722 0.236717 -0.062845
v 0.186177 0.246422 -0.074111
v 0.191031 0.261499 -0.066073
v 0.183456 0.291640 -0.127095
v 0.183084 0.321658 -0.093636
v 0.199409 0.121268 -0.063025
v 0.187139 0.157422 -0.094694
v 0.191788 0.179110 -0.104967
v 0.186123 0.187871 -0.013178
v 0.190324 0.226247 -0.058565
v 0.189992 0.220460 -0.025542
v 0.186451 0.230541 -0.045907
v 0.180932 0.236166 -0.044116
v 0.188103 0.287469 -0.134493
v 0.190326 0.307296 -0.120081
v 0.185410 0.312407 -0.104497
v 0.197928 0.137527 -0.026164
v 0.198515 0.147058 -0.007121
v 0.189597 0.157137 -0.090419
v 0.188810 0.179041 -0.012382
v 0.192046 0.202240 -0.116817
v 0.192334 0.210912 -0.105097
v 0.198785 0.234366 -0.121099
v 0.187588 0.239090 -0.069923
v 0.186744 0.237347 -0.057712
v 0.200464 0.253205 -0.124872
v 0.199096 0.249508 -0.059896
v 0.194670 0.282473 -0.121619
v 0.198100 0.278308 -0.133467
v 0.200427 0.294995 -0.096417
v 0.197443 0.326030 -0.081152
v 0.194888 0.312683 -0.082208
v 0.200862 0.127131 -0.050647
v 0.192555 0.136628 -0.052176
v 0.194038 0.165895 -0.099981
v 0.189346 0.166918 -0.093824
v 0.190863 0.185707 -0.019017
v 0.195042 0.198003 -0.103649
v 0.192538 0.202679 -0.014765
v 0.198085 0.220020 -0.115518
v 0.187533 0.240787 -0.074942
v 0.191027 0.299437 -0.088463
v 0.199345 0.318841 -0.103974
v 0.193413 0.129519 -0.069934
v 0.200250 0.149575 -0.098036
v 0.195670 0.158177 -0.015683
v 0.194171 0.171619 -0.012930
v 0.189295 0.196113 -0.046092
v 0.192252 0.168004 -0.054153
v 0.196082 0.165776 -0.001622
v 0.191019 0.175436 -0.089920
v 0.190023 0.195256 -0.096934
v 0.188845 0.195921 -0.069978
v 0.192044 0.201540 -0.076304
v 0.194737 0.207358 -0.058679
v 0.195595 0.203731 -0.046470
v 0.201720 0.218803 -0.092864
v 0.192722 0.225029 -0.081842
v 0.196511 0.220869 -0.037875
v 0.202976 0.221182 -0.019220
v 0.201295 0.234003 -0.042558
v 0.193690 0.229797 -0.072091
v 0.193126 0.239186 -0.054474
v 0.198326 0.236468 -0.085955
v 0.197066 0.250716 -0.074992
v 0.198173 0.245839 -0.045987
v 0.194596 0.298856 -0.153347
v 0.203987 0.297835 -0.080295
v 0.200756 0.304921 -0.100661
v 0.197623 0.141702 -0.076730
v 0.196955 0.136732 -0.058647
v 0.196542 0.147943 -0.033661
v 0.195705 0.152934 -0.080842
v 0.196247 0.154184 -0.026525
v 0.198592 0.201556 -0.082662
v 0.204154 0.202578 -0.107643
v 0.200330 0.228432 -0.066353
v 0.201970 0.227834 -0.062574
v 0.198347 0.233054 -0.054791
v 0.201655 0.238336 -0.048810
v 0.199565 0.233642 -0.059363
v 0.199177 0.253313 -0.036983
v 0.200235 0.240814 -0.029434
v 0.202780 0.284782 -0.133474
v 0.200388 0.289155 -0.149001
v 0.202693 0.295665 -0.123943
v 0.207076 0.311050 -0.152976
v 0.196496 0.312482 -0.146183
v 0.197090 0.301988 -0.092364
v 0.204291 0.318307 -0.113437
v 0.204385 0.327871 -0.086698
v 0.198001 0.147498 -0.048276
v 0.202875 0.189637 -0.120258
v 0.210074 0.190104 -0.010062
v 0.200157 0.204861 -0.125858
v 0.204925 0.193352 -0.087106
v 0.201175 0.207528 -0.011074
v 0.208600 0.214789 -0.108856
v 0.201907 0.209145 -0.034192
v 0.199878 0.199217 -0.041062
v 0.200781 0.219263 -0.129731
v 0.195167 0.264819 -0.046331
v 0.204537 0.263221 -0.063619
v 0.200558 0.309998 -0.128084
v 0.215410 0.320276 -0.086286
v 0.207820 0.132477 -0.076271
v 0.206248 0.137444 -0.089773
v 0.207173 0.147063 -0.030642
v 0.208072 0.138391 -0.049845
v 0.203108 0.159035 -0.003265
v 0.212333 0.168995 -0.113701
v 0.209172 0.175898 -0.004184
v 0.203336 0.183601 -0.095152
v 0.204345 0.183501 -0.044720
v 0.203397 0.192726 -0.029920
v 0.210192 0.207246 -0.074682
v 0.209216 0.216183 -0.097059
v 0.206128 0.218550 -0.036959
v 0.206674 0.223428 -0.075336
v 0.209316 0.229059 -0.134903
v 0.206654 0.235298 -0.132653
v 0.202144 0.238633 -0.066103
v 0.210521 0.271812 -0.045338
v 0.206868 0.272097 -0.050548
v 0.212837 0.288821 -0.127041
v 0.206742 0.285552 -0.133234
v 0.219088 0.292633 -0.114354
v 0.216220 0.149290 -0.101662
v 0.211034 0.155417 -0.013384
v 0.209286 0.160038 -0.042864
v 0.207875 0.167444 -0.060770
v 0.207159 0.179567 -0.097370
v 0.205725 0.175898 -0.086599
v 0.205739 0.167049 -0.088018
v 0.209822 0.162484 -0.023037
v 0.208579 0.175042 -0.020971
v 0.206915 0.192701 -0.024992
v 0.214679 0.189662 -0.102225
v 0.215009 0.188948 -0.051116
v 0.213720 0.203732 -0.051122
v 0.218308 0.217027 -0.129870
v 0.209582 0.225785 -0.045370
v 0.225474 0.245658 -0.124562
v 0.216552 0.278221 -0.072757
v 0.228143 0.282628 -0.132077
v 0.211149 0.293977 -0.148378
v 0.212552 0.304234 -0.132790
v 0.216117 0.138928 -0.050319
v 0.210305 0.148799 -0.077439
v 0.212994 0.161115 -0.090665
v 0.216427 0.154366 -0.022542
v 0.215207 0.156850 -0.018625
v 0.212469 0.171799 -0.071193
v 0.217441 0.187963 -0.087770
v 0.225983 0.201287 -0.032999
v 0.218395 0.186569 -0.021844
v 0.215214 0.212493 -0.064441
v 0.219355 0.212117 -0.039273
v 0.216951 0.216495 -0.083739
v 0.217427 0.221310 -0.068030
v 0.229316 0.264982 -0.127120
v 0.220212 0.268494 -0.065397
v 0.225880 0.294099 -0.134410
v 0.218948 0.299333 -0.118612
v 0.215607 0.303793 -0.141574
v 0.217039 0.305559 -0.102249
v 0.219729 0.299706 -0.103361
v 0.216148 0.307591 -0.083566
v 0.216967 0.128658 -0.075920
v 0.222941 0.119853 -0.077197
v 0.219919 0.147921 -0.049514
v 0.217746 0.153070 -0.016629
v 0.212768 0.155511 -0.002618
v 0.219305 0.178037 -0.080465
v 0.216752 0.202013 -0.085590
v 0.224732 0.205545 -0.016627
v 0.218879 0.218791 -0.053473
v 0.227690 0.241117 -0.030301
v 0.222825 0.307925 -0.116750
v 0.218758 0.313196 -0.099912
v 0.220523 0.120202 -0.053252
v 0.219643 0.138412 -0.049318
v 0.218100 0.142002 -0.025076
v 0.224508 0.116577 -0.045059
v 0.221276 0.128027 -0.025229
v 0.227152 0.128744 -0.089034
v 0.220190 0.143550 -0.031434
v 0.219544 0.135913 -0.013188
v 0.220557 0.140408 -0.072445
v 0.240208 0.145004 -0.081655
v 0.227789 0.165945 -0.091623
v 0.225508 0.162022 -0.011052
v 0.220127 0.179374 -0.057838
v 0.232745 0.186671 -0.116525
v 0.225007 0.197642 -0.098737
v 0.219757 0.204059 -0.044781
v 0.219386 0.202610 -0.095378
v 0.218079 0.214591 -0.075216
v 0.227602 0.233735 -0.135537
v 0.239970 0.261201 -0.038932
v 0.229304 0.115252 -0.056248
v 0.225077 0.130090 -0.020591
v 0.221829 0.136182 -0.053202
v 0.229869 0.131946 -0.069017
v 0.231856 0.137325 -0.036749
v 0.223955 0.141182 0.000625
v 0.230626 0.149577 -0.014010
v 0.230245 0.159705 -0.071724
v 0.226551 0.178095 -0.093018
v 0.234674 0.197837 -0.104814
v 0.228955 0.271150 -0.062449
v 0.228050 0.276176 -0.067292
v 0.232560 0.278158 -0.049506
v 0.224914 0.293685 -0.078677
v 0.225423 0.309230 -0.087036
v 0.232968 0.311780 -0.092503
v 0.236363 0.160586 -0.104443
v 0.225872 0.166044 -0.051968
v 0.232182 0.163590 -0.048774
v 0.227128 0.190664 -0.037565
v 0.230677 0.188540 -0.104633
v 0.236635 0.238647 -0.135322
v 0.223686 0.292257 -0.111132
v 0.225308 0.291066 -0.097960
v 0.229980 0.282757 -0.118075
v 0.234148 0.287744 -0.082922
v 0.225728 0.301002 -0.092953
v 0.235875 0.300313 -0.123361
v 0.238048 0.130862 -0.052241
v 0.243619 0.146187 -0.001639
v 0.235749 0.166064 -0.082119
v 0.233112 0.176894 -0.038654
v 0.240171 0.197057 -0.094755
v 0.240535 0.186550 -0.018384
v 0.241298 0.201583 -0.030533
v 0.245079 0.218424 -0.131312
v 0.247147 0.227350 -0.026085
v 0.236129 0.243901 -0.121918
v 0.230069 0.287781 -0.126585
v 0.239545 0.287642 -0.072208
v 0.238397 0.300536 -0.112308
v 0.243967 0.131171 -0.088671
v 0.258193 0.141322 -0.016493
v 0.247313 0.178415 -0.098768
v 0.241062 0.196185 -0.037685
v 0.240243 0.202898 -0.103445
v 0.238919 0.268523 -0.122633
v 0.242688 0.267515 -0.065883
v 0.239828 0.272008 -0.046059
v 0.239676 0.255490 -0.058871
v 0.235949 0.280453 -0.116146
v 0.245443 0.289657 -0.105989
v 0.246819 0.121516 -0.069275
v 0.268106 0.141052 -0.093233
v 0.250826 0.166876 -0.056059
v 0.258328 0.190412 -0.117579
v 0.243315 0.201596 -0.108808
v 0.255441 0.200993 -0.025523
v 0.241484 0.233362 -0.132473
v 0.239006 0.229517 -0.116407
v 0.246003 0.249175 -0.035962
v 0.239688 0.243393 -0.049586
v 0.241563 0.228436 -0.067428
v 0.241607 0.259260 -0.063069
v 0.246864 0.281374 -0.120942
v 0.243304 0.294084 -0.088777
v 0.265326 0.124953 -0.050473
v 0.264384 0.157320 -0.016568
v 0.262050 0.162276 -0.090760
v 0.260699 0.173923 -0.109168
v 0.254432 0.178252 -0.044561
v 0.246097 0.192097 -0.091376
v 0.261565 0.174164 -0.000387
v 0.259051 0.188456 -0.007452
v 0.268421 0.206598 -0.015205
v 0.244774 0.205528 -0.089668
v 0.240755 0.214552 -0.108346
v 0.245582 0.214618 -0.052651
v 0.241759 0.215255 -0.037245
v 0.246427 0.214552 -0.114319
v 0.243999 0.215642 -0.085345
v 0.240774 0.229662 -0.042745
v 0.249201 0.222541 -0.125727
v 0.246751 0.218494 -0.064719
v 0.243221 0.227483 -0.089753
v 0.243550 0.227715 -0.101817
v 0.242702 0.236017 -0.071339
v 0.244382 0.232760 -0.114136
v 0.247053 0.251041 -0.122785
v 0.247692 0.250518 -0.060934
v 0.245416 0.246023 -0.041890
v 0.245924 0.262623 -0.126868
v 0.248710 0.298797 -0.070022
v 0.263254 0.137338 -0.067037
v 0.276571 0.150529 -0.035928
v 0.262444 0.165748 -0.012226
v 0.269149 0.158854 -0.101802
v 0.258450 0.167489 -0.072855
v 0.259709 0.178569 -0.086633
v 0.276157 0.182589 -0.015247
v 0.264757 0.193631 -0.105179
v 0.250288 0.204003 -0.043579
v 0.249566 0.212486 -0.081800
v 0.267400 0.217595 -0.020426
v 0.252746 0.219539 -0.034710
v 0.254674 0.215390 -0.125884
v 0.255489 0.225571 -0.103370
v 0.262759 0.227973 -0.082378
v 0.267395 0.244661 -0.032822
v 0.253995 0.233406 -0.120444
v 0.264664 0.242974 -0.065917
v 0.248816 0.261072 -0.057790
v 0.251262 0.251635 -0.139692
v 0.250485 0.261128 -0.141167
v 0.250146 0.293129 -0.062717
v 0.250114 0.277833 -0.050618
v 0.250128 0.285246 -0.136072
v 0.247730 0.297038 -0.126217
v 0.250132 0.304180 -0.108557
v 0.250621 0.309123 -0.090257
v 0.276259 0.130459 -0.074933
v 0.273411 0.137849 -0.060079
v 0.278005 0.142117 -0.025962
v 0.269094 0.197332 -0.041675
v 0.264530 0.215034 -0.084713
v 0.261367 0.208227 -0.125883
v 0.260744 0.219150 -0.121143
v 0.262028 0.241171 -0.044565
v 0.251973 0.255661 -0.054316
v 0.250480 0.263849 -0.045179
v 0.254825 0.254133 -0.045393
v 0.277549 0.135894 -0.086006
v 0.276136 0.219681 -0.114813
v 0.261296 0.229605 -0.135701
v 0.266936 0.255086 -0.056564
v 0.264608 0.249785 -0.041765
v 0.261919 0.264337 -0.042133
v 0.272865 0.294354 -0.134817
v 0.264528 0.297042 -0.058701
v 0.283508 0.128099 -0.056712
v 0.277467 0.209486 -0.110698
v 0.284177 0.197679 -0.009780
v 0.269876 0.277000 -0.144256
v 0.272068 0.311051 -0.111922
v 0.296417 0.170655 -0.105900
v 0.283637 0.173229 -0.067000
v 0.277916 0.176222 -0.052509
v 0.286161 0.183108 -0.002681
v 0.280858 0.203951 -0.092494
v 0.280555 0.217764 -0.049335
v 0.262740 0.238738 -0.120952
v 0.268944 0.257366 -0.147650
v 0.297561 0.144340 -0.057479
v 0.272524 0.152582 -0.004491
v 0.288327 0.177028 -0.014078
v 0.285537 0.175025 -0.094857
v 0.286715 0.176420 -0.078206
v 0.288717 0.193247 -0.043879
v 0.288901 0.224268 -0.056240
v 0.271229 0.228473 -0.136367
v 0.273584 0.227638 -0.131268
v 0.277808 0.252793 -0.037916
v 0.301128 0.285657 -0.050340
v 0.269414 0.282312 -0.119282
v 0.269012 0.279571 -0.128946
v 0.266179 0.288981 -0.119335
v 0.278118 0.299102 -0.119353
v 0.268912 0.295366 -0.075195
v 0.271481 0.287214 -0.085720
v 0.269465 0.302894 -0.107837
v 0.265445 0.301956 -0.098737
v 0.273956 0.307161 -0.092477
v 0.279448 0.312369 -0.076807
v 0.274307 0.315850 -0.095555
v 0.293845 0.186950 -0.114022
v 0.295526 0.188530 -0.088214
v 0.284225 0.218299 -0.127960
v 0.283813 0.235091 -0.126384
v 0.290913 0.234294 -0.100101
v 0.294974 0.235061 -0.026912
v 0.278255 0.251582 -0.069194
v 0.284914 0.247214 -0.045374
v 0.276125 0.257687 -0.137578
v 0.270063 0.264060 -0.129655
v 0.273178 0.245325 -0.124791
v 0.277915 0.255383 -0.122789
v 0.272474 0.263648 -0.065382
v 0.273716 0.256329 -0.050342
v 0.270999 0.273848 -0.061131
v 0.274362 0.271977 -0.137469
v 0.277657 0.273753 -0.073159
v 0.275180 0.285282 -0.130404
v 0.297668 0.271099 -0.043901
v 0.274117 0.287257 -0.099446
v 0.273520 0.279780 -0.115195
v 0.272223 0.289108 -0.065230
v 0.274577 0.301795 -0.074803
v 0.291176 0.310360 -0.120674
v 0.297159 0.152247 -0.080910
v 0.293751 0.195043 -0.104165
v 0.288653 0.218890 -0.032484
v 0.288546 0.226911 -0.069788
v 0.282964 0.241096 -0.117167
v 0.283821 0.237195 -0.080626
v 0.282586 0.263324 -0.054774
v 0.295504 0.261720 -0.043226
v 0.278339 0.274704 -0.119637
v 0.280670 0.284620 -0.082149
v 0.301353 0.163252 -0.022128
v 0.303500 0.207524 -0.044067
v 0.295040 0.220442 -0.085389
v 0.298767 0.220416 -0.019560
v 0.292568 0.241615 -0.141451
v 0.300471 0.233421 -0.038641
v 0.289297 0.241899 -0.130557
v 0.301672 0.263536 -0.068908
v 0.288545 0.290330 -0.096466
v 0.306081 0.288620 -0.062586
v 0.288789 0.304600 -0.061784
v 0.297712 0.302956 -0.071219
v 0.283599 0.314787 -0.107657
v 0.288455 0.317899 -0.092278
v 0.301936 0.160343 -0.004557
v 0.307421 0.189390 -0.017110
v 0.289872 0.214102 -0.127094
v 0.295767 0.225604 -0.121168
v 0.302757 0.233019 -0.136017
v 0.299760 0.249260 -0.032596
v 0.310957 0.267550 -0.148668
v 0.306188 0.255827 -0.146288
v 0.295776 0.288963 -0.106860
v 0.305243 0.138219 -0.046856
v 0.306251 0.146738 -0.068901
v 0.321326 0.147629 -0.093185
v 0.308868 0.174883 -0.015721
v 0.321203 0.201533 -0.022023
v 0.302805 0.208004 -0.013188
v 0.313248 0.204742 -0.107321
v 0.320486 0.220499 -0.047667
v 0.299634 0.237162 -0.129109
v 0.295014 0.259351 -0.038754
v 0.308046 0.250620 -0.046052
v 0.306366 0.271030 -0.139513
v 0.312005 0.301132 -0.126850
v 0.316883 0.307633 -0.060366
v 0.314167 0.312161 -0.065256
v 0.313846 0.133966 -0.061207
v 0.317356 0.150630 -0.028249
v 0.328072 0.165021 -0.087888
v 0.303127 0.184095 -0.051673
v 0.313398 0.190088 -0.004263
v 0.323552 0.205035 -0.092350
v 0.305545 0.211435 -0.092452
v 0.323338 0.234325 -0.066192
v 0.313042 0.237410 -0.099770
v 0.313321 0.265047 -0.047686
v 0.323560 0.269727 -0.055406
v 0.326776 0.284905 -0.138872
v 0.302823 0.297362 -0.137656
v 0.310631 0.313468 -0.085582
v 0.310277 0.321638 -0.102424
v 0.308766 0.222058 -0.128326
v 0.323149 0.229392 -0.080906
v 0.320672 0.236329 -0.131434
v 0.317112 0.295046 -0.096779
v 0.310950 0.312323 -0.108223
v 0.316723 0.315963 -0.098255
v 0.312419 0.162678 -0.101231
v 0.322832 0.157287 -0.082807
v 0.324381 0.170762 -0.020719
v 0.306761 0.180884 -0.077275
v 0.330124 0.174075 -0.105408
v 0.332643 0.182102 -0.096183
v 0.311783 0.224395 -0.114952
v 0.311370 0.243906 -0.115373
v 0.322837 0.244029 -0.082666
v 0.313221 0.249946 -0.074324
v 0.323417 0.260451 -0.137710
v 0.314306 0.269599 -0.124012
v 0.324227 0.283965 -0.119555
v 0.332986 0.185120 -0.071792
v 0.331830 0.207501 -0.121362
v 0.318847 0.230096 -0.120518
v 0.332331 0.232422 -0.055748
v 0.326850 0.245154 -0.141403
v 0.319042 0.258907 -0.042114
v 0.323630 0.259450 -0.037881
v 0.322932 0.280416 -0.072912
v 0.341493 0.280020 -0.149442
v 0.321161 0.289003 -0.078898
v 0.334709 0.300744 -0.065203
v 0.342660 0.290252 -0.049960
v 0.341258 0.316469 -0.127076
v 0.338760 0.326370 -0.082676
v 0.335931 0.165463 -0.009002
v 0.331809 0.198442 -0.047406
v 0.343286 0.227449 -0.088276
v 0.327379 0.221849 -0.018376
v 0.331703 0.227227 -0.034045
v 0.321484 0.232083 -0.023614
v 0.327801 0.256934 -0.122425
v 0.323508 0.273693 -0.044878
v 0.332398 0.292343 -0.113125
v 0.337116 0.295937 -0.085416
v 0.340793 0.140700 -0.058270
v 0.328598 0.142617 -0.082369
v 0.337877 0.152555 -0.063137
v 0.350703 0.152716 -0.094271
v 0.326961 0.152064 -0.055269
v 0.346654 0.189809 -0.060389
v 0.335744 0.187909 -0.111561
v 0.335115 0.209393 -0.011732
v 0.336735 0.227316 -0.115517
v 0.329072 0.244310 -0.130353
v 0.323980 0.251816 -0.046129
v 0.329449 0.244899 -0.029182
v 0.339465 0.297736 -0.134598
v 0.344886 0.152164 -0.039290
v 0.331254 0.154247 -0.075118
v 0.334327 0.162713 -0.039817
v 0.329042 0.226250 -0.129283
v 0.348626 0.218868 -0.092827
v 0.358903 0.256886 -0.032647
v 0.343878 0.257839 -0.046668
v 0.345724 0.305573 -0.138469
v 0.343568 0.305544 -0.056770
v 0.320774 0.171652 -0.001764
v 0.345401 0.186318 -0.017474
v 0.352655 0.193585 -0.003349
v 0.352477 0.245338 -0.102218
v 0.348176 0.245578 -0.090477
v 0.331292 0.326050 -0.101904
v 0.341883 0.195302 -0.085773
v 0.363143 0.187252 -0.097004
v 0.333975 0.232923 -0.023067
v 0.339005 0.270229 -0.149456
v 0.349639 0.275406 -0.045492
v 0.350901 0.278873 -0.124583
v 0.345312 0.312531 -0.121775
v 0.343808 0.321007 -0.090308
v 0.339419 0.312934 -0.073269
v 0.345986 0.324131 -0.073755
v 0.348743 0.177435 -0.020270
v 0.350792 0.215135 -0.045799
v 0.351347 0.217710 -0.028390
v 0.346041 0.239923 -0.136129
v 0.345082 0.273241 -0.141015
v 0.345900 0.272261 -0.050147
v 0.345468 0.300612 -0.099484
v 0.348359 0.142321 -0.064295
v 0.352451 0.204310 -0.104933
v 0.346025 0.234142 -0.127314
v 0.367623 0.252416 -0.114052
v 0.344824 0.259497 -0.073319
v 0.366568 0.259595 -0.145188
v 0.351954 0.263422 -0.042049
v 0.353676 0.276525 -0.071233
v 0.350818 0.298511 -0.109374
v 0.362034 0.158272 -0.058202
v 0.369036 0.206509 -0.118088
v 0.369879 0.217803 -0.014202
v 0.365103 0.225610 -0.018344
v 0.358943 0.237434 -0.119646
v 0.358417 0.240801 -0.073585
v 0.357870 0.263062 -0.137199
v 0.376631 0.298771 -0.147003
v 0.373792 0.300425 -0.052687
v 0.355340 0.323553 -0.104087
v 0.359274 0.327434 -0.116027
v 0.365085 0.149763 -0.081374
v 0.356535 0.247190 -0.130921
v 0.369134 0.258130 -0.078239
v 0.368076 0.289020 -0.141496
v 0.380255 0.177454 -0.012180
v 0.358865 0.201894 -0.049685
v 0.370113 0.202599 -0.020687
v 0.383179 0.208686 -0.008728
v 0.363448 0.248047 -0.141031
v 0.364884 0.265803 -0.037789
v 0.365945 0.271378 -0.124781
v 0.372156 0.291402 -0.121898
v 0.364543 0.287772 -0.073530
v 0.362158 0.276484 -0.055756
v 0.392071 0.297864 -0.051056
v 0.361242 0.318012 -0.062443
v 0.376233 0.182651 -0.106796
v 0.371709 0.234139 -0.051474
v 0.361905 0.233405 -0.130523
v 0.359019 0.244610 -0.040544
v 0.369871 0.266956 -0.072686
v 0.370306 0.299258 -0.115432
v 0.375345 0.307002 -0.101011
v 0.357433 0.303059 -0.094722
v 0.370388 0.332676 -0.108632
v 0.377668 0.167020 -0.100026
v 0.377886 0.169614 -0.084004
v 0.361182 0.173685 -0.090225
v 0.392072 0.176941 -0.042281
v 0.369304 0.195473 -0.078016
v 0.368241 0.241936 -0.060964
v 0.364124 0.239618 -0.024469
v 0.377474 0.261782 -0.121212
v 0.366923 0.298928 -0.081058
v 0.379848 0.162895 -0.071753
v 0.370801 0.206119 -0.089066
v 0.388740 0.223470 -0.046910
v 0.383677 0.235204 -0.034998
v 0.384938 0.252673 -0.089445
v 0.379959 0.282677 -0.046215
v 0.391776 0.168339 -0.033671
v 0.383885 0.184677 -0.024632
v 0.381834 0.225361 -0.112560
v 0.389250 0.243905 -0.124039
v 0.376977 0.245188 -0.070749
v 0.373800 0.259330 -0.047155
v 0.384647 0.280764 -0.151328
v 0.380489 0.279449 -0.141553
v 0.383159 0.312993 -0.067230
v 0.389728 0.324943 -0.118710
v 0.391866 0.323430 -0.075331
v 0.379662 0.151247 -0.057082
v 0.344404 0.181561 -0.002388
v 0.375851 0.188238 -0.006128
v 0.383507 0.211888 -0.048448
v 0.389347 0.228683 -0.093709
v 0.375295 0.247064 -0.136090
v 0.376872 0.252617 -0.131783
v 0.385329 0.268325 -0.046305
v 0.388550 0.280353 -0.050015
v 0.409272 0.289259 -0.057974
v 0.382386 0.309474 -0.133610
v 0.396276 0.311181 -0.092670
v 0.382395 0.337031 -0.089092
v 0.394440 0.153571 -0.065713
v 0.394790 0.165916 -0.061178
v 0.401857 0.192172 -0.109834
v 0.401517 0.200946 -0.100469
v 0.393070 0.201785 -0.059025
v 0.388781 0.270984 -0.041686
v 0.395999 0.331015 -0.123746
v 0.402136 0.337775 -0.078448
v 0.391207 0.198356 -0.069541
v 0.402266 0.215093 -0.091434
v 0.385800 0.233683 -0.130478
v 0.393410 0.242247 -0.085195
v 0.405151 0.244421 -0.119514
v 0.393681 0.252828 -0.140683
v 0.396014 0.253602 -0.029077
v 0.390306 0.264216 -0.048414
v 0.391508 0.256307 -0.132509
v 0.386637 0.280248 -0.054571
v 0.410385 0.302650 -0.061527
v 0.393281 0.308860 -0.109270
v 0.395593 0.306200 -0.082886
v 0.412374 0.331942 -0.067330
v 0.385664 0.328975 -0.086599
v 0.400233 0.160236 -0.088276
v 0.390517 0.197511 -0.020787
v 0.386870 0.213929 -0.024615
v 0.402940 0.234173 -0.020123
v 0.386202 0.241092 -0.128984
v 0.400923 0.254048 -0.103962
v 0.402577 0.265763 -0.076908
v 0.413393 0.284715 -0.071959
v 0.422131 0.280408 -0.125847
v 0.404424 0.316047 -0.141518
v 0.389695 0.318839 -0.059774
v 0.389443 0.330426 -0.105545
v 0.413124 0.252716 -0.067694
v 0.407078 0.250821 -0.040710
v 0.407553 0.293185 -0.125268
v 0.404116 0.294842 -0.073580
v 0.410695 0.158080 -0.061040
v 0.419724 0.173419 -0.098651
v 0.398492 0.198115 -0.007396
v 0.402146 0.209799 -0.052868
v 0.410317 0.212222 -0.118336
v 0.422347 0.221591 -0.026881
v 0.416279 0.226314 -0.015593
v 0.411158 0.294360 -0.142660
v 0.403926 0.288386 -0.047161
v 0.406673 0.205233 -0.081481
v 0.409850 0.208205 -0.022545
v 0.413422 0.221919 -0.048615
v 0.407618 0.231140 -0.128179
v 0.421165 0.235068 -0.049704
v 0.421580 0.246969 -0.055518
v 0.399370 0.261076 -0.118000
v 0.405989 0.272384 -0.037533
v 0.445180 0.290301 -0.126898
v 0.405566 0.303957 -0.119461
v 0.413088 0.316108 -0.100815
v 0.416424 0.236355 -0.033860
v 0.410785 0.242046 -0.131741
v 0.420466 0.280484 -0.140400
v 0.413424 0.284109 -0.053195
v 0.410637 0.321631 -0.059432
v 0.415385 0.334590 -0.086570
v 0.410165 0.330342 -0.079686
v 0.419663 0.185081 -0.089458
v 0.414449 0.192874 -0.026103
v 0.422400 0.249284 -0.127922
v 0.415630 0.255917 -0.135518
v 0.418849 0.269246 -0.121608
v 0.410981 0.268625 -0.049643
v 0.424924 0.278518 -0.045806
v 0.418243 0.306567 -0.140029
v 0.408521 0.316710 -0.067021
v 0.416880 0.343540 -0.107412
v 0.425412 0.178650 -0.080485
v 0.432145 0.176912 -0.071000
v 0.424384 0.206785 -0.074078
v 0.423868 0.240498 -0.092535
v 0.434714 0.246122 -0.023956
v 0.426062 0.261874 -0.087102
v 0.419396 0.272763 -0.147148
v 0.429803 0.316407 -0.086082
v 0.416790 0.332120 -0.118263
v 0.423558 0.337178 -0.108492
v 0.428376 0.338764 -0.092249
v 0.427674 0.161768 -0.069082
v 0.438713 0.180733 -0.061608
v 0.440945 0.192053 -0.107199
v 0.423653 0.212072 -0.009756
v 0.429297 0.222565 -0.108903
v 0.434598 0.251772 -0.084554
v 0.430125 0.251511 -0.123923
v 0.431451 0.258993 -0.140300
v 0.416575 0.261432 -0.132458
v 0.426343 0.262174 -0.031783
v 0.433052 0.277198 -0.074483
v 0.442642 0.293721 -0.152317
v 0.442407 0.308805 -0.150068
v 0.419367 0.322799 -0.129170
v 0.421663 0.185211 -0.021208
v 0.427874 0.213055 -0.086571
v 0.429738 0.225056 -0.094279
v 0.437964 0.266093 -0.114547
v 0.439302 0.260817 -0.102558
v 0.425496 0.274153 -0.050878
v 0.438296 0.281509 -0.041973
v 0.437985 0.297774 -0.048373
v 0.438378 0.314875 -0.117308
v 0.444200 0.322245 -0.107496
v 0.439138 0.348694 -0.088118
v 0.430101 0.199269 -0.012277
v 0.453994 0.224762 -0.121959
v 0.435634 0.250436 -0.039322
v 0.435271 0.338623 -0.127388
v 0.443891 0.215230 -0.025514
v 0.437677 0.244161 -0.132929
v 0.431747 0.289349 -0.049384
v 0.460533 0.200421 -0.018811
v 0.437565 0.211853 -0.063450
v 0.442347 0.234750 -0.018297
v 0.447395 0.252245 -0.132813
v 0.439516 0.265805 -0.132358
v 0.437739 0.275791 -0.037289
v 0.442925 0.320417 -0.144799
v 0.450011 0.226177 -0.027822
v 0.433669 0.222046 -0.052107
v 0.452266 0.218146 -0.011331
v 0.463232 0.239213 -0.113907
v 0.438360 0.248977 -0.119586
v 0.438777 0.257750 -0.069599
v 0.441275 0.290554 -0.054159
v 0.438868 0.300300 -0.126134
v 0.440950 0.327127 -0.070653
v 0.446548 0.325505 -0.132740
v 0.452124 0.339153 -0.067294
v 0.455150 0.171607 -0.081731
v 0.458447 0.174993 -0.060951
v 0.454472 0.197109 -0.093651
v 0.447557 0.205397 -0.028107
v 0.442835 0.235937 -0.095441
v 0.445665 0.254533 -0.128142
v 0.459612 0.293955 -0.049578
v 0.456603 0.298736 -0.058618
v 0.445024 0.307806 -0.076037
v 0.452096 0.315262 -0.054738
v 0.456772 0.316976 -0.065074
v 0.456232 0.331271 -0.061317
v 0.461766 0.348990 -0.078953
v 0.456951 0.198688 -0.042003
v 0.453355 0.212045 -0.115430
v 0.458196 0.222784 -0.090652
v 0.450189 0.248185 -0.054418
v 0.440988 0.260820 -0.135501
v 0.473671 0.275712 -0.146215
v 0.451845 0.322223 -0.088175
v 0.444847 0.337233 -0.119519
v 0.455500 0.338036 -0.079541
v 0.460504 0.353010 -0.105379
v 0.463906 0.174369 -0.066045
v 0.465174 0.190839 -0.084463
v 0.472306 0.192810 -0.105604
v 0.456945 0.214139 -0.076798
v 0.451214 0.234150 -0.051716
v 0.465190 0.225545 -0.057225
v 0.456357 0.250862 -0.091802
v 0.455272 0.286298 -0.140784
v 0.450340 0.285124 -0.048821
v 0.461507 0.283008 -0.052123
v 0.452965 0.306081 -0.143413
v 0.463144 0.182235 -0.096912
v 0.463317 0.186615 -0.067184
v 0.462403 0.216867 -0.066977
v 0.460131 0.267697 -0.091187
v 0.455270 0.276450 -0.121869
v 0.469919 0.269850 -0.033119
v 0.450420 0.343688 -0.101526
v 0.466720 0.344705 -0.088763
v 0.468901 0.265504 -0.135992
v 0.466414 0.275684 -0.050617
v 0.460644 0.272671 -0.083355
v 0.453107 0.269153 -0.132718
v 0.459637 0.284682 -0.074829
v 0.467471 0.299839 -0.072871
v 0.462661 0.344842 -0.108982
v 0.487846 0.206655 -0.111542
v 0.470533 0.227192 -0.013692
v 0.468497 0.240076 -0.096446
v 0.475101 0.239017 -0.018607
v 0.473920 0.261006 -0.042866
v 0.467565 0.260557 -0.066346
v 0.462674 0.252458 -0.025154
v 0.476634 0.289330 -0.041981
v 0.469739 0.328817 -0.099067
v 0.474804 0.348441 -0.126730
v 0.482285 0.225675 -0.106673
v 0.476980 0.253428 -0.134790
v 0.474636 0.258775 -0.123690
v 0.469749 0.261756 -0.082362
v 0.486389 0.281368 -0.036804
v 0.477337 0.285678 -0.125189
v 0.466130 0.294701 -0.054253
v 0.478131 0.316724 -0.077620
v 0.483255 0.338227 -0.129164
v 0.469874 0.318797 -0.140782
v 0.477744 0.329561 -0.107454
v 0.483181 0.215044 -0.032695
v 0.484100 0.244868 -0.053300
v 0.481163 0.267516 -0.140387
v 0.469551 0.268350 -0.107062
v 0.478755 0.273156 -0.133136
v 0.484708 0.279434 -0.119645
v 0.493935 0.298808 -0.073850
v 0.485834 0.301495 -0.049034
v 0.477676 0.320611 -0.121958
v 0.481326 0.305385 -0.128835
v 0.472239 0.330018 -0.069715
v 0.478051 0.338721 -0.075789
v 0.486306 0.348394 -0.115110
v 0.473281 0.355682 -0.091258
v 0.495358 0.192399 -0.054490
v 0.483132 0.192844 -0.074017
v 0.478249 0.220454 -0.014602
v 0.477508 0.227652 -0.028642
v 0.489773 0.249094 -0.132495
v 0.473169 0.252989 -0.119744
v 0.478709 0.255664 -0.058178
v 0.469422 0.258357 -0.131619
v 0.497741 0.256078 -0.025011
v 0.479085 0.274910 -0.085989
v 0.483962 0.293269 -0.046026
v 0.489900 0.300304 -0.143637
v 0.487582 0.302671 -0.153810
v 0.485367 0.328515 -0.087063
v 0.483333 0.332659 -0.142977
v 0.479114 0.344098 -0.068059
v 0.486777 0.184293 -0.089053
v 0.487949 0.205497 -0.094543
v 0.485797 0.292954 -0.050275
v 0.490425 0.301510 -0.058510
v 0.484727 0.350427 -0.099476
v 0.500483 0.208117 -0.052855
v 0.477013 0.219697 -0.079162
v 0.482143 0.248510 -0.096465
v 0.493336 0.299051 -0.053155
v 0.497114 0.311502 -0.145346
v 0.494031 0.316688 -0.064201
v 0.488983 0.226924 -0.088063
v 0.491753 0.238226 -0.095194
v 0.495163 0.232935 -0.015867
v 0.491720 0.229004 -0.060407
v 0.493354 0.236710 -0.126125
v 0.484887 0.259637 -0.090870
v 0.492217 0.287387 -0.054326
v 0.498976 0.325617 -0.149626
v 0.486734 0.328273 -0.058019
v 0.507534 0.194589 -0.099738
v 0.504272 0.201295 -0.083333
v 0.503638 0.226288 -0.070128
v 0.489633 0.264614 -0.131400
v 0.493023 0.270298 -0.135457
v 0.495904 0.273555 -0.102144
v 0.504346 0.270356 -0.046128
v 0.500021 0.287898 -0.078798
v 0.493701 0.307468 -0.073646
v 0.513964 0.323669 -0.144156
v 0.506795 0.189370 -0.068879
v 0.515809 0.205761 -0.064624
v 0.520092 0.208172 -0.111240
v 0.507805 0.228185 -0.082992
v 0.494253 0.253002 -0.118250
v 0.494384 0.267170 -0.079930
v 0.503111 0.278800 -0.145753
v 0.511436 0.293338 -0.126546
v 0.511725 0.337446 -0.135779
v 0.495848 0.335043 -0.100834
v 0.518586 0.351255 -0.067947
v 0.516876 0.361165 -0.083260
v 0.483463 0.207791 -0.020745
v 0.510443 0.239164 -0.033537
v 0.514522 0.228936 -0.034014
v 0.514975 0.244106 -0.019064
v 0.504121 0.248559 -0.036220
v 0.498889 0.265374 -0.065485
v 0.512428 0.255638 -0.056726
v 0.506878 0.335216 -0.069963
v 0.490927 0.352654 -0.125163
v 0.504854 0.350912 -0.086420
v 0.502579 0.362310 -0.099340
v 0.514636 0.229589 -0.106621
v 0.517445 0.242674 -0.056954
v 0.504766 0.246997 -0.097101
v 0.512381 0.261380 -0.137975
v 0.509600 0.268669 -0.125085
v 0.509706 0.273933 -0.138306
v 0.517192 0.282611 -0.088357
v 0.505838 0.297727 -0.050424
v 0.503075 0.306292 -0.050319
v 0.513119 0.235833 -0.091836
v 0.506080 0.256573 -0.096759
v 0.524917 0.271072 -0.088838
v 0.509589 0.274193 -0.032791
v 0.524239 0.285982 -0.117696
v 0.511822 0.323363 -0.078008
v 0.518008 0.336745 -0.114465
v 0.530036 0.349292 -0.138631
v 0.520139 0.194056 -0.086317
v 0.541491 0.206779 -0.104302
v 0.529901 0.206734 -0.071694
v 0.523296 0.226802 -0.120526
v 0.521688 0.241653 -0.094994
v 0.527977 0.255558 -0.117577
v 0.518770 0.270174 -0.134251
v 0.505929 0.280697 -0.134218
v 0.518328 0.278848 -0.101805
v 0.527919 0.300857 -0.128889
v 0.512699 0.314764 -0.129704
v 0.522832 0.309518 -0.155150
v 0.513521 0.329494 -0.122610
v 0.517817 0.334821 -0.085118
v 0.519983 0.211645 -0.093533
v 0.518143 0.217654 -0.025979
v 0.518687 0.231847 -0.019956
v 0.529656 0.265504 -0.061330
v 0.543325 0.251805 -0.036925
v 0.530391 0.275391 -0.077834
v 0.509446 0.290162 -0.055432
v 0.539124 0.282016 -0.034176
v 0.532417 0.294875 -0.079256
v 0.518145 0.305654 -0.058336
v 0.522217 0.309097 -0.073834
v 0.523840 0.313075 -0.051555
v 0.544375 0.346108 -0.100969
v 0.521641 0.353930 -0.120171
v 0.518301 0.357271 -0.107804
v 0.525547 0.366112 -0.108901
v 0.535062 0.197862 -0.067420
v 0.522181 0.223684 -0.038187
v 0.533277 0.237647 -0.125305
v 0.532986 0.265456 -0.096312
v 0.537184 0.263104 -0.025748
v 0.520639 0.277940 -0.141388
v 0.539066 0.298757 -0.041226
v 0.519117 0.305853 -0.053818
v 0.543444 0.347809 -0.074311
v 0.546138 0.353632 -0.127622
v 0.527460 0.355891 -0.086830
v 0.541899 0.235434 -0.074532
v 0.533204 0.273144 -0.067933
v 0.544057 0.291800 -0.148952
v 0.530711 0.294151 -0.138475
v 0.530834 0.302515 -0.047590
v 0.531814 0.313463 -0.062532
v 0.527028 0.338002 -0.059934
v 0.541189 0.241710 -0.062375
v 0.544372 0.249422 -0.130178
v 0.526568 0.282857 -0.135285
v 0.538131 0.278599 -0.048617
v 0.535101 0.312950 -0.145521
v 0.531954 0.333387 -0.149972
v 0.549288 0.364908 -0.123508
v 0.540666 0.226837 -0.026936
v 0.541623 0.258475 -0.098693
v 0.545960 0.287068 -0.091311
v 0.535060 0.298275 -0.056494
v 0.547030 0.328816 -0.129519
v 0.546107 0.339843 -0.069759
v 0.544583 0.314025 -0.131286
v 0.549453 0.212650 -0.078554
v 0.550925 0.222283 -0.098424
v 0.542288 0.238849 -0.088685
v 0.549520 0.253763 -0.021977
v 0.558729 0.260698 -0.059039
v 0.544661 0.268615 -0.139222
v 0.545184 0.276518 -0.128970
v 0.567946 0.289594 -0.107195
v 0.550120 0.327118 -0.076424
v 0.550523 0.338272 -0.140855
v 0.546876 0.340806 -0.085159
v 0.544483 0.362460 -0.107120
v 0.547764 0.364339 -0.078408
v 0.550175 0.201848 -0.084622
v 0.554845 0.214808 -0.069732
v 0.566798 0.244940 -0.037754
v 0.554278 0.250568 -0.096457
v 0.545813 0.259041 -0.136741
v 0.547863 0.272562 -0.123423
v 0.548131 0.283731 -0.142509
v 0.546503 0.291067 -0.136610
v 0.560533 0.286563 -0.034362
v 0.550395 0.371232 -0.103317
v 0.555115 0.217285 -0.113917
v 0.561564 0.237309 -0.107781
v 0.558542 0.305430 -0.053701
v 0.562770 0.298496 -0.056448
v 0.540988 0.311301 -0.058384
v 0.547443 0.313261 -0.053564
v 0.551093 0.320762 -0.052897
v 0.564583 0.329372 -0.154135
v 0.548475 0.347241 -0.110402
v 0.561119 0.210055 -0.059078
v 0.558530 0.232595 -0.041850
v 0.559005 0.248048 -0.129828
v 0.576536 0.279765 -0.095495
v 0.569509 0.284020 -0.082616
v 0.560471 0.304900 -0.043624
v 0.556413 0.317111 -0.063024
v 0.553747 0.339663 -0.126265
v 0.557497 0.345109 -0.145851
v 0.549213 0.357329 -0.089995
v 0.574073 0.245071 -0.070212
v 0.572406 0.253804 -0.061338
v 0.561981 0.273613 -0.063254
v 0.561482 0.273467 -0.144559
v 0.576730 0.282783 -0.068456
v 0.554846 0.272635 -0.027720
v 0.558601 0.285777 -0.140549
v 0.563276 0.296813 -0.123311
v 0.568608 0.308011 -0.154115
v 0.565247 0.314138 -0.074548
v 0.562424 0.326197 -0.145336
v 0.551704 0.348679 -0.087128
v 0.558134 0.352563 -0.066050
v 0.556215 0.355158 -0.135412
v 0.562770 0.235240 -0.124816
v 0.557898 0.239268 -0.025761
v 0.568209 0.265341 -0.100384
v 0.561546 0.289657 -0.136639
v 0.564626 0.298309 -0.082101
v 0.564868 0.309110 -0.130936
v 0.561727 0.319289 -0.145276
v 0.562309 0.315284 -0.059350
v 0.561416 0.319090 -0.052260
v 0.553809 0.347688 -0.078935
v 0.554817 0.355253 -0.118199
v 0.572808 0.205961 -0.080341
v 0.573277 0.223683 -0.095399
v 0.562648 0.263863 -0.119201
v 0.566054 0.282157 -0.136403
v 0.567887 0.306776 -0.136384
v 0.562593 0.334785 -0.131755
v 0.563998 0.333182 -0.073644
v 0.560278 0.342425 -0.076817
v 0.556299 0.343918 -0.131352
v 0.561830 0.364006 -0.113996
v 0.584006 0.246133 -0.084586
v 0.565440 0.259210 -0.145975
v 0.570026 0.266100 -0.041865
v 0.566298 0.281293 -0.125567
v 0.575648 0.326526 -0.053349
v 0.560642 0.364441 -0.090152
v 0.601885 0.214878 -0.073178
v 0.575809 0.219413 -0.072477
v 0.588715 0.228511 -0.117417
v 0.571629 0.251231 -0.095318
v 0.582564 0.270934 -0.101983
v 0.573718 0.286415 -0.139777
v 0.576022 0.289480 -0.113444
v 0.571449 0.306453 -0.059796
v 0.573584 0.309888 -0.047970
v 0.568297 0.320058 -0.069969
v 0.567335 0.320669 -0.137153
v 0.573184 0.356504 -0.134880
v 0.572233 0.364529 -0.106025
v 0.594516 0.220689 -0.106760
v 0.579785 0.232427 -0.033282
v 0.579545 0.242466 -0.109758
v 0.586693 0.263758 -0.025174
v 0.575156 0.252688 -0.133294
v 0.569925 0.294586 -0.127817
v 0.575335 0.293600 -0.090054
v 0.580760 0.305923 -0.045267
v 0.569325 0.311332 -0.052677
v 0.571067 0.346189 -0.062032
v 0.605598 0.226009 -0.053644
v 0.587628 0.239379 -0.043006
v 0.576871 0.268101 -0.139741
v 0.591578 0.255448 -0.040419
v 0.584893 0.278751 -0.118997
v 0.580459 0.306154 -0.071805
v 0.578147 0.332951 -0.147212
v 0.575368 0.355209 -0.072868
v 0.573055 0.363722 -0.089155
v 0.588157 0.271404 -0.060592
v 0.592801 0.275862 -0.048257
v 0.589231 0.291220 -0.040487
v 0.587992 0.301364 -0.062424
v 0.577433 0.315049 -0.051062
v 0.578254 0.331736 -0.058210
v 0.576103 0.355389 -0.119312
v 0.581909 0.327992 -0.132349
v 0.580246 0.352450 -0.098140
v 0.595751 0.233785 -0.100864
v 0.610977 0.256241 -0.068020
v 0.586165 0.283982 -0.135732
v 0.590312 0.266687 -0.134742
v 0.585049 0.289758 -0.098844
v 0.583837 0.290951 -0.091029
v 0.584765 0.302759 -0.142708
v 0.592148 0.297638 -0.087227
v 0.586543 0.308480 -0.065312
v 0.581728 0.350950 -0.114984
v 0.582171 0.344312 -0.083572
v 0.592889 0.225626 -0.088062
v 0.594246 0.252184 -0.130227
v 0.601657 0.248610 -0.075778
v 0.596673 0.255518 -0.027755
v 0.587939 0.292576 -0.085214
v 0.589324 0.305506 -0.059677
v 0.584477 0.328533 -0.077017
v 0.587679 0.337588 -0.127872
v 0.601974 0.215383 -0.086938
v 0.598006 0.226707 -0.070793
v 0.600098 0.236547 -0.036690
v 0.601315 0.248982 -0.111023
v 0.594465 0.256878 -0.096417
v 0.596230 0.265057 -0.027852
v 0.591009 0.293455 -0.115388
v 0.596468 0.290889 -0.076204
v 0.591056 0.283420 -0.124570
v 0.586855 0.304922 -0.124588
v 0.593641 0.313439 -0.081053
v 0.589941 0.314071 -0.124910
v 0.596628 0.358357 -0.111848
v 0.593930 0.357287 -0.096897
v 0.598344 0.278311 -0.118471
v 0.601792 0.279123 -0.064931
v 0.599254 0.283258 -0.102746
v 0.609080 0.283894 -0.049643
v 0.596003 0.303972 -0.108786
v 0.598806 0.299687 -0.100153
v 0.600672 0.302294 -0.064649
v 0.608548 0.348959 -0.126421
v 0.597635 0.234413 -0.117974
v 0.603432 0.240997 -0.054202
v 0.611547 0.254084 -0.093836
v 0.608681 0.265436 -0.063203
v 0.604365 0.264797 -0.123554
v 0.603751 0.269419 -0.103327
v 0.616876 0.311735 -0.120134
v 0.599085 0.305846 -0.110535
v 0.602426 0.304149 -0.095032
v 0.605819 0.330647 -0.130580
v 0.611884 0.333973 -0.076222
v 0.606198 0.350646 -0.082489
v 0.619947 0.233452 -0.096739
v 0.615459 0.234779 -0.082549
v 0.614637 0.247428 -0.112971
v 0.607547 0.282840 -0.064465
v 0.607562 0.288966 -0.060681
v 0.605035 0.293960 -0.103895
v 0.605668 0.297463 -0.060560
v 0.607181 0.301260 -0.082569
v 0.605365 0.315569 -0.084434
v 0.613224 0.247909 -0.105753
v 0.618125 0.255552 -0.051167
v 0.609598 0.271427 -0.049773
v 0.607774 0.263961 -0.108794
v 0.613510 0.270240 -0.046207
v 0.603729 0.277261 -0.109215
v 0.613209 0.278307 -0.115871
v 0.605190 0.284568 -0.115811
v 0.609787 0.292876 -0.063590
v 0.629229 0.365362 -0.096335
v 0.617667 0.242144 -0.105056
v 0.618483 0.253836 -0.042910
v 0.613429 0.286667 -0.059234
v 0.614132 0.305226 -0.095676
v 0.635570 0.335889 -0.131156
v 0.619547 0.227314 -0.071766
v 0.620963 0.236129 -0.057950
v 0.623041 0.236284 -0.089623
v 0.618769 0.248144 -0.060623
v 0.617805 0.249134 -0.080972
v 0.615129 0.257477 -0.108450
v 0.613079 0.277692 -0.058049
v 0.617706 0.283593 -0.112759
v 0.625124 0.299880 -0.072865
v 0.625922 0.309860 -0.101525
v 0.619582 0.308662 -0.095735
v 0.624213 0.365197 -0.112874
v 0.625481 0.227586 -0.079003
v 0.623667 0.247212 -0.087553
v 0.617705 0.252179 -0.067829
v 0.621144 0.259152 -0.061901
v 0.622971 0.240135 -0.087155
v 0.625147 0.247493 -0.053546
v 0.625505 0.261402 -0.105996
v 0.634610 0.327452 -0.081991
v 0.631463 0.354294 -0.126624
v 0.632675 0.357821 -0.084013
v 0.644996 0.252790 -0.084567
v 0.640890 0.270885 -0.062277
v 0.630838 0.258715 -0.060907
v 0.631411 0.288486 -0.062024
v 0.631559 0.309952 -0.097256
v 0.638093 0.343147 -0.077398
v 0.638473 0.239198 -0.053102
v 0.636317 0.281393 -0.114629
v 0.639142 0.298120 -0.109543
v 0.635647 0.309794 -0.090377
v 0.634840 0.313626 -0.095170
v 0.641411 0.321558 -0.125825
v 0.630563 0.365106 -0.101702
v 0.638371 0.230418 -0.059736
v 0.650364 0.228071 -0.074232
v 0.636970 0.238253 -0.084654
v 0.640913 0.309612 -0.103275
v 0.646533 0.258686 -0.059910
v 0.640827 0.313349 -0.111298
v 0.641451 0.333445 -0.078717
v 0.641637 0.331056 -0.126745
v 0.643861 0.331930 -0.085772
v 0.657538 0.252369 -0.079625
v 0.651691 0.312037 -0.086791
v 0.642721 0.313576 -0.099916
v 0.645771 0.319954 -0.114757
v 0.654136 0.234618 -0.080849
v 0.655341 0.282070 -0.114286
v 0.654598 0.304103 -0.068980
v 0.652232 0.304500 -0.108115
v 0.659639 0.240262 -0.055219
v 0.660564 0.246018 -0.079358
v 0.654685 0.264598 -0.065113
v 0.668479 0.281914 -0.060990
v 0.665912 0.241256 -0.069224
v 0.664972 0.257552 -0.080139
v 0.666260 0.269255 -0.105515
v 0.667252 0.261492 -0.090892
v 0.668529 0.307656 -0.084513
v 0.664420 0.247887 -0.061790
v 0.661784 0.259872 -0.070148
v 0.670824 0.264589 -0.073497
v 0.673281 0.283663 -0.108734
v 0.669944 0.294364 -0.107186
v 0.668428 0.304330 -0.098748
v 0.675996 0.251908 -0.061700
v 0.673581 0.300364 -0.072906
v 0.685488 0.247027 -0.077498
v 0.680230 0.245956 -0.065522
v 0.679397 0.250361 -0.081657
v 0.679044 0.259501 -0.063993
v 0.672986 0.262602 -0.078455
v 0.682270 0.265823 -0.071522
v 0.681643 0.270591 -0.094875
v 0.683915 0.274685 -0.080872
v 0.679823 0.278594 -0.106058
v 0.681859 0.279266 -0.072820
v 0.680873 0.286936 -0.068626
v 0.694298 0.258534 -0.084190
v 0.707543 0.292647 -0.109809
v 0.700017 0.297824 -0.069437
v 0.706270 0.305339 -0.107694
v 0.700851 0.314540 -0.084033
v 0.701948 0.249132 -0.070030
v 0.713292 0.272577 -0.077854
v 0.709987 0.266458 -0.065518
v 0.701298 0.256658 -0.063418
v 0.720681 0.279571 -0.092041
v 0.719011 0.283884 -0.103280
v 0.708124 0.315029 -0.097723
v 0.720569 0.254341 -0.080020
v 0.714913 0.271949 -0.070311
v 0.712232 0.264796 -0.084910
v 0.717513 0.287302 -0.074482
v 0.731523 0.256699 -0.070253
v 0.724108 0.259475 -0.065400
v 0.712804 0.308918 -0.072997
v 0.732708 0.293887 -0.072981
v 0.746229 0.324857 -0.085538
v 0.732934 0.284894 -0.082009
v 0.740883 0.313246 -0.108977
v 0.736154 0.272328 -0.084870
v 0.739658 0.267543 -0.064908
v 0.735752 0.301442 -0.110663
v 0.732522 0.304195 -0.071375
v 0.745220 0.324359 -0.099662
v 0.741026 0.262328 -0.084273
v 0.750033 0.281456 -0.073957
v 0.745544 0.315722 -0.074344
v 0.750079 0.305189 -0.070981
v 0.751897 0.285937 -0.093823
v 0.751316 0.296351 -0.109054
v 0.758276 0.261046 -0.078786
v 0.760094 0.276063 -0.066622
v 0.756629 0.287796 -0.078973
v 0.757284 0.282732 -0.085530
v 0.761400 0.320234 -0.112144
v 0.761335 0.264931 -0.069039
v 0.757748 0.267496 -0.085514
v 0.762243 0.298311 -0.113709
v 0.758444 0.330264 -0.081394
v 0.760397 0.334263 -0.095473
v 0.762680 0.311871 -0.066194
v 0.760292 0.324865 -0.073368
v 0.762224 0.285961 -0.104999
v 0.772983 0.289702 -0.068804
v 0.766143 0.259708 -0.077229
v 0.773381 0.276664 -0.090828
v 0.771671 0.255248 -0.070816
v 0.773634 0.258054 -0.062258
v 0.782344 0.296692 -0.068613
v 0.790852 0.340299 -0.089885
v 0.780001 0.261994 -0.081454
v 0.778373 0.265999 -0.058295
v 0.792840 0.288746 -0.102874
v 0.810157 0.323674 -0.069867
v 0.795214 0.306866 -0.116145
v 0.790981 0.330110 -0.110259
v 0.800121 0.262897 -0.072270
v 0.794739 0.266919 -0.061970
v 0.797228 0.283229 -0.087134
v 0.798836 0.284108 -0.065966
v 0.809746 0.274200 -0.082859
v 0.811624 0.299108 -0.108836
v 0.794012 0.296554 -0.071259
v 0.810227 0.342030 -0.081231
v 0.799399 0.287925 -0.078780
v 0.804735 0.340282 -0.115204
v 0.813713 0.277652 -0.065726
v 0.801797 0.288929 -0.092126
v 0.801477 0.302042 -0.074220
v 0.814508 0.310478 -0.070660
v 0.802509 0.346582 -0.089982
v 0.821007 0.284288 -0.085517
v 0.809535 0.331151 -0.116627
v 0.824898 0.332727 -0.071904
v 0.823767 0.273609 -0.070973
v 0.816760 0.286128 -0.066362
v 0.828943 0.295754 -0.098725
v 0.820188 0.303811 -0.076381
v 0.808324 0.355866 -0.123585
v 0.807797 0.366865 -0.092974
v 0.810077 0.380742 -0.103718
v 0.810319 0.381554 -0.125862
v 0.809256 0.394348 -0.141781
v 0.814435 0.381428 -0.128902
v 0.809537 0.389082 -0.128849
v 0.810074 0.397900 -0.105971
v 0.811194 0.399965 -0.134976
v 0.805641 0.408239 -0.143032
v 0.812719 0.410753 -0.149452
v 0.808558 0.411390 -0.133055
v 0.804617 0.418569 -0.131682
v 0.804398 0.418022 -0.123011
v 0.811733 0.415425 -0.124480
v 0.812580 0.403989 -0.113470
v 0.824147 0.426105 -0.128669
v 0.810524 0.423931 -0.123643
v 0.830954 0.295889 -0.078281
v 0.824724 0.309704 -0.114176
v 0.809795 0.336672 -0.107807
v 0.811228 0.336706 -0.089411
v 0.816528 0.313482 -0.100244
v 0.835766 0.344796 -0.120534
v 0.809986 0.406424 -0.104626
v 0.822425 0.417839 -0.129933
v 0.841005 0.276518 -0.079008
v 0.821599 0.321888 -0.085789
v 0.836140 0.345110 -0.109646
v 0.827567 0.346993 -0.098098
v 0.835644 0.347356 -0.082579
v 0.838243 0.365864 -0.092751
v 0.824659 0.399325 -0.124949
v 0.838955 0.403527 -0.106882
v 0.826981 0.402413 -0.133186
v 0.826826 0.405300 -0.117741
v 0.827374 0.412005 -0.104170
v 0.825240 0.312942 -0.092571
v 0.836400 0.324620 -0.109506
v 0.839547 0.336055 -0.113193
v 0.831216 0.340267 -0.086612
v 0.842192 0.333861 -0.116573
v 0.837182 0.410924 -0.136727
v 0.838493 0.290757 -0.067857
v 0.841262 0.296455 -0.084322
v 0.834625 0.313651 -0.100591
v 0.841121 0.326259 -0.067481
v 0.836693 0.366741 -0.125201
v 0.843704 0.390718 -0.107525
v 0.832293 0.408307 -0.148710
v 0.842810 0.412517 -0.116978
v 0.842492 0.423203 -0.142537
v 0.839065 0.428289 -0.123140
v 0.846269 0.300172 -0.104646
v 0.847924 0.391050 -0.130863
v 0.848291 0.383909 -0.127512
v 0.841821 0.423773 -0.126342
v 0.838711 0.282255 -0.066774
v 0.839824 0.300384 -0.085615
v 0.843927 0.420604 -0.135126
v 0.842293 0.429883 -0.128448
v 0.859959 0.281724 -0.083826
v 0.842683 0.311869 -0.069919
v 0.851142 0.313189 -0.115570
v 0.844585 0.396715 -0.115964
v 0.847424 0.409504 -0.148522
v 0.847939 0.403054 -0.132967
v 0.845877 0.403113 -0.111910
v 0.846984 0.414503 -0.107595
v 0.847681 0.417407 -0.146396
v 0.864845 0.278908 -0.070997
v 0.849491 0.289824 -0.086391
v 0.844051 0.301671 -0.078534
v 0.860583 0.326844 -0.109342
v 0.858484 0.380199 -0.100714
v 0.863217 0.294881 -0.066223
v 0.861951 0.319486 -0.103849
v 0.860919 0.341125 -0.072615
v 0.857072 0.342451 -0.113974
v 0.850915 0.395434 -0.110988
v 0.849751 0.399739 -0.139265
v 0.867512 0.299221 -0.088607
v 0.873117 0.336963 -0.083719
v 0.870598 0.353814 -0.094908
v 0.851905 0.390487 -0.125419
v 0.877607 0.299934 -0.066835
v 0.860155 0.304448 -0.079362
v 0.866821 0.323958 -0.070003
v 0.870865 0.322803 -0.119940
v 0.872754 0.325512 -0.085862
v 0.868156 0.349674 -0.119627
v 0.871515 0.354267 -0.080653
v 0.863445 0.365165 -0.124754
v 0.863788 0.368582 -0.090666
v 0.869065 0.285542 -0.064615
v 0.872805 0.319210 -0.092821
v 0.870472 0.353837 -0.102040
v 0.874696 0.275477 -0.078862
v 0.870542 0.354892 -0.115676
v 0.877309 0.342862 -0.109267
v 0.871792 0.357016 -0.103966
v 0.876207 0.358913 -0.088975
v 0.877043 0.299134 -0.091671
v 0.880128 0.307895 -0.103931
v 0.880212 0.309864 -0.072541
v 0.879051 0.341202 -0.122406
v 0.887867 0.345601 -0.086060
v 0.880062 0.291388 -0.056450
v 0.898588 0.344249 -0.073089
v 0.879700 0.351546 -0.110957
v 0.881519 0.355287 -0.095149
v 0.890442 0.286630 -0.087783
v 0.883993 0.287174 -0.060485
v 0.898342 0.323383 -0.117271
v 0.888796 0.327176 -0.109050
v 0.905110 0.323594 -0.097191
v 0.900962 0.332753 -0.071427
v 0.906386 0.332906 -0.085220
v 0.883003 0.353373 -0.105084
v 0.889136 0.358410 -0.091242
v 0.894155 0.286633 -0.075768
v 0.890649 0.303483 -0.085605
v 0.893191 0.293590 -0.060460
v 0.888485 0.305006 -0.076995
v 0.892743 0.324099 -0.091112
v 0.902581 0.309622 -0.086839
v 0.905864 0.314865 -0.080341
v 0.897478 0.341728 -0.121746
v 0.900596 0.348722 -0.105582
v 0.900572 0.352357 -0.098689
v 0.904988 0.344568 -0.085725
v 0.903439 0.352163 -0.092646
v 0.908929 0.360629 -0.117265
v 0.909061 0.368457 -0.105851
v 0.908568 0.313158 -0.102977
v 0.920030 0.333084 -0.125819
v 0.918693 0.337820 -0.116203
v 0.925902 0.327979 -0.089342
v 0.918510 0.328720 -0.110326
v 0.912851 0.353400 -0.122590
v 0.919018 0.320204 -0.119131
v 0.917304 0.336564 -0.069522
v 0.915968 0.355265 -0.075033
v 0.915036 0.366391 -0.087337
v 0.925767 0.349222 -0.115893
v 0.924823 0.310458 -0.085875
v 0.921467 0.323441 -0.072703
v 0.925360 0.352382 -0.084257
v 0.932646 0.357615 -0.110834
v 0.933201 0.361117 -0.104260
v 0.936427 0.374524 -0.098460
v 0.931115 0.313224 -0.104636
v 0.944131 0.328618 -0.098349
v 0.933155 0.344827 -0.081707
v 0.934704 0.366956 -0.082913
v 0.934962 0.337500 -0.082455
v 0.934768 0.343112 -0.128279
v 0.949538 0.364492 -0.095244
v 0.934751 0.370293 -0.113353
v 0.953066 0.355066 -0.072931
v 0.949305 0.361728 -0.124927
v 0.949076 0.327257 -0.121228
v 0.943112 0.324680 -0.077277
v 0.948629 0.333678 -0.112617
v 0.944204 0.356608 -0.085491
v 0.957454 0.365647 -0.078266
v 0.951374 0.339038 -0.071866
v 0.967947 0.334482 -0.108584
v 0.953281 0.334086 -0.088566
v 0.951902 0.345683 -0.118122
v 0.959411 0.317828 -0.097269
v 0.965209 0.321592 -0.087633
v 0.954561 0.344686 -0.129825
v 0.970211 0.382103 -0.103865
v 0.974896 0.341725 -0.086413
v 0.962655 0.348385 -0.082598
v 0.976989 0.370746 -0.104411
v 0.969841 0.376106 -0.118091
v 0.976977 0.379548 -0.087197
v 0.980095 0.344508 -0.116747
v 0.983051 0.352785 -0.119155
v 0.970545 0.359641 -0.117088
v 0.985352 0.359764 -0.129632
v 0.975259 0.325413 -0.111358
v 0.985448 0.356806 -0.082525
v 0.982328 0.366848 -0.086238
v 0.982001 0.372378 -0.093937
v 0.993797 0.335699 -0.080327
v 0.980532 0.370956 -0.109351
v 0.992179 0.352966 -0.073726
v 0.983572 0.369327 -0.125238
v 0.985906 0.364110 -0.076503
v 0.982161 0.372982 -0.081592
v 0.980363 0.379057 -0.109658
v 0.987386 0.335808 -0.122409
v 0.992550 0.338530 -0.097553
v 0.992075 0.345980 -0.126373
v 0.985443 0.364260 -0.119753
v 0.995013 0.327085 -0.096536
v 0.995700 0.332121 -0.113261
v 0.992050 0.341107 -0.112079
v 0.994626 0.344491 -0.084394
v 0.991075 0.350904 -0.122522
v 0.997375 0.334307 -0.089715
v -0.998400 -0.125008 0.017525
v -0.996457 -0.120653 0.020998
v -0.995150 -0.131192 0.028779
v -0.993288 -0.110390 0.009802
v -0.989374 -0.146559 0.039174
v -0.992102 -0.131258 0.031781
v -0.981208 -0.152092 0.045613
v -0.985272 -0.156283 0.044950
v -0.980407 -0.170073 0.052070
v -0.936285 -0.105151 0.018723
v -0.971885 -0.196584 0.058365
v -0.974974 -0.186037 0.058383
v -0.971568 -0.208799 0.012547
v -0.967970 -0.195300 0.063455
v -0.947208 -0.172143 0.056105
v -0.942714 -0.123717 0.032964
v -0.967821 -0.209601 0.066485
v -0.963792 -0.208799 0.068220
v -0.937450 -0.141046 0.044198
v -0.959910 -0.252476 0.005297
v -0.963317 -0.234210 0.030226
v -0.962593 -0.226614 0.074329
v -0.954851 -0.272350 0.014404
v -0.958160 -0.249049 0.047413
v -0.959062 -0.238011 0.078176
v -0.937662 -0.194569 0.065151
v -0.937544 -0.156823 0.050596
v -0.955150 -0.251952 0.082795
v -0.933430 -0.214436 0.072587
v -0.940323 -0.097470 0.007592
v -0.950765 -0.286181 0.022779
v -0.949341 -0.280669 0.059248
v -0.949954 -0.269206 0.088104
v -0.925336 -0.228289 0.077806
v -0.947258 -0.297372 0.026365
v -0.944926 -0.298904 0.092555
v -0.947150 -0.285408 0.093185
v -0.943395 -0.283038 0.018967
v -0.927756 -0.269307 0.012969
v -0.927178 -0.251828 0.084820
v -0.943377 -0.318888 0.037565
v -0.941771 -0.334424 0.046766
v -0.941666 -0.329418 0.079315
v -0.942205 -0.317820 0.103343
v -0.942717 -0.299380 0.098297
v -0.918568 -0.253364 0.005945
v -0.937778 -0.372450 0.071559
v -0.939354 -0.356349 0.117240
v -0.939881 -0.350918 0.055247
v -0.940637 -0.336030 0.110254
v -0.905442 -0.269896 0.091175
v -0.911758 -0.178248 0.060692
v -0.935967 -0.399974 0.081953
v -0.934318 -0.412411 0.088392
v -0.935959 -0.392521 0.130609
v -0.937121 -0.373369 0.120102
v -0.935359 -0.382767 0.072768
v -0.932286 -0.373116 0.124024
v -0.930665 -0.364291 0.062296
v -0.907567 -0.282449 0.094938
v -0.887449 -0.186955 0.065325
v -0.927687 -0.430550 0.101708
v -0.930756 -0.417622 0.125157
v -0.930401 -0.403042 0.135076
v -0.912055 -0.337856 0.049638
v -0.896751 -0.327253 0.109193
v -0.911369 -0.294231 0.026937
v -0.898176 -0.231261 0.079680
v -0.924664 -0.420232 0.129692
v -0.923015 -0.426304 0.095607
v -0.901062 -0.402057 0.080822
v -0.882332 -0.262333 0.012843
v -0.907646 -0.165656 0.055918
v -0.903378 -0.088894 0.006613
v -0.906376 -0.421554 0.127504
v -0.909386 -0.400320 0.134071
v -0.897990 -0.368686 0.123754
v -0.898502 -0.350793 0.117264
v -0.903340 -0.238138 -0.000051
v -0.901922 -0.201717 0.070100
v -0.891935 -0.211548 0.073933
v -0.900683 -0.153148 0.051143
v -0.900435 -0.139811 0.046946
v -0.881296 -0.254387 0.087564
v -0.892235 -0.118279 0.036295
v -0.894741 -0.095384 0.018156
v -0.897998 -0.427814 0.103882
v -0.889914 -0.365439 0.066258
v -0.908462 -0.304115 0.101105
v -0.880626 -0.221537 0.078199
v -0.894615 -0.422412 0.097086
v -0.869835 -0.339057 0.114035
v -0.864159 -0.322969 0.046118
v -0.882122 -0.290805 0.098686
v -0.886113 -0.287490 0.025238
v -0.872887 -0.245601 0.005407
v -0.895961 -0.423059 0.120108
v -0.880379 -0.412544 0.122906
v -0.891695 -0.244068 0.084333
v -0.882446 -0.172650 0.060468
v -0.880702 -0.157888 0.054971
v -0.879032 -0.381170 0.127266
v -0.880991 -0.418218 0.101109
v -0.875603 -0.307133 0.103448
v -0.864474 -0.272723 0.094386
v -0.862377 -0.230900 0.082154
v -0.859044 -0.202994 0.072574
v -0.878483 -0.416794 0.110026
v -0.847256 -0.194466 0.070438
v -0.864298 -0.142806 0.050532
v -0.860021 -0.126797 0.044961
v -0.873786 -0.092465 0.019942
v -0.850622 -0.075743 0.003725
v -0.861094 -0.384506 0.078087
v -0.863669 -0.360487 0.120324
v -0.843369 -0.314189 0.106663
v -0.862244 -0.152985 0.054480
v -0.859577 -0.373976 0.120995
v -0.862343 -0.351033 0.061611
v -0.842027 -0.278238 0.095827
v -0.848404 -0.261441 0.091328
v -0.860502 -0.241529 0.085116
v -0.860419 -0.395450 0.088215
v -0.835132 -0.294247 0.100561
v -0.845745 -0.220717 0.079031
v -0.846791 -0.163201 0.059224
v -0.861783 -0.393804 0.116230
v -0.838580 -0.283515 0.026510
v -0.850733 -0.390305 0.091987
v -0.841533 -0.379306 0.101168
v -0.842989 -0.208345 0.075062
v -0.843413 -0.176549 0.064533
v -0.840294 -0.367389 0.071831
v -0.840892 -0.372855 0.109822
v -0.827527 -0.348083 0.062180
v -0.845841 -0.354342 0.116449
v -0.824023 -0.323818 0.109126
v -0.824641 -0.110908 0.040700
v -0.825144 -0.283823 0.098517
v -0.830776 -0.250795 0.010856
v -0.818065 -0.244759 0.087430
v -0.822239 -0.239212 0.086583
v -0.824059 -0.149437 0.056495
v -0.845327 -0.086585 0.019933
v -0.801158 -0.265318 0.094097
v -0.828134 -0.368136 0.083514
v -0.822523 -0.349915 0.105617
v -0.809703 -0.230172 0.083405
v -0.820640 -0.164814 0.062301
v -0.810503 -0.225408 -0.000177
v -0.818619 -0.224827 0.082330
v -0.812598 -0.181853 0.068550
v -0.819937 -0.354866 0.099346
v -0.819021 -0.351168 0.067117
v -0.800192 -0.327993 0.054131
v -0.798130 -0.249749 0.090468
v -0.818473 -0.131807 0.049787
v -0.815873 -0.357255 0.081741
v -0.796362 -0.292457 0.100667
v -0.794723 -0.263923 0.020069
v -0.806122 -0.208496 0.077303
v -0.799228 -0.121758 0.047175
v -0.785950 -0.291874 0.035638
v -0.780035 -0.243432 0.010486
v -0.778596 -0.170580 0.067163
v -0.797621 -0.094973 0.033843
v -0.783897 -0.076612 0.022114
v -0.795644 -0.337850 0.072843
v -0.797314 -0.309573 0.101494
v -0.782313 -0.196771 0.075001
v -0.789067 -0.139933 0.055467
v -0.801097 -0.333052 0.097915
v -0.775802 -0.188144 0.072859
v -0.773281 -0.060555 0.008869
v -0.792697 -0.328123 0.092725
v -0.783825 -0.156831 0.062081
v -0.775472 -0.115187 0.045730
v -0.774215 -0.104187 0.041781
v -0.782859 -0.325940 0.070496
v -0.779512 -0.217014 0.081103
v -0.770177 -0.304395 0.048902
v -0.771621 -0.305566 0.090621
v -0.777245 -0.233779 0.086288
v -0.761291 -0.275089 0.092641
v -0.763488 -0.223462 0.001561
v -0.769017 -0.269903 0.094360
v -0.755854 -0.300948 0.060942
v -0.744694 -0.278667 0.036887
v -0.765904 -0.263776 0.022970
v -0.742448 -0.232749 0.008442
v -0.754008 -0.210895 0.080460
v -0.746070 -0.247711 0.087846
v -0.760956 -0.129124 0.052649
v -0.748690 -0.113035 0.047350
v -0.750089 -0.143338 0.059551
v -0.742558 -0.167109 0.068423
v -0.736633 -0.148147 0.062286
v -0.747345 -0.093192 0.039501
v -0.741612 -0.279142 0.079350
v -0.729061 -0.192914 0.076341
v -0.731099 -0.062559 0.019490
v -0.722088 -0.218780 0.080684
v -0.736391 -0.130842 0.055542
v -0.728047 -0.275264 0.051957
v -0.734856 -0.259094 0.083540
v -0.729082 -0.262516 0.030340
v -0.711786 -0.176750 0.072207
v -0.712867 -0.154884 0.066363
v -0.713949 -0.123791 0.054240
v -0.722143 -0.113943 0.049029
v -0.717294 -0.101337 0.044848
v -0.711047 -0.248678 0.073876
v -0.721022 -0.234617 0.081554
v -0.720740 -0.085209 0.037199
v -0.700141 -0.214004 0.006525
v -0.702929 -0.238794 0.023517
v -0.702891 -0.135968 0.059870
v -0.695743 -0.075310 0.033229
v -0.700693 -0.203356 0.076120
v -0.708184 -0.093251 0.041841
v -0.692043 -0.241787 0.043771
v -0.685812 -0.145302 0.063457
v -0.688222 -0.051765 0.016296
v -0.700937 -0.110256 0.049364
v -0.696717 -0.234563 0.069653
v -0.677331 -0.103509 0.048075
v -0.681587 -0.171196 0.068168
v -0.687802 -0.082767 0.038219
v -0.669162 -0.186737 0.065183
v -0.677152 -0.128779 0.058151
v -0.662945 -0.116212 0.054239
v -0.660669 -0.203532 0.010965
v -0.667332 -0.198835 0.063157
v -0.666448 -0.212443 0.056803
v -0.666198 -0.095154 0.045277
v -0.659038 -0.213709 0.035333
v -0.666697 -0.190990 0.001002
v -0.649789 -0.085566 0.041805
v -0.638635 -0.058968 0.026844
v -0.650271 -0.141102 0.059891
v -0.659767 -0.074481 0.035772
v -0.625609 -0.125049 0.054838
v -0.641673 -0.105062 0.050248
v -0.634127 -0.163137 0.054851
v -0.635319 -0.193060 0.029706
v -0.629841 -0.178620 0.049166
v -0.629751 -0.071825 0.036396
v -0.598238 -0.058532 0.031607
v -0.603172 -0.097029 0.048085
v -0.622100 -0.040317 0.005392
v -0.605657 -0.169386 0.019221
v -0.615344 -0.082634 0.042504
v -0.598752 -0.111723 0.050270
v -0.583886 -0.070326 0.038667
v -0.593421 -0.131235 0.046156
v -0.582418 -0.141244 0.037907
v -0.566380 -0.081011 0.044493
v -0.574087 -0.096354 0.046792
v -0.569144 -0.108836 0.043163
v -0.571761 -0.049405 0.030468
v -0.545847 -0.117950 0.025656
v -0.547225 -0.063952 0.039795
v -0.555052 -0.024850 0.014976
v -0.531213 -0.073770 0.043897
v -0.537651 -0.041719 0.032496
v -0.528299 -0.078257 0.041277
v -0.522450 -0.011061 0.015775
v -0.512331 -0.099624 0.014588
v -0.509577 -0.087597 0.025111
v -0.516416 -0.062387 0.042344
v -0.501232 -0.050684 0.041129
v -0.492105 -0.059340 0.040143
v -0.489011 -0.017118 0.031777
v -0.467410 0.011636 0.020559
v -0.467690 -0.037525 0.041909
v -0.445886 -0.044229 0.042111
v -0.456621 -0.005792 0.031026
v -0.438486 -0.052217 0.033331
v -0.446947 -0.026844 0.038687
v -0.439423 -0.014389 0.026953
v -0.425456 -0.039713 0.036278
v -0.406736 -0.011490 0.028300
v -0.443328 0.007124 0.018311
v -0.417598 -0.038198 0.031223
v -0.415925 -0.028693 0.033721
v -0.417904 -0.035082 0.033952
v -0.402364 -0.031800 0.021216
v -0.394463 -0.023836 0.032063
v -0.371996 -0.028002 0.013300
v -0.381928 -0.001810 0.024452
v -0.370880 -0.021457 0.029605
v -0.380045 -0.000320 0.016822
v -0.371911 -0.012560 0.019633
v -0.361417 -0.029600 0.012400
v -0.347912 -0.009719 0.015709
v -0.346042 -0.016196 0.028610
v -0.358082 0.004108 0.020513
v -0.361991 -0.037788 0.005246
v -0.358307 -0.036405 0.011818
v -0.352224 -0.330082 0.089490
v -0.360370 -0.292262 0.082870
v -0.357147 -0.304358 0.075277
v -0.357621 -0.299565 0.093586
v -0.359029 -0.281844 0.063436
v -0.360491 -0.264565 0.061849
v -0.357689 -0.263130 0.087361
v -0.350650 -0.285382 0.052111
v -0.357731 -0.237432 0.076354
v -0.357192 -0.228303 0.047984
v -0.347367 -0.026090 0.017310
v -0.344081 -0.001984 0.016679
v -0.349169 -0.328190 0.110699
v -0.347335 -0.308119 0.115114
v -0.352114 -0.309867 0.065566
v -0.351032 -0.283169 0.104366
v -0.353321 -0.255421 0.046097
v -0.354153 -0.201521 0.061095
v -0.354079 -0.202394 0.038614
v -0.351818 -0.182556 0.051092
v -0.339968 -0.081856 0.016467
v -0.348198 -0.062769 0.025313
v -0.344051 -0.343746 0.101686
v -0.347908 -0.340796 0.078192
v -0.346480 -0.261277 0.039516
v -0.349350 -0.247409 0.093961
v -0.345505 -0.226426 0.027508
v -0.344838 -0.220452 0.088008
v -0.343084 -0.197531 0.079687
v -0.338947 -0.179246 0.073444
v -0.347891 -0.161775 0.029348
v -0.338888 -0.318475 0.059343
v -0.340767 -0.342235 0.069718
v -0.339001 -0.326149 0.125518
v -0.342461 -0.287056 0.111405
v -0.339927 -0.276425 0.042982
v -0.342595 -0.273398 0.106505
v -0.343664 -0.257098 0.100881
v -0.344200 -0.233207 0.092497
v -0.342569 -0.196328 0.017975
v -0.342858 -0.145018 0.032728
v -0.335499 -0.036613 0.017528
v -0.328188 0.001573 0.022523
v -0.335558 -0.351120 0.079016
v -0.335874 -0.335364 0.120896
v -0.336249 -0.294750 0.050124
v -0.337433 -0.308615 0.119879
v -0.339353 -0.259540 0.036437
v -0.340307 -0.225685 0.023405
v -0.337426 -0.167767 0.066876
v -0.336976 -0.169347 0.010236
v -0.329334 -0.076357 0.028661
v -0.333962 -0.062923 0.031397
v -0.310482 -0.296306 0.117014
v -0.309373 -0.238816 0.028511
v -0.329577 -0.250804 0.099370
v -0.295615 -0.236522 0.095839
v -0.336661 -0.199150 0.013332
v -0.315177 -0.212244 0.086822
v -0.329492 -0.137344 0.055466
v -0.332863 -0.093982 0.018126
v -0.330142 -0.013041 0.027007
v -0.317534 -0.354476 0.087662
v -0.309253 -0.259265 0.103427
v -0.303258 -0.227861 0.024340
v -0.311998 -0.214197 0.018960
v -0.295293 -0.205008 0.085125
v -0.312769 -0.185838 0.078230
v -0.303883 -0.194229 0.081055
v -0.328547 -0.177835 0.005313
v -0.332818 -0.168379 0.069830
v -0.331338 -0.159155 0.066281
v -0.327065 -0.143776 0.060278
v -0.330788 -0.114384 0.024653
v -0.317026 -0.074817 0.034906
v -0.324649 -0.019008 0.020299
v -0.310623 -0.006347 0.027105
v -0.317289 -0.351089 0.073105
v -0.295916 -0.271523 0.108638
v -0.325603 -0.168559 0.001593
v -0.321919 -0.093193 0.034582
v -0.313779 -0.000809 0.013121
v -0.296311 -0.334634 0.067142
v -0.318021 -0.331818 0.128304
v -0.292854 -0.310296 0.057134
v -0.289254 -0.223545 0.091618
v -0.306259 -0.177511 0.074912
v -0.320341 -0.112335 0.046905
v -0.321805 -0.037188 0.019779
v -0.313311 -0.341880 0.117175
v -0.301047 -0.264641 0.038539
v -0.297434 -0.199789 0.013595
v -0.321116 -0.161045 -0.000745
v -0.314505 -0.131991 0.056733
v -0.305839 -0.053569 0.027305
v -0.285408 -0.325256 0.128471
v -0.282315 -0.294037 0.050697
v -0.299456 -0.284461 0.046693
v -0.275353 -0.281617 0.113325
v -0.285661 -0.257639 0.037234
v -0.294578 -0.248725 0.032741
v -0.286986 -0.245287 0.099425
v -0.305712 -0.190526 0.010657
v -0.292771 -0.146034 0.063244
v -0.316064 -0.089378 0.039755
v -0.288419 -0.068739 0.033875
v -0.294743 -0.123470 0.054270
v -0.310089 -0.033556 0.019260
v -0.285804 -0.350160 0.084327
v -0.301231 -0.176643 0.005190
v -0.300081 -0.113245 0.049752
v -0.276877 -0.088984 0.042343
v -0.288402 -0.335338 0.119925
v -0.283693 -0.206945 0.017524
v -0.280111 -0.162809 0.071003
v -0.286060 -0.152409 0.066652
v -0.273067 -0.138505 0.061990
v -0.272520 -0.344466 0.073075
v -0.276564 -0.313714 0.124938
v -0.279198 -0.272473 0.042915
v -0.284851 -0.215395 0.021012
v -0.290237 -0.171221 0.004555
v -0.282201 -0.150434 -0.002985
v -0.275502 -0.099363 0.046243
v -0.275284 -0.013374 0.015238
v -0.278976 -0.185972 0.009947
v -0.275907 -0.159278 0.000791
v -0.262772 -0.052639 0.029667
v -0.272794 -0.037518 0.021571
v -0.272428 -0.325742 0.126755
v -0.236750 -0.327371 0.067124
v -0.253836 -0.180157 0.078457
v -0.286124 -0.077102 0.037554
v -0.278583 -0.001037 0.027051
v -0.270585 -0.193618 0.082238
v -0.273262 -0.174351 0.005530
v -0.249245 -0.170128 0.074618
v -0.275964 -0.129951 0.058227
v -0.271415 -0.112283 0.051492
v -0.247078 -0.296835 0.118907
v -0.271171 -0.284667 0.047833
v -0.265087 -0.256395 0.104392
v -0.268967 -0.247575 0.033890
v -0.262132 -0.236698 0.029882
v -0.271023 -0.227255 0.025905
v -0.251644 -0.218115 0.023495
v -0.257293 -0.167233 0.004827
v -0.235294 -0.079394 0.040411
v -0.257497 -0.066146 0.034797
v -0.250929 -0.305042 0.057427
v -0.255896 -0.209936 0.087899
v -0.262781 -0.202166 0.017051
v -0.236938 -0.327062 0.114443
v -0.257099 -0.264861 0.041206
v -0.256241 -0.228825 0.094134
v -0.246408 -0.150854 0.066978
v -0.242433 -0.132203 0.059573
v -0.252833 -0.276722 0.047080
v -0.255425 -0.244588 0.033631
v -0.246232 -0.176036 0.008858
v -0.255297 -0.344213 0.080976
v -0.238505 -0.336980 0.071233
v -0.254169 -0.268303 0.108105
v -0.247838 -0.205104 0.019687
v -0.247303 -0.189645 0.013747
v -0.242300 -0.112828 0.052710
v -0.238212 -0.095983 0.046392
v -0.240843 -0.319559 0.125585
v -0.244543 -0.153453 0.000310
v -0.250285 -0.246430 0.036940
v -0.246134 -0.278638 0.106331
v -0.248761 -0.244704 0.096147
v -0.249144 -0.199707 0.082463
v -0.241733 -0.290136 0.061541
v -0.241121 -0.214564 0.079838
v -0.240746 -0.267719 0.055157
v -0.241237 -0.252498 0.091043
v -0.238907 -0.239442 0.046336
v -0.236157 -0.207897 0.034873
v -0.234534 -0.180749 0.063539
v -0.234621 -0.158508 0.059597
v -0.229302 -0.062545 0.034842
v -0.228433 -0.040408 0.025285
v -0.238409 -0.010348 0.013724
v -0.234855 -0.337697 0.085359
v -0.236139 -0.305837 0.073070
v -0.238858 -0.290016 0.067385
v -0.227171 -0.311639 0.115105
v -0.236056 -0.293519 0.100366
v -0.237836 -0.284855 0.093115
v -0.237883 -0.244398 0.080284
v -0.236838 -0.240934 0.055938
v -0.231032 -0.168578 0.020962
v -0.235507 -0.115446 0.050648
v -0.230513 -0.323510 0.110687
v -0.237519 -0.272086 0.074230
v -0.233653 -0.203534 0.056329
v -0.229529 -0.137216 0.047263
v -0.219156 -0.028114 0.015024
v -0.227715 -0.330733 0.080684
v -0.227719 -0.323894 0.074126
v -0.224879 -0.315215 0.098576
v -0.229621 -0.170152 0.045138
v -0.228307 -0.140009 0.009543
v -0.219703 -0.077832 0.024643
v -0.225411 -0.133696 0.035859
v -0.221338 -0.103662 0.025543
v -0.220747 0.005012 0.011063
v -0.215093 -0.069186 0.022278
v -0.214329 -0.058894 0.026745
v -0.212837 -0.076014 0.005391
v -0.213166 -0.034762 0.012979
v -0.199849 -0.074112 0.027629
v -0.205347 -0.060171 0.018365
v -0.196405 -0.081653 0.014508
v -0.196830 -0.066721 0.025403
v -0.177508 -0.071671 0.030487
v -0.163527 -0.082333 -0.000550
v -0.182047 -0.078028 -0.004346
v -0.187311 -0.020890 0.002668
v -0.179669 -0.074478 -0.001684
v -0.177555 -0.063233 0.026282
v -0.179203 -0.033566 0.009731
v -0.175808 -0.044095 0.009306
v -0.164160 -0.076357 0.015317
v -0.158283 -0.066529 0.010027
v -0.171518 -0.031542 0.005090
v -0.155787 -0.068530 0.027814
v -0.161675 -0.058147 0.000640
v -0.159117 -0.053801 0.011949
v -0.150893 -0.074491 -0.003864
v -0.151082 -0.070420 -0.002333
v -0.159164 -0.060477 0.023115
v -0.153929 -0.063587 0.029109
v -0.131887 -0.074504 0.000555
v -0.132015 -0.053974 0.024620
v -0.122791 -0.059051 0.026809
v -0.117382 -0.052070 0.017498
v -0.113836 -0.051912 0.025292
v -0.115643 -0.067364 -0.000083
v -0.108844 -0.054854 0.024975
v -0.101857 -0.064512 0.000840
v -0.104506 -0.037226 0.021502
v -0.100027 -0.048669 0.024351
v -0.105813 -0.004505 0.011473
v -0.096871 -0.026753 0.019083
v -0.095953 -0.010052 0.016336
v -0.091236 -0.023523 0.014862
v -0.093307 -0.010002 0.004385
v -0.082062 -0.018150 0.020203
v -0.072964 -0.021879 0.015595
v -0.064139 -0.002074 0.003492
v -0.072481 -0.048136 0.034533
v -0.070911 -0.054817 0.000668
v -0.071687 -0.056029 0.026657
v -0.070904 -0.043334 0.018560
v -0.070614 -0.042171 0.025585
v -0.064575 -0.042899 0.031892
v -0.064102 -0.012122 0.018930
v -0.059908 -0.014001 0.011431
v -0.066354 -0.064681 -0.001649
v -0.059326 -0.057334 -0.000026
v -0.063010 -0.070893 0.004602
v -0.065150 -0.053306 0.038073
v -0.062107 -0.051576 0.015054
v -0.065626 -0.042779 0.029656
v -0.061830 -0.021499 0.018437
v -0.057031 -0.068349 0.019831
v -0.055727 -0.055538 0.043680
v -0.062360 -0.045180 0.035724
v -0.062427 -0.046320 0.031725
v -0.062942 -0.046956 0.027632
v -0.059730 -0.051146 0.020732
v -0.063544 -0.035856 0.031712
v -0.056269 -0.043210 0.034519
v -0.060977 -0.046779 0.014094
v -0.059611 -0.041988 0.027132
v -0.056231 -0.052831 0.023732
v -0.057996 -0.048028 0.031922
v -0.059046 -0.045761 0.035254
v -0.053109 -0.030795 0.032142
v -0.057567 -0.017618 0.027753
v -0.055374 -0.004421 0.004017
v -0.050882 -0.064170 -0.001875
v -0.054928 -0.055872 0.005707
v -0.048090 -0.050140 0.036268
v -0.053038 -0.046903 0.005729
v -0.053924 -0.036904 0.024715
v -0.049520 -0.009720 0.023812
v -0.045262 -0.070959 -0.002538
v -0.049826 -0.055848 0.017621
v -0.051116 -0.023253 0.023047
v -0.041522 -0.063569 0.020886
v -0.042989 -0.063705 -0.006881
v -0.045228 -0.052552 0.011956
v -0.043056 -0.047125 0.031775
v -0.044530 -0.013888 0.012192
v -0.042616 -0.033975 0.024790
v -0.040642 -0.006000 0.016684
v -0.037821 -0.056093 0.012469
v -0.038115 -0.042344 0.027545
v -0.033903 -0.015866 0.012288
v -0.040486 -0.017797 0.015421
v -0.033138 -0.029182 0.002609
v -0.028315 0.004906 0.013593
v -0.020991 -0.007686 0.008254
v -0.011776 -0.031611 0.030600
v -0.020358 -0.010554 0.022151
v -0.012747 -0.028946 0.013073
v -0.009615 -0.017411 0.029877
v -0.004690 -0.043332 0.036503
v -0.002731 -0.033690 0.036470
v 0.007610 -0.069291 0.025114
v 0.006145 -0.058543 0.043365
v 0.014260 -0.036105 0.033250
v -0.001361 -0.000432 0.019834
v 0.011921 -0.070880 0.044728
v 0.014251 -0.067189 0.047697
v 0.016611 -0.060708 0.045189
v 0.015107 -0.006814 0.024338
v 0.018714 -0.093230 0.019728
v 0.018643 -0.082565 0.048413
v 0.025384 -0.101748 0.029635
v 0.026643 -0.081890 0.053964
v 0.025294 -0.028737 0.032640
v 0.025601 -0.111755 0.001053
v 0.026113 -0.092793 0.055082
v 0.038877 -0.075107 0.047691
v 0.053824 -0.058949 0.044230
v 0.026478 -0.002944 0.020199
v 0.036021 -0.025204 0.029143
v 0.036336 -0.129817 0.009415
v 0.035635 -0.122828 0.002867
v 0.040641 -0.127698 0.036318
v 0.032739 -0.103690 0.059386
v 0.049585 -0.116518 0.066996
v 0.039463 -0.000878 0.023348
v 0.045167 -0.123636 0.067545
v 0.045915 -0.135789 0.008120
v 0.060487 -0.106918 0.060039
v 0.051657 -0.031391 0.033612
v 0.052653 -0.153913 0.017427
v 0.063544 -0.015840 0.029050
v 0.061003 -0.157769 0.043794
v 0.058352 -0.153593 0.013821
v 0.066696 -0.167093 0.018599
v 0.065754 -0.171331 0.024147
v 0.059605 -0.143653 0.074828
v 0.070096 -0.092192 0.057633
v 0.070146 -0.140184 0.012420
v 0.071491 -0.162037 0.078699
v 0.067468 -0.042902 0.038024
v 0.074251 -0.177601 0.045894
v 0.072856 -0.148722 0.079223
v 0.087544 -0.117515 0.067170
v 0.080022 -0.080000 0.050219
v 0.096663 -0.024172 0.033599
v 0.085332 -0.003419 0.025673
v 0.085803 -0.187938 0.027015
v 0.082530 -0.163937 0.085675
v 0.082876 -0.162120 0.020441
v 0.092230 -0.151062 0.076509
v 0.085760 -0.196400 0.032202
v 0.084413 -0.139177 0.007758
v 0.084440 -0.178080 0.085546
v 0.096570 -0.067813 0.049104
v 0.091028 -0.203063 0.039409
v 0.096833 -0.181222 0.092185
v 0.094356 -0.052935 0.043835
v 0.105187 -0.036189 0.037970
v 0.102485 -0.206243 0.076222
v 0.091194 -0.184943 0.090454
v 0.098443 -0.160403 0.016214
v 0.102269 -0.111420 0.062618
v 0.107595 -0.191971 0.032097
v 0.102406 -0.087562 0.056037
v 0.102197 -0.193808 0.096315
v 0.103198 -0.133397 0.010507
v 0.112926 -0.150908 0.016220
v 0.095591 0.000395 0.017866
v 0.103533 -0.219112 0.041958
v 0.111462 -0.218005 0.039116
v 0.110389 -0.207159 0.097107
v 0.129773 -0.193015 0.028697
v 0.118185 -0.159332 0.084612
v 0.110354 -0.024982 0.027076
v 0.117558 -0.229344 0.043498
v 0.116368 -0.232852 0.048671
v 0.123826 -0.188276 0.091460
v 0.133411 -0.073560 0.052017
v 0.118379 -0.052895 0.043638
v 0.125145 -0.211502 0.103090
v 0.135205 -0.171369 0.024385
v 0.130172 -0.149246 0.076980
v 0.121823 -0.127124 0.004550
v 0.134836 -0.102391 0.062486
v 0.130096 -0.226360 0.105453
v 0.132736 -0.144472 0.010134
v 0.127614 -0.050262 0.036234
v 0.129341 -0.038918 0.031928
v 0.122128 -0.008500 0.021462
v 0.130731 -0.241086 0.069523
v 0.132101 -0.218400 0.043587
v 0.134213 -0.250116 0.053985
v 0.132650 -0.242146 0.049034
v 0.133755 -0.119938 0.069158
v 0.136106 -0.025174 0.026863
v 0.144495 -0.210135 0.098957
v 0.143523 -0.183308 0.093391
v 0.142893 -0.162083 0.017241
v 0.142313 -0.137298 0.076058
v 0.145494 -0.232912 0.049408
v 0.153868 -0.238556 0.113523
v 0.152902 -0.114191 -0.000163
v 0.146651 -0.089568 0.058201
v 0.150276 -0.218008 0.039679
v 0.166615 -0.129155 0.005586
v 0.145363 -0.070362 0.043005
v 0.148022 -0.038496 0.030398
v 0.143744 -0.030196 0.023137
v 0.158937 -0.252027 0.116756
v 0.182770 -0.146926 0.012458
v 0.150210 -0.259360 0.056028
v 0.151573 -0.267182 0.060956
v 0.166643 -0.270146 0.094462
v 0.157915 -0.202464 0.037190
v 0.159398 -0.181075 0.089451
v 0.162280 -0.105502 0.064115
v 0.159672 -0.058330 0.038786
v 0.180055 -0.244555 0.112963
v 0.171484 -0.199895 0.032437
v 0.157641 -0.157201 0.083781
v 0.156519 -0.046373 0.029151
v 0.172621 -0.256551 0.057935
v 0.199292 -0.142053 0.078008
v 0.167028 -0.093533 0.051530
v 0.164357 -0.235829 0.048103
v 0.173682 -0.218833 0.105787
v 0.169072 -0.166675 0.087485
v 0.206783 -0.148378 0.080553
v 0.166876 -0.057961 0.034501
v 0.166779 -0.279710 0.066367
v 0.172694 -0.276793 0.062806
v 0.179759 -0.077900 0.046143
v 0.171221 -0.264068 0.120128
v 0.177540 -0.220294 0.042899
v 0.192097 -0.177839 0.024354
v 0.179352 -0.121512 0.070057
v 0.183034 -0.099032 0.001090
v 0.181722 -0.293030 0.072025
v 0.181811 -0.262596 0.122995
v 0.187487 -0.129692 0.011622
v 0.182759 -0.090670 0.002207
v 0.186342 -0.273924 0.125785
v 0.192409 -0.198724 0.098584
v 0.182738 -0.075360 0.038416
v 0.184399 -0.275652 0.121709
v 0.202411 -0.264010 0.059571
v 0.201061 -0.248219 0.053865
v 0.192404 -0.116973 0.060312
v 0.200625 -0.096955 0.052753
v 0.207542 -0.288049 0.072146
v 0.202879 -0.094907 0.046768
v 0.197592 -0.305202 0.077737
v 0.198120 -0.226530 0.043759
v 0.219878 -0.225899 0.110252
v 0.201303 -0.160213 0.018489
v 0.201684 -0.115961 0.007762
v 0.208966 -0.286720 0.133145
v 0.218181 -0.141955 0.070672
v 0.204735 -0.110975 0.011752
v 0.210861 -0.110067 0.057909
v 0.210518 -0.302650 0.109485
v 0.202726 -0.286986 0.129835
v 0.223388 -0.273136 0.124383
v 0.209296 -0.313383 0.082003
v 0.220944 -0.202377 0.099028
v 0.232886 -0.194128 0.030220
v 0.218464 -0.316034 0.080384
v 0.227292 -0.251811 0.119921
v 0.219619 -0.220510 0.042401
v 0.225396 -0.173620 0.091037
v 0.220210 -0.151055 0.020384
v 0.232527 -0.292271 0.071842
v 0.235240 -0.263707 0.060160
v 0.235350 -0.127479 0.064321
v 0.228279 -0.304321 0.137111
v 0.228790 -0.241299 0.050077
v 0.241072 -0.179024 0.031697
v 0.231641 -0.143475 0.018225
v 0.222441 -0.112379 0.053815
v 0.227828 -0.298297 0.137812
v 0.223533 -0.129186 0.016745
v 0.230002 -0.327228 0.089595
v 0.243902 -0.312234 0.083117
v 0.241058 -0.316996 0.132877
v 0.240561 -0.175445 0.090725
v 0.242742 -0.129075 0.061166
v 0.231774 -0.325165 0.083793
v 0.240528 -0.279971 0.067006
v 0.236734 -0.195191 0.098491
v 0.247902 -0.288287 0.129854
v 0.246459 -0.233785 0.113364
v 0.247820 -0.218980 0.106078
v 0.256382 -0.164237 0.026172
v 0.249663 -0.166218 0.080392
v 0.242852 -0.335697 0.090408
v 0.246258 -0.147106 0.025255
v 0.258194 -0.145960 0.071530
v 0.250029 -0.327018 0.086940
v 0.248425 -0.313727 0.143474
v 0.258059 -0.237874 0.051335
v 0.262468 -0.213558 0.039109
v 0.264630 -0.260831 0.058996
v 0.255379 -0.342524 0.097875
v 0.256655 -0.342530 0.091369
v 0.254905 -0.274122 0.127668
v 0.273512 -0.247312 0.118771
v 0.280628 -0.202173 0.100566
v 0.262332 -0.324934 0.144515
v 0.264151 -0.292804 0.072042
v 0.263017 -0.144850 0.065204
v 0.281107 -0.306670 0.135543
v 0.299760 -0.264502 0.063780
v 0.283923 -0.236829 0.112322
v 0.297371 -0.212841 0.045078
v 0.274322 -0.173574 0.030791
v 0.268877 -0.162686 0.033563
v 0.291402 -0.169807 0.082302
v 0.269371 -0.350401 0.098819
v 0.275590 -0.348209 0.092823
v 0.283034 -0.334026 0.148495
v 0.274041 -0.322825 0.146465
v 0.299046 -0.339838 0.095465
v 0.298812 -0.297046 0.137764
v 0.290621 -0.358410 0.095914
v 0.288018 -0.160909 0.071276
v 0.294171 -0.322909 0.084637
v 0.291770 -0.300806 0.076083
v 0.302570 -0.198258 0.039867
v 0.300988 -0.188729 0.037728
v 0.309340 -0.280061 0.067775
v 0.300904 -0.256637 0.122602
v 0.301897 -0.236804 0.049570
v 0.294923 -0.193723 0.092093
v 0.303515 -0.337840 0.152832
v 0.301765 -0.181807 0.043201
v 0.300008 -0.364957 0.101522
v 0.306873 -0.344491 0.152379
v 0.324778 -0.282629 0.132691
v 0.308966 -0.360321 0.121368
v 0.331640 -0.265530 0.126647
v 0.310316 -0.225296 0.111274
v 0.322586 -0.211122 0.100596
v 0.313447 -0.321476 0.142875
v 0.315040 -0.176066 0.079385
v 0.323784 -0.367926 0.099310
v 0.317295 -0.309116 0.080294
v 0.315209 -0.329338 0.088239
v 0.329670 -0.376240 0.106977
v 0.342216 -0.296127 0.075501
v 0.329262 -0.187777 0.089969
v 0.345066 -0.254904 0.120258
v 0.345969 -0.234040 0.115484
v 0.331710 -0.187629 0.073290
v 0.334438 -0.354438 0.155008
v 0.334735 -0.350075 0.157313
v 0.331288 -0.307254 0.142480
v 0.350801 -0.199722 0.095820
v 0.326479 -0.197078 0.045053
v 0.343111 -0.235188 0.055696
v 0.353149 -0.369056 0.139332
v 0.359231 -0.314906 0.083209
v 0.335419 -0.226370 0.111081
v 0.343198 -0.211370 0.046474
v 0.339355 -0.188294 0.085988
v 0.351807 -0.362407 0.103131
v 0.344560 -0.332973 0.148711
v 0.339445 -0.272611 0.068281
v 0.345174 -0.251293 0.057274
v 0.356336 -0.346794 0.098247
v 0.353281 -0.326463 0.088173
v 0.359455 -0.210012 0.053807
v 0.351958 -0.378470 0.104335
v 0.364936 -0.220881 0.104045
v 0.352528 -0.359040 0.159232
v 0.371905 -0.289859 0.137174
v 0.367114 -0.198374 0.090679
v 0.352833 -0.382492 0.110690
v 0.377734 -0.286694 0.072177
v 0.372793 -0.270919 0.068588
v 0.372585 -0.223616 0.052391
v 0.372747 -0.202796 0.096622
v 0.362969 -0.365584 0.163300
v 0.355032 -0.354345 0.159715
v 0.385355 -0.322167 0.150183
v 0.361012 -0.376505 0.137529
v 0.363379 -0.389278 0.107844
v 0.362550 -0.355097 0.099915
v 0.370512 -0.256195 0.060688
v 0.367135 -0.388491 0.111369
v 0.367847 -0.371431 0.147649
v 0.369497 -0.363931 0.097287
v 0.398532 -0.302976 0.080200
v 0.387197 -0.262968 0.126726
v 0.374984 -0.243501 0.059736
v 0.374957 -0.356575 0.161530
v 0.372965 -0.348026 0.095795
v 0.389892 -0.335278 0.091937
v 0.373274 -0.324768 0.087384
v 0.389044 -0.240840 0.116342
v 0.382906 -0.218385 0.057096
v 0.376227 -0.378079 0.106367
v 0.376412 -0.373363 0.124357
v 0.378272 -0.341646 0.154394
v 0.408158 -0.212125 0.102311
v 0.379598 -0.362212 0.102884
v 0.384712 -0.355549 0.097803
v 0.378303 -0.351645 0.137567
v 0.384651 -0.339547 0.146620
v 0.402161 -0.208297 0.095206
v 0.388006 -0.352566 0.107628
v 0.385365 -0.334377 0.152174
v 0.406286 -0.280598 0.071095
v 0.406905 -0.263879 0.065601
v 0.394850 -0.323209 0.156196
v 0.404056 -0.268203 0.129195
v 0.418407 -0.231330 0.111543
v 0.400097 -0.339307 0.087069
v 0.400503 -0.354024 0.093271
v 0.400274 -0.337983 0.131803
v 0.402880 -0.225675 0.056741
v 0.399223 -0.329088 0.156193
v 0.418829 -0.250167 0.062986
v 0.405876 -0.315420 0.078661
v 0.405743 -0.303223 0.148757
v 0.408994 -0.287706 0.142339
v 0.427195 -0.234282 0.059343
v 0.405599 -0.344506 0.092724
v 0.404318 -0.322948 0.150425
v 0.407829 -0.311498 0.149123
v 0.414489 -0.225942 0.060881
v 0.417113 -0.219895 0.077420
v 0.428385 -0.213469 0.098262
v 0.414343 -0.320655 0.082256
v 0.407959 -0.317873 0.136392
v 0.412706 -0.326494 0.089845
v 0.431827 -0.218454 0.105918
v 0.416302 -0.297145 0.071188
v 0.413926 -0.296457 0.143531
v 0.418920 -0.274095 0.063361
v 0.419765 -0.258416 0.130332
v 0.417270 -0.291065 0.138099
v 0.424048 -0.273273 0.132676
v 0.422772 -0.300557 0.080900
v 0.426637 -0.272352 0.118518
v 0.431588 -0.230665 0.118945
v 0.426273 -0.284543 0.069212
v 0.431493 -0.257076 0.057176
v 0.449549 -0.232247 0.067518
v 0.432065 -0.276272 0.072188
v 0.438371 -0.237107 0.116411
v 0.430843 -0.254094 0.124389
v 0.444883 -0.237997 0.060755
v 0.447164 -0.220995 0.091651
v 0.440826 -0.251455 0.064301
v 0.442408 -0.241429 0.084636
v 0.443636 -0.218253 0.111128
v 0.445188 -0.223090 0.110018
v 0.447618 -0.217614 0.104185
v -0.454402 0.029240 0.008685
v -0.443897 0.052925 0.001693
v -0.411607 0.059619 0.000454
v -0.425923 0.018817 0.015370
v -0.408316 0.006342 0.021451
v -0.409716 0.037010 0.009233
v -0.381546 0.021546 0.016527
v -0.384678 0.053274 0.004307
v -0.374175 0.032753 0.013066
v -0.383706 0.031277 0.000952
v -0.381057 0.014300 0.010479
v -0.353621 0.058529 0.010863
v -0.362247 0.007392 0.011952
v -0.350777 0.025087 0.014684
v -0.364403 0.020342 0.002784
v -0.336110 0.045991 0.015892
v -0.325562 0.017378 0.010531
v -0.333205 0.017942 0.015665
v -0.328320 0.069877 0.006065
v -0.315895 0.032372 0.010960
v -0.312139 0.050597 0.012987
v -0.309225 0.003677 0.015176
v -0.294335 0.019099 0.017144
v -0.289591 0.021758 0.010097
v -0.290467 0.010080 0.021654
v -0.286692 0.040031 0.000652
v -0.286225 0.038947 0.009260
v -0.288069 0.087692 0.002178
v -0.292121 0.071015 0.007424
v -0.290977 0.003849 0.011523
v -0.280743 0.010605 0.013816
v -0.261685 0.059162 0.011713
v -0.264972 0.081805 0.005473
v -0.261813 0.035936 0.011659
v -0.256194 0.047926 0.008526
v -0.259010 0.019634 0.019981
v -0.255055 0.024839 0.011626
v -0.252872 0.014281 0.011875
v -0.247393 0.005077 0.025513
v -0.233195 0.053858 -0.001442
v -0.221035 0.087569 0.006840
v -0.236211 0.025620 0.018986
v -0.237503 0.052209 0.007914
v -0.224994 0.022147 0.012456
v -0.237107 0.037273 0.006808
v -0.237118 0.065897 0.010144
v -0.217926 0.043559 0.012413
v -0.229638 0.010572 0.023916
v -0.196183 0.033986 0.018784
v -0.209940 0.020339 0.023502
v -0.213110 0.040264 0.007199
v -0.206919 0.065986 0.006507
v -0.207917 0.028211 0.012308
v -0.207406 0.015263 0.020786
v -0.208220 0.010532 0.007008
v -0.198685 0.025875 0.007670
v -0.185374 0.091586 0.011452
v -0.181257 0.020311 0.019554
v -0.180399 0.034556 0.012009
v -0.182195 0.026619 0.023474
v -0.197135 0.051266 0.011290
v -0.179127 0.049583 0.006298
v -0.169101 0.080469 0.003239
v -0.172703 0.097492 0.015148
v -0.178446 0.112533 0.007164
v -0.170921 0.021134 0.010717
v -0.158803 0.052505 0.013444
v -0.162370 0.117495 0.007194
v -0.163409 0.032848 0.023003
v -0.167158 0.106979 0.009657
v -0.154593 0.043372 0.010568
v -0.151895 0.059096 0.003090
v -0.149177 0.069061 0.007213
v -0.166809 0.090742 0.008580
v -0.163271 0.099881 0.019407
v -0.158078 0.098984 0.004452
v -0.163243 0.110959 0.010016
v -0.150898 0.028054 0.018866
v -0.149369 0.039366 0.009243
v -0.156162 0.098811 0.023853
v -0.160311 0.100910 -0.002685
v -0.150832 0.023502 0.004664
v -0.147360 0.032781 0.023660
v -0.150190 0.104850 0.021494
v -0.150604 0.115576 0.009989
v -0.145453 0.046237 0.019654
v -0.135531 0.090358 0.001187
v -0.135929 0.098003 0.015114
v -0.148617 0.104162 0.028521
v -0.139049 0.109969 0.027545
v -0.140914 0.020647 0.012603
v -0.137766 0.108543 0.032785
v -0.135675 0.033989 0.030637
v -0.132542 0.059031 0.018552
v -0.134543 0.045393 0.030536
v -0.128043 0.039848 0.038882
v -0.121404 0.074266 0.008607
v -0.124279 0.108914 0.015983
v -0.114343 0.028852 0.014549
v -0.123492 0.111797 0.002632
v -0.123157 0.112815 0.029024
v -0.132288 0.047419 0.003989
v -0.127033 0.040730 0.003276
v -0.129753 0.048584 -0.002185
v -0.129003 0.057556 -0.001418
v -0.113641 0.062878 0.015788
v -0.119118 0.099879 0.001013
v -0.128796 0.121815 0.019666
v -0.120486 0.037361 0.020342
v -0.120235 0.045346 0.030299
v -0.120879 0.050652 0.022207
v -0.114599 0.102746 0.012360
v -0.120742 0.108085 0.001182
v -0.116865 0.119444 0.026165
v -0.117521 0.134218 0.011990
v -0.105470 0.041864 0.009911
v -0.116291 0.038747 0.003083
v -0.115222 0.053008 0.006196
v -0.113018 0.019140 -0.000591
v -0.106215 0.037194 0.007810
v -0.109997 0.047964 0.031623
v -0.108520 0.062049 -0.004157
v -0.104760 0.064831 0.000184
v -0.101379 0.085346 0.004980
v -0.113937 0.110785 0.000626
v -0.091274 0.040800 0.015487
v -0.099893 0.051517 -0.001212
v -0.103134 0.055714 0.020224
v -0.102848 0.015857 0.006363
v -0.081296 0.045920 0.003272
v -0.085300 0.035074 0.014636
v -0.091849 0.050492 0.028964
v -0.096281 0.069295 0.016816
v -0.080768 0.091731 0.004550
v -0.075487 0.020028 0.005991
v -0.080118 0.045836 0.007592
v -0.081450 0.053465 0.007719
v -0.087899 0.057010 0.023765
v -0.085443 0.061380 0.003772
v -0.078146 0.078982 0.016802
v -0.068518 0.029480 0.006767
v -0.082626 0.054452 0.024071
v -0.080589 0.062021 -0.001235
v -0.073208 0.058277 0.002586
v -0.073316 0.066677 0.017276
v -0.062663 0.039427 0.014353
v -0.073753 0.050163 0.011938
v -0.067897 0.055686 0.007673
v -0.063729 0.083264 0.010116
v -0.059449 0.012103 -0.000908
v -0.056359 0.067632 0.003155
v -0.048569 0.007934 0.013651
v -0.049666 0.022299 0.006714
v -0.054410 0.096668 0.005457
v -0.055297 0.040870 0.013271
v -0.040102 0.034275 0.003631
v -0.015046 0.097956 0.003734
v -0.027496 0.032500 0.009897
v -0.018273 0.106037 0.005071
v -0.020426 0.006001 0.019759
v -0.000839 0.025346 0.010822
v 0.013510 0.032532 0.009137
v 0.016768 0.112909 0.005653
v 0.016092 0.046780 0.006110
v 0.039375 0.058630 0.002811
v 0.024034 0.118567 0.003625
v 0.040639 0.012278 0.018844
v 0.027928 0.030455 0.011922
v 0.060395 0.046814 0.008195
v 0.048809 0.115260 0.004730
v 0.041320 0.122358 0.003204
v 0.043107 0.223407 0.024567
v 0.043636 0.245330 0.020294
v 0.045785 0.238665 0.031336
v 0.062698 0.026563 0.015196
v 0.079424 0.128537 0.005293
v 0.048185 0.214629 0.021647
v 0.049996 0.219175 0.037470
v 0.050595 0.244178 0.026496
v 0.051888 0.216479 0.005374
v 0.052597 0.215051 0.029434
v 0.053959 0.236148 0.033424
v 0.055508 0.221592 0.035600
v 0.078764 0.010708 0.019896
v 0.067954 0.059577 -0.002439
v 0.076820 0.031981 0.007658
v 0.086367 0.050294 0.001887
v 0.098494 0.036200 0.006156
v 0.111825 0.013955 0.013821
v 0.131313 0.144233 0.009812
v 0.134674 0.130624 0.005062
v 0.143818 0.141487 0.007460
v 0.149713 0.140108 0.002051
v 0.158812 0.148063 0.002861
v 0.173482 0.147305 0.001543
v 0.188456 0.153139 0.002922
v 0.208144 0.162935 -0.000085
v 0.229411 0.162137 0.004332
v 0.221895 0.151686 0.004883
v 0.260605 0.160835 0.001314
v 0.285783 0.168296 0.000211
vn -0.7653 0.5839 -0.2709
vn -0.3648 0.6389 -0.6773
vn -0.9008 0.0904 -0.4247
vn -0.8488 0.4836 0.2137
vn -0.3940 -0.0185 -0.9189
vn -0.8559 -0.2801 -0.4348
vn -0.4132 0.2730 -0.8687
vn -0.3058 0.8861 -0.3482
vn -0.8318 -0.3644 -0.4187
vn -0.9457 -0.3149 0.0803
vn -0.2683 -0.1806 -0.9463
vn -0.3050 0.9488 0.0826
vn -0.2350 -0.2912 -0.9273
vn -0.9496 -0.3019 0.0839
vn -0.6446 -0.4807 -0.5945
vn -0.1412 0.4714 -0.8706
vn -0.6936 -0.4818 -0.5355
vn -0.9529 -0.2929 0.0782
vn -0.2302 0.8877 -0.3988
vn -0.0006 -0.1149 -0.9934
vn -0.0398 0.0707 -0.9967
vn -0.7515 -0.4549 -0.4778
vn -0.1170 -0.4112 -0.9040
vn 0.0261 -0.3947 -0.9184
vn 0.0292 -0.2859 -0.9578
vn -0.1758 0.6371 -0.7505
vn -0.1049 -0.4636 -0.8798
vn 0.0448 -0.3708 -0.9277
vn -0.2350 0.9677 0.0914
vn 0.0283 -0.4256 -0.9045
vn -0.2408 0.9181 -0.3149
vn 0.0219 -0.1593 -0.9870
vn 0.0517 -0.3952 -0.9171
vn -0.1044 0.3187 -0.9421
vn 0.0550 -0.3826 -0.9223
vn 0.0541 -0.4169 -0.9073
vn 0.0556 -0.4059 -0.9122
vn 0.0543 -0.3685 -0.9280
vn 0.0547 -0.3224 -0.9450
vn -0.2056 0.7085 -0.6751
vn -0.0481 0.1170 -0.9920
vn -0.1365 0.4955 -0.8578
vn -0.2433 0.9358 -0.2553
vn 0.0593 -0.3972 -0.9158
vn -0.2288 0.9618 0.1500
vn 0.0592 -0.3756 -0.9249
vn 0.0612 -0.3511 -0.9344
vn 0.0573 -0.4119 -0.9094
vn 0.0542 -0.3195 -0.9460
vn 0.0217 -0.1720 -0.9849
vn 0.0557 -0.3933 -0.9177
vn 0.0527 -0.3408 -0.9387
vn -0.0596 0.1118 -0.9919
vn 0.0614 -0.3906 -0.9185
vn -0.2431 0.8952 -0.3735
vn 0.0561 -0.3765 -0.9247
vn 0.0514 -0.3876 -0.9204
vn -0.1525 0.4683 -0.8703
vn -0.2457 0.9693 0.0061
vn -0.2517 0.8147 -0.5223
vn 0.0535 -0.3621 -0.9306
vn 0.0049 -0.1996 -0.9799
vn 0.0500 -0.2985 -0.9531
vn -0.0645 0.0336 -0.9974
vn 0.0420 -0.3227 -0.9456
vn -0.1590 0.4281 -0.8896
vn 0.0498 -0.3774 -0.9247
vn -0.0084 -0.1521 -0.9883
vn 0.0292 -0.2698 -0.9625
vn 0.0495 -0.3606 -0.9314
vn -0.0713 0.1197 -0.9902
vn -0.2512 0.9548 0.1586
vn -0.2071 0.8621 0.4626
vn 0.0580 -0.3875 -0.9200
vn 0.0408 -0.3510 -0.9355
vn -0.2761 0.9042 -0.3259
vn -0.0005 -0.1672 -0.9859
vn 0.0479 -0.3706 -0.9276
vn 0.0309 -0.3373 -0.9409
vn -0.2243 0.5728 -0.7884
vn 0.0337 -0.3069 -0.9511
vn 0.0356 -0.2768 -0.9603
vn 0.0307 -0.3518 -0.9356
vn 0.0233 -0.2867 -0.9577
vn -0.2808 0.9330 0.2251
vn 0.0538 -0.4092 -0.9109
vn -0.2957 0.9082 -0.2962
vn 0.0638 -0.4025 -0.9132
vn 0.0422 -0.3569 -0.9332
vn -0.0445 0.0273 -0.9986
vn 0.0640 -0.3789 -0.9232
vn -0.1259 0.3340 -0.9341
vn 0.1205 -0.4532 -0.8832
vn 0.0200 -0.2939 -0.9556
vn -0.1746 0.7158 -0.6761
vn 0.0230 -0.3000 -0.9537
vn -0.2015 0.9792 -0.0249
vn 0.0444 -0.3346 -0.9413
vn 0.0172 -0.2867 -0.9579
vn -0.0024 -0.1081 -0.9941
vn -0.1745 0.8230 0.5405
vn 0.0466 -0.3951 -0.9175
vn 0.0386 -0.3286 -0.9437
vn 0.0177 -0.2794 -0.9600
vn -0.0060 0.0699 -0.9975
vn 0.0188 0.9789 -0.2035
vn 0.1522 -0.4867 -0.8602
vn -0.0899 0.8681 0.4882
vn 0.1328 -0.4654 -0.8751
vn 0.0601 0.4010 -0.9141
vn -0.0465 0.7225 -0.6898
vn 0.0394 -0.3270 -0.9442
vn 0.0309 -0.0198 -0.9993
vn 0.0495 0.9163 0.3974
vn 0.1847 0.6562 -0.7316
vn 0.1149 -0.5287 -0.8410
vn 0.0149 -0.3204 -0.9472
vn -0.0094 -0.3164 -0.9486
vn 0.2151 -0.6086 -0.7638
vn 0.2004 0.9763 -0.0820
vn 0.0857 0.9019 0.4234
vn -0.0305 -0.0752 -0.9967
vn 0.0116 0.1657 -0.9861
vn 0.0910 0.8763 -0.4732
vn 0.0190 -0.3485 -0.9371
vn 0.0463 -0.4171 -0.9077
vn 0.0918 -0.5341 -0.8404
vn -0.0354 0.4989 -0.8659
vn 0.1386 -0.6213 -0.7712
vn 0.0176 -0.2923 -0.9562
vn 0.0162 -0.3229 -0.9463
vn -0.1468 0.1368 -0.9797
vn -0.0286 0.9993 -0.0249
vn -0.2498 0.8564 -0.4519
vn -0.2887 0.3991 -0.8703
vn 0.3631 -0.7650 -0.5320
vn -0.4351 0.7337 -0.5219
vn -0.3586 0.8491 0.3879
vn 0.4156 -0.7349 -0.5359
vn -0.0595 -0.1095 -0.9922
vn -0.5038 0.8621 0.0536
vn 0.1320 -0.5593 -0.8184
vn -0.0872 -0.1284 -0.9879
vn -0.2478 0.0659 -0.9666
vn -0.4586 0.4624 -0.7589
vn -0.5798 0.7293 -0.3632
vn -0.0109 -0.3328 -0.9429
vn -0.5958 0.7984 0.0867
vn 0.1195 -0.6154 -0.7791
vn 0.3537 -0.8171 -0.4552
vn -0.4009 0.7099 0.5790
vn -0.1797 -0.1101 -0.9775
vn -0.5389 0.4111 -0.7352
vn 0.5544 -0.8316 0.0340
vn -0.5578 0.6788 -0.4776
vn -0.2925 -0.0084 -0.9562
vn 0.4278 -0.8569 -0.2874
vn 0.0179 -0.4682 -0.8835
vn -0.4448 0.4812 -0.7554
vn -0.1178 -0.1814 -0.9763
vn 0.2405 -0.7508 -0.6151
vn -0.2008 -0.1595 -0.9666
vn -0.1771 -0.1601 -0.9711
vn -0.1052 -0.2858 -0.9525
vn -0.2866 0.1385 -0.9480
vn 0.0253 -0.5783 -0.8154
vn 0.2649 -0.9012 -0.3431
vn 0.5200 -0.8540 0.0167
vn 0.4644 -0.8798 -0.1008
vn -0.1626 -0.2573 -0.9525
vn -0.2387 -0.1570 -0.9583
vn 0.4480 -0.8599 0.2446
vn 0.0623 -0.7775 -0.6257
vn -0.0793 -0.2962 -0.9518
vn 0.3211 -0.9444 0.0710
vn -0.0233 -0.4095 -0.9120
vn -0.1818 -0.0188 -0.9832
vn 0.1982 -0.9700 -0.1410
vn 0.2984 -0.9299 0.2150
vn 0.2810 -0.6734 -0.6838
vn 0.0702 -0.1955 -0.9782
vn 0.2380 -0.2533 -0.9377
vn 0.2494 -0.2688 -0.9303
vn 0.1559 -0.3273 -0.9320
vn 0.4441 -0.8140 0.3745
vn 0.3574 -0.8151 0.4559
vn 0.4240 -0.9028 0.0715
vn 0.2870 -0.2342 -0.9289
vn 0.3808 -0.7079 -0.5948
vn 0.0747 -0.3467 -0.9350
vn 0.5318 -0.7797 0.3306
vn 0.4284 -0.8799 0.2058
vn 0.0396 -0.3494 -0.9361
vn 0.0533 -0.3763 -0.9250
vn 0.0460 -0.3730 -0.9267
vn 0.2330 -0.8414 -0.4876
vn 0.3096 -0.8796 0.3612
vn 0.0348 -0.3735 -0.9270
vn 0.0314 -0.4048 -0.9139
vn 0.0363 -0.8644 -0.5016
vn -0.0600 -0.9565 0.2855
vn 0.8619 0.3898 0.3244
vn 0.9695 0.2397 -0.0507
vn 0.4900 0.8087 -0.3253
vn 0.9702 0.1751 -0.1674
vn 0.8424 0.3718 0.3900
vn 0.2028 0.3733 0.9053
vn 0.1205 0.4599 0.8797
vn 0.0105 -0.9312 0.3645
vn 0.2591 0.7021 0.6632
vn 0.3591 0.9319 -0.0509
vn 0.0751 -0.3418 -0.9368
vn 0.1502 -0.6891 -0.7090
vn -0.0175 -0.9935 -0.1124
vn -0.5600 -0.7887 -0.2536
vn -0.7207 -0.6932 0.0132
vn -0.2512 0.9645 0.0811
vn -0.1211 0.5613 0.8187
vn -0.6554 -0.7413 0.1450
vn -0.0631 0.3025 0.9511
vn -0.2703 0.9155 -0.2979
vn 0.4792 0.7403 -0.4715
vn 0.0922 -0.3804 -0.9202
vn -0.9227 -0.3287 -0.2015
vn -0.9152 -0.1986 0.3507
vn -0.2372 0.8792 -0.4133
vn -0.7607 -0.6181 0.1982
vn -0.6370 -0.7511 -0.1734
vn -0.5863 -0.5466 -0.5979
vn -0.1717 -0.7907 -0.5877
vn 0.0939 -0.3362 -0.9371
vn -0.0517 0.3069 0.9504
vn 0.0724 -0.3797 -0.9223
vn 0.1487 -0.9195 -0.3640
vn -0.2317 0.8915 -0.3894
vn -0.2138 0.3513 0.9115
vn -0.3144 -0.6540 -0.6881
vn -0.2449 0.9665 0.0768
vn -0.1694 -0.4482 -0.8777
vn 0.0001 -0.5455 -0.8381
vn -0.7288 -0.6472 -0.2234
vn 0.1339 -0.6683 -0.7317
vn 0.0592 -0.3663 -0.9286
vn -0.2162 0.8925 -0.3960
vn -0.2155 0.9034 -0.3708
vn -0.3789 -0.1952 -0.9046
vn -0.8132 0.0714 -0.5775
vn -0.8745 -0.1479 -0.4620
vn -0.3035 -0.3580 -0.8830
vn 0.1431 -0.7793 -0.6101
vn 0.0682 -0.3850 -0.9204
vn -0.0464 0.2617 0.9640
vn 0.0060 -0.3342 -0.9425
vn 0.0641 -0.4499 -0.8908
vn -0.1528 0.6656 0.7305
vn -0.2194 0.9752 -0.0287
vn -0.0123 -0.3039 -0.9526
vn -0.3316 -0.1935 -0.9234
vn -0.0577 0.3601 0.9311
vn 0.0341 -0.3299 -0.9434
vn -0.1340 0.7015 0.7000
vn -0.2406 0.8842 -0.4003
vn 0.0485 -0.3513 -0.9350
vn 0.0426 -0.3204 -0.9463
vn 0.0439 -0.3012 -0.9526
vn -0.2107 0.9775 -0.0021
vn -0.2255 0.8925 -0.3907
vn 0.0374 -0.2860 -0.9575
vn 0.0660 -0.3979 -0.9151
vn 0.0392 -0.3385 -0.9402
vn 0.0906 -0.4365 -0.8951
vn 0.1647 -0.7421 -0.6498
vn 0.0655 -0.3576 -0.9316
vn 0.0776 -0.3283 -0.9414
vn 0.0412 -0.3375 -0.9404
vn 0.0516 -0.3121 -0.9487
vn 0.0514 -0.3170 -0.9470
vn 0.1706 -0.7679 -0.6174
vn -0.1776 0.8269 0.5335
vn -0.2386 0.9471 -0.2148
vn -0.0580 0.3809 0.9228
vn 0.3510 -0.3519 -0.8678
vn 0.1665 -0.4339 -0.8855
vn 0.3506 -0.8657 -0.3573
vn 0.0713 -0.3269 -0.9423
vn 0.2094 -0.3631 -0.9079
vn 0.1158 -0.4815 -0.8688
vn 0.6056 -0.3356 -0.7215
vn 0.4045 -0.4118 -0.8166
vn -0.2347 0.9435 -0.2339
vn -0.2464 0.8755 -0.4157
vn 0.4180 -0.3092 -0.8542
vn 0.4109 -0.5336 -0.7392
vn 0.8893 -0.2730 -0.3669
vn 0.8286 -0.5358 -0.1622
vn 0.8431 -0.3057 -0.4423
vn 0.1331 -0.4776 -0.8684
vn 0.7680 0.0210 -0.6401
vn 0.3264 -0.8638 -0.3837
vn -0.2053 0.8964 0.3928
vn 0.4769 -0.8287 -0.2931
vn 0.7316 -0.6818 -0.0034
vn 0.8476 -0.4619 0.2611
vn 0.7419 -0.5421 0.3946
vn 0.8088 0.1433 0.5703
vn 0.9865 0.1415 -0.0828
vn 0.8111 -0.0363 -0.5838
vn 0.3300 -0.9008 0.2823
vn 0.3311 0.3139 -0.8899
vn 0.2323 -0.9607 -0.1521
vn -0.0292 -0.9353 -0.3528
vn 0.1068 -0.5632 -0.8194
vn 0.2620 -0.9347 0.2402
vn -0.7131 0.0866 0.6957
vn -0.3456 -0.8848 0.3125
vn -0.9120 -0.4064 0.0557
vn -0.0891 -0.6417 0.7618
vn -0.2235 -0.9428 -0.2471
vn -0.4188 -0.6210 -0.6625
vn -0.5215 -0.7761 -0.3547
vn 0.3841 -0.4169 -0.8238
vn 0.6857 -0.0780 -0.7237
vn 0.4333 -0.8826 -0.1822
vn 0.9872 -0.0613 -0.1475
vn 0.9063 -0.4205 -0.0424
vn 0.5656 0.0827 0.8205
vn 0.1343 0.2014 -0.9703
vn 0.0379 -0.2299 -0.9725
vn -0.2049 0.7859 -0.5834
vn -0.7165 0.0240 -0.6972
vn 0.0507 -0.7643 -0.6428
vn -0.2640 -0.2177 -0.9396
vn -0.5968 -0.4885 -0.6366
vn -0.6211 -0.4295 -0.6555
vn -0.9726 -0.2299 0.0334
vn 0.6711 -0.4967 -0.5503
vn -0.4490 -0.2712 -0.8514
vn -0.9115 0.1742 0.3727
vn 0.8767 -0.3757 -0.3005
vn 0.8705 -0.4308 -0.2381
vn 0.9781 0.1417 -0.1522
vn 0.7768 0.0520 0.6276
vn 0.0937 -0.9772 -0.1906
vn 0.9087 -0.4161 0.0338
vn 0.0526 -0.4387 -0.8971
vn 0.5832 -0.6103 0.5361
vn 0.0033 -0.3302 0.9439
vn 0.0983 -0.9784 -0.1817
vn -0.0940 0.2470 0.9644
vn 0.8680 -0.4939 0.0524
vn 0.0705 -0.9571 -0.2812
vn -0.0937 0.0852 0.9919
vn 0.1594 -0.6136 -0.7734
vn -0.6011 0.1492 0.7852
vn 0.2765 -0.4020 -0.8729
vn -0.9438 -0.1864 -0.2729
vn -0.1419 -0.6966 -0.7033
vn -0.9658 -0.2527 0.0587
vn -0.8762 -0.3590 -0.3215
vn 0.6206 -0.6224 -0.4769
vn 0.8871 -0.4275 -0.1740
vn 0.4165 -0.8712 0.2599
vn 0.1492 -0.8381 -0.5247
vn 0.4948 -0.2422 -0.8346
vn 0.8567 -0.1848 -0.4816
vn -0.8044 0.0433 -0.5926
vn 0.0251 0.0022 -0.9997
vn -0.9988 0.0347 0.0350
vn -0.1266 -0.9683 -0.2151
vn -0.7561 -0.4656 -0.4600
vn -0.9198 -0.3869 0.0658
vn -0.2274 -0.5822 0.7806
vn -0.9297 -0.3681 -0.0134
vn -0.4616 -0.4576 -0.7600
vn -0.1611 -0.3567 -0.9202
vn -0.6048 -0.5092 -0.6124
vn -0.6223 -0.5208 -0.5844
vn -0.9028 -0.4132 0.1194
vn -0.0052 -0.3620 -0.9322
vn -0.0380 -0.3537 -0.9346
vn -0.5742 -0.5334 -0.6211
vn -0.8800 -0.4534 0.1417
vn -0.0146 -0.3804 -0.9247
vn -0.7007 -0.5882 -0.4038
vn 0.0450 -0.3209 -0.9460
vn 0.0503 -0.3031 -0.9516
vn -0.0135 -0.3476 -0.9375
vn 0.0166 -0.3386 -0.9408
vn 0.0147 -0.3206 -0.9471
vn -0.0008 -0.3094 -0.9509
vn -0.1282 -0.3753 -0.9180
vn -0.1330 -0.3778 -0.9163
vn -0.1212 -0.3687 -0.9216
vn -0.0343 -0.3481 -0.9368
vn 0.0526 -0.3005 -0.9523
vn 0.2165 -0.1976 -0.9561
vn -0.0913 -0.3692 -0.9249
vn -0.0625 -0.3949 -0.9166
vn 0.0409 -0.3264 -0.9443
vn 0.1966 -0.1953 -0.9608
vn -0.0603 -0.3916 -0.9182
vn 0.1853 -0.2026 -0.9616
vn 0.1664 -0.2188 -0.9615
vn 0.1898 -0.1969 -0.9619
vn 0.2036 -0.2128 -0.9557
vn 0.1929 -0.2096 -0.9586
vn 0.1904 -0.1946 -0.9622
vn 0.1855 -0.2119 -0.9595
vn 0.4298 -0.0029 -0.9029
vn 0.7082 0.2326 -0.6666
vn -0.0675 -0.3899 -0.9184
vn 0.1813 -0.2112 -0.9605
vn 0.8353 0.4199 -0.3548
vn 0.7870 0.4098 -0.4612
vn 0.7526 0.6110 0.2453
vn 0.2427 -0.1259 -0.9619
vn 0.7452 0.3647 -0.5583
vn 0.1933 -0.1747 -0.9655
vn 0.6863 0.4195 -0.5941
vn 0.3370 -0.0235 -0.9412
vn -0.5477 0.8366 -0.0106
vn -0.4103 0.6916 0.5945
vn -0.3378 0.8255 0.4521
vn -0.4364 0.8938 -0.1028
vn -0.3519 0.8599 -0.3698
vn -0.2990 0.6145 -0.7301
vn -0.2804 0.9599 -0.0026
vn -0.3302 0.8372 -0.4360
vn -0.2583 0.7391 0.6221
vn -0.3326 0.5934 0.7330
vn -0.3145 0.2010 -0.9278
vn -0.3059 0.6000 -0.7392
vn -0.3845 0.9104 -0.1524
vn -0.8076 0.5823 0.0929
vn -0.8332 0.2894 -0.4712
vn -0.8341 0.4755 -0.2797
vn -0.9190 0.3582 -0.1647
vn -0.4346 -0.1776 -0.8830
vn -0.9706 0.1386 -0.1968
vn -0.6587 -0.1883 -0.7285
vn -0.9629 0.2431 -0.1173
vn -0.8317 0.5366 0.1426
vn -0.7317 0.3868 0.5612
vn 0.9340 0.3504 -0.0697
vn 0.3179 0.8770 -0.3604
vn 0.9034 0.3955 0.1658
vn 0.9579 -0.2183 0.1865
vn 0.9970 -0.0652 0.0429
vn 0.6330 0.7444 -0.2123
vn 0.9816 0.1848 -0.0482
vn -0.9063 0.3720 -0.2005
vn -0.5925 -0.0233 -0.8052
vn 0.2268 0.7087 -0.6681
vn 0.9130 -0.4072 0.0251
vn 0.7560 0.0663 -0.6512
vn -0.8741 0.4558 -0.1677
vn -0.0025 -0.3558 -0.9345
vn 0.3604 0.6307 0.6872
vn 0.2557 0.9667 0.0036
vn 0.6473 0.0399 0.7611
vn -0.0175 0.9422 -0.3347
vn 0.8024 -0.5522 0.2262
vn -0.8339 0.5258 -0.1677
vn 0.5633 -0.5740 -0.5944
vn -0.3636 0.5666 0.7394
vn -0.7803 0.6191 0.0887
vn 0.0378 -0.3950 -0.9179
vn 0.7374 -0.5090 0.4441
vn -0.7159 0.1610 -0.6794
vn 0.7798 -0.6178 0.1012
vn -0.9980 -0.0609 0.0172
vn -0.8405 0.1528 -0.5198
vn -0.9963 -0.0818 -0.0244
vn -0.5949 0.7436 -0.3053
vn -0.6117 0.6673 0.4250
vn -0.9337 0.3138 0.1723
vn -0.2039 0.9005 -0.3840
vn -0.0448 0.3541 0.9341
vn -0.2124 0.9019 -0.3761
vn -0.1576 -0.3035 -0.9397
vn 0.3674 -0.0749 0.9270
vn 0.8120 -0.5629 0.1541
vn 0.0355 -0.1518 -0.9878
vn -0.8828 -0.2260 -0.4118
vn 0.7951 -0.5187 0.3143
vn -0.9956 0.0609 0.0712
vn 0.4951 -0.7308 -0.4698
vn -0.8899 0.4295 0.1539
vn -0.6265 0.7790 -0.0273
vn -0.1783 0.3636 -0.9143
vn -0.2466 -0.2037 -0.9475
vn 0.7713 -0.5920 0.2339
vn -0.2766 0.1892 -0.9422
vn 0.1459 -0.6010 -0.7858
vn -0.6497 0.7246 -0.2298
vn -0.2071 0.9028 0.3768
vn 0.7184 -0.6920 -0.0706
vn -0.2048 0.5478 0.8111
vn 0.0333 -0.3583 -0.9330
vn 0.7694 -0.3668 0.5230
vn -0.4223 0.3112 -0.8514
vn -0.6990 0.6439 -0.3112
vn 0.8768 -0.4526 0.1624
vn -0.5128 0.7372 0.4400
vn 0.1660 0.1346 0.9769
vn 0.7856 -0.5329 0.3145
vn 0.0249 -0.2901 -0.9567
vn 0.5160 -0.2330 0.8243
vn -0.0837 0.7398 0.6676
vn -0.5548 0.7518 0.3565
vn -0.8322 0.5391 -0.1299
vn 0.0527 0.6041 0.7952
vn -0.0928 0.4294 -0.8983
vn 0.6332 -0.4467 0.6321
vn -0.2227 0.1446 -0.9641
vn -0.6774 0.4546 -0.5783
vn 0.8232 -0.5401 0.1751
vn 0.5560 -0.7625 -0.3308
vn -0.1066 0.5193 0.8479
vn -0.8416 0.5078 -0.1841
vn 0.0369 0.9928 -0.1142
vn -0.2104 0.9037 -0.3730
vn -0.0273 0.3691 0.9290
vn 0.0770 -0.3338 -0.9395
vn 0.1058 -0.1026 0.9891
vn 0.0435 -0.1896 -0.9809
vn -0.0779 0.3110 0.9472
vn 0.5144 -0.7143 -0.4745
vn -0.7089 0.6978 -0.1024
vn 0.1107 -0.6789 -0.7258
vn -0.4990 0.8140 0.2972
vn 0.5160 0.8090 -0.2817
vn 0.3203 0.2950 -0.9002
vn -0.0263 -0.0485 0.9985
vn 0.1164 -0.6267 -0.7706
vn 0.6562 -0.5811 0.4813
vn -0.5230 0.5675 -0.6359
vn 0.5754 -0.8149 -0.0692
vn 0.4561 0.8249 -0.3339
vn 0.0529 -0.3914 -0.9187
vn 0.1865 0.9309 -0.3141
vn 0.2418 -0.3262 0.9138
vn -0.7036 0.5313 -0.4719
vn -0.1027 0.7424 0.6620
vn -0.7293 0.6842 -0.0049
vn -0.0132 -0.3416 -0.9398
vn -0.1596 0.1917 -0.9684
vn -0.0505 0.6728 0.7381
vn 0.8546 0.4782 -0.2024
vn -0.1069 0.3802 0.9187
vn -0.0070 -0.1045 0.9945
vn 0.0892 -0.6667 -0.7400
vn 0.1664 -0.3552 0.9199
vn 0.6398 -0.6048 0.4742
vn 0.4552 0.5767 0.6784
vn 0.9701 0.2373 -0.0511
vn 0.8947 0.0396 -0.4449
vn 0.5269 -0.0363 -0.8492
vn -0.0653 0.4326 0.8992
vn -0.0304 0.2386 0.9706
vn 0.0500 -0.3866 -0.9209
vn -0.4559 -0.0376 -0.8892
vn -0.6411 0.4523 0.6200
vn -0.3845 0.7130 0.5864
vn 0.0797 -0.3877 -0.9183
vn -0.0115 -0.0409 -0.9991
vn -0.8835 0.2271 -0.4096
vn -0.8832 0.4462 -0.1441
vn -0.1985 0.5862 0.7855
vn -0.0732 0.3705 0.9259
vn -0.0211 -0.7926 -0.6094
vn 0.2193 -0.1890 0.9572
vn 0.5317 -0.7826 -0.3237
vn -0.4083 -0.2355 -0.8819
vn -0.6169 0.5934 0.5170
vn -0.1004 -0.0529 -0.9935
vn -0.0311 0.0416 -0.9987
vn -0.0214 -0.0456 -0.9987
vn 0.0677 -0.2570 0.9640
vn 0.1327 -0.8623 -0.4887
vn 0.4803 -0.1732 0.8598
vn -0.0981 0.6525 0.7514
vn 0.0183 -0.2790 -0.9601
vn 0.5415 -0.7226 -0.4297
vn -0.1342 0.8091 0.5721
vn -0.0530 0.4166 0.9076
vn -0.0072 0.2839 0.9588
vn -0.2755 0.4774 0.8344
vn -0.1057 -0.6731 -0.7319
vn 0.5487 -0.7161 0.4314
vn -0.4318 0.5339 -0.7270
vn -0.4297 0.8522 0.2984
vn -0.1126 -0.0670 -0.9914
vn -0.1427 -0.2393 -0.9604
vn -0.1184 0.0182 -0.9928
vn -0.0071 -0.7113 -0.7028
vn 0.1664 -0.6935 -0.7009
vn -0.0622 0.5583 0.8273
vn -0.1702 0.9259 -0.3372
vn -0.1576 0.5654 0.8096
vn 0.0751 -0.3668 -0.9273
vn -0.0106 0.0538 0.9985
vn -0.0916 0.5737 0.8139
vn -0.0943 0.8238 0.5590
vn 0.0663 -0.2181 0.9737
vn 0.0873 -0.2527 0.9636
vn 0.1808 -0.9627 0.2011
vn 0.0695 -0.3061 -0.9495
vn 0.0077 0.2818 -0.9594
vn 0.6545 0.7207 0.2286
vn -0.0456 0.9735 -0.2243
vn 0.0459 -0.3877 -0.9207
vn 0.0324 -0.2920 -0.9559
vn -0.5094 -0.3261 -0.7963
vn -0.4751 -0.5974 -0.6460
vn -0.2048 -0.4889 -0.8480
vn -0.0182 -0.0549 -0.9983
vn 0.0492 -0.2917 -0.9552
vn 0.1274 -0.6902 -0.7123
vn 0.4169 0.7884 0.4523
vn -0.0889 0.7421 0.6644
vn 0.0295 0.9464 -0.3217
vn 0.0495 -0.3640 -0.9301
vn 0.0675 -0.3636 -0.9291
vn 0.0399 -0.1986 -0.9793
vn -0.0370 0.1414 0.9893
vn -0.0710 0.4087 0.9099
vn 0.0222 -0.1717 -0.9849
vn -0.2494 -0.9314 -0.2650
vn -0.1308 -0.2071 -0.9695
vn 0.0073 0.1876 0.9822
vn -0.0592 0.6032 0.7954
vn 0.0203 0.2686 0.9630
vn 0.2818 0.8419 0.4603
vn 0.5258 0.7928 -0.3083
vn -0.0399 0.1832 0.9823
vn -0.1340 0.6930 0.7084
vn -0.1207 0.8437 0.5230
vn 0.1047 -0.8019 -0.5882
vn 0.1134 -0.7888 -0.6041
vn -0.1702 0.9384 -0.3007
vn -0.0902 -0.1901 -0.9776
vn -0.0618 -0.1591 -0.9853
vn -0.4684 -0.5881 -0.6593
vn -0.8422 -0.4518 -0.2941
vn -0.6874 0.0974 -0.7197
vn -0.7354 0.1514 -0.6605
vn -0.0956 0.5701 0.8160
vn -0.1017 0.6147 0.7821
vn -0.0346 0.4767 0.8784
vn -0.0066 0.1885 -0.9821
vn -0.1677 0.5851 -0.7934
vn -0.1706 0.8035 0.5703
vn -0.1314 0.6333 -0.7626
vn 0.1102 -0.4289 -0.8966
vn -0.1510 0.4716 0.8688
vn -0.2087 -0.9633 -0.1690
vn 0.1087 -0.7151 -0.6905
vn 0.0615 -0.5670 0.8214
vn -0.4839 0.7676 0.4204
vn -0.1669 0.9255 -0.3401
vn -0.3821 -0.0909 -0.9196
vn 0.1207 -0.9571 -0.2634
vn 0.0704 -0.2791 0.9577
vn -0.0613 0.1019 -0.9929
vn -0.0170 0.0336 0.9993
vn -0.1201 0.7954 0.5941
vn -0.0337 0.2368 0.9710
vn -0.2417 0.9326 -0.2681
vn -0.1548 0.5522 0.8192
vn -0.0113 0.0742 -0.9972
vn -0.0889 0.4608 0.8830
vn -0.0280 0.0616 -0.9977
vn -0.0623 -0.1768 -0.9823
vn 0.0267 0.1257 0.9917
vn 0.0648 -0.3018 -0.9512
vn 0.0724 -0.3345 -0.9396
vn 0.1400 -0.6312 -0.7629
vn 0.2369 -0.8904 -0.3887
vn -0.3944 0.8219 -0.4110
vn -0.0431 0.2126 -0.9762
vn -0.0268 0.1635 0.9862
vn 0.0885 -0.4796 -0.8730
vn 0.0850 -0.1980 0.9765
vn -0.0983 0.6675 0.7381
vn 0.0490 -0.3608 -0.9313
vn 0.1237 -0.9719 0.2002
vn -0.0589 0.8907 0.4509
vn -0.0226 0.1825 0.9830
vn -0.1443 0.6130 0.7768
vn 0.0687 -0.4329 -0.8988
vn 0.0759 -0.3641 -0.9283
vn 0.1991 -0.9796 -0.0264
vn -0.0208 -0.0114 -0.9997
vn 0.1020 -0.7549 -0.6479
vn -0.5657 0.6788 -0.4682
vn -0.1417 0.8573 0.4949
vn -0.5492 0.6203 -0.5600
vn 0.0380 0.0039 -0.9993
vn -0.0490 0.1455 -0.9881
vn -0.1311 0.7048 0.6972
vn -0.0260 -0.0101 -0.9996
vn -0.0284 -0.0347 -0.9990
vn 0.1592 -0.8584 -0.4877
vn -0.0156 0.0798 0.9967
vn -0.1619 0.8141 0.5578
vn 0.1066 -0.6773 -0.7279
vn 0.2030 -0.9399 0.2744
vn -0.0215 0.2581 0.9659
vn -0.4333 0.8976 0.0809
vn 0.1887 0.5028 -0.8436
vn 0.0929 0.9695 -0.2266
vn -0.1163 0.4541 0.8833
vn -0.0379 0.1416 0.9892
vn -0.1039 0.5504 0.8284
vn 0.0899 -0.6761 -0.7313
vn 0.0070 -0.0285 0.9996
vn 0.0522 -0.5476 0.8351
vn 0.0929 -0.3706 -0.9241
vn -0.0600 0.3254 0.9437
vn 0.0695 -0.4152 -0.9071
vn 0.0731 -0.3352 -0.9393
vn -0.0412 0.1358 -0.9899
vn 0.3469 0.0066 -0.9379
vn -0.0243 0.9680 -0.2498
vn 0.0236 0.1666 0.9857
vn 0.0166 -0.1688 -0.9855
vn 0.0260 -0.0813 0.9964
vn 0.1452 -0.7375 -0.6595
vn -0.1223 0.7188 0.6843
vn 0.0926 -0.4010 -0.9114
vn -0.0273 0.5527 0.8330
vn -0.0360 0.1497 0.9881
vn 0.0320 -0.2074 -0.9777
vn 0.3687 0.8512 0.3735
vn 0.0755 -0.5849 -0.8076
vn -0.0568 -0.0527 -0.9970
vn 0.0848 -0.7525 -0.6531
vn 0.0897 -0.2677 -0.9593
vn 0.5034 0.6767 -0.5373
vn 0.1116 -0.3868 -0.9154
vn 0.0214 0.1331 0.9909
vn 0.0441 -0.2190 -0.9747
vn 0.1527 -0.8806 -0.4486
vn 0.1853 -0.9826 -0.0163
vn 0.1059 -0.6422 -0.7592
vn 0.1110 -0.5668 -0.8164
vn -0.0369 0.1530 -0.9875
vn 0.0609 -0.2281 -0.9717
vn 0.1015 0.6555 0.7483
vn 0.4823 0.8748 -0.0460
vn 0.0773 -0.3777 -0.9227
vn 0.1617 -0.9859 0.0438
vn 0.1137 -0.1582 0.9808
vn 0.0824 -0.5608 -0.8238
vn 0.0655 -0.3821 -0.9218
vn -0.0706 0.4463 0.8921
vn 0.0965 -0.7053 -0.7023
vn -0.1061 0.7099 0.6963
vn 0.1127 0.9453 -0.3062
vn 0.1664 0.3592 0.9183
vn 0.0096 0.4739 0.8805
vn -0.0574 0.2747 -0.9598
vn 0.1582 -0.9672 -0.1988
vn 0.0519 -0.0285 0.9982
vn 0.2665 -0.5380 0.7997
vn 0.2574 0.4973 -0.8285
vn -0.0162 0.1721 0.9850
vn -0.0388 0.0956 -0.9947
vn 0.0331 -0.0267 0.9991
vn -0.1320 0.7111 0.6906
vn 0.2435 -0.9690 0.0413
vn 0.0057 0.3008 0.9537
vn 0.0896 -0.3665 -0.9261
vn 0.0232 -0.3646 -0.9309
vn 0.0171 -0.1064 -0.9942
vn 0.0096 -0.1877 -0.9822
vn -0.1382 0.7407 0.6575
vn -0.1778 0.7515 -0.6353
vn -0.0871 0.9927 0.0830
vn -0.0578 -0.0552 -0.9968
vn -0.0642 0.4328 0.8992
vn -0.0100 -0.0728 -0.9973
vn 0.0770 0.0028 0.9970
vn 0.0433 0.1945 -0.9800
vn 0.0438 0.3489 0.9361
vn 0.1014 -0.3663 -0.9250
vn -0.0230 0.0318 -0.9992
vn 0.1306 -0.7235 -0.6779
vn 0.0688 -0.3838 -0.9208
vn 0.0344 -0.2374 -0.9708
vn -0.1352 0.7509 0.6464
vn 0.0696 -0.6409 -0.7645
vn -0.2098 0.9273 -0.3101
vn -0.1282 0.8026 0.5826
vn 0.0724 -0.3641 -0.9285
vn -0.0583 0.3669 0.9284
vn -0.1494 0.5211 -0.8403
vn 0.1404 -0.9843 0.1069
vn 0.1466 -0.9761 0.1607
vn 0.0648 -0.1336 0.9889
vn 0.1884 -0.7077 0.6809
vn 0.2086 -0.9707 0.1194
vn 0.0699 -0.3737 -0.9249
vn 0.0448 -0.4081 -0.9119
vn -0.0627 0.3600 0.9308
vn -0.0678 0.3802 0.9224
vn 0.0966 -0.8533 -0.5123
vn -0.0937 0.6757 0.7312
vn 0.1430 -0.8973 -0.4176
vn -0.1325 0.6552 -0.7437
vn -0.0722 0.4101 0.9092
vn 0.0812 -0.3705 -0.9253
vn -0.0606 0.3591 0.9313
vn -0.0989 -0.0497 -0.9939
vn -0.0758 -0.0333 -0.9966
vn -0.0866 0.5169 0.8516
vn -0.0863 0.4650 0.8811
vn 0.0007 0.1493 0.9888
vn 0.0781 -0.5768 -0.8131
vn -0.0537 0.1379 -0.9890
vn -0.2398 0.8962 -0.3734
vn 0.0746 -0.3861 -0.9194
vn 0.0990 -0.7491 -0.6550
vn 0.0177 -0.1996 -0.9797
vn 0.0380 -0.0388 0.9985
vn -0.0996 0.6988 0.7083
vn -0.1665 0.9844 0.0574
vn -0.0654 0.3412 0.9377
vn 0.0725 -0.3635 -0.9288
vn -0.0599 0.3654 0.9289
vn 0.0054 -0.5498 -0.8353
vn 0.1414 -0.8813 -0.4509
vn -0.0330 -0.0379 -0.9987
vn -0.1485 0.8347 0.5303
vn 0.1014 -0.7646 -0.6365
vn -0.1913 0.5355 -0.8226
vn 0.2018 -0.9758 0.0842
vn -0.0269 0.4274 0.9037
vn -0.1586 0.8716 -0.4638
vn -0.0977 0.4628 0.8810
vn -0.0253 0.2053 0.9784
vn 0.1056 -0.7544 -0.6479
vn 0.0865 -0.3838 0.9193
vn 0.1103 -0.6831 -0.7219
vn 0.1488 -0.7316 0.6653
vn -0.1309 0.8431 0.5215
vn 0.0779 -0.3706 -0.9255
vn -0.0688 0.3735 0.9251
vn -0.0650 0.3484 0.9351
vn -0.1937 0.5549 -0.8091
vn 0.0093 0.0883 0.9960
vn -0.0038 -0.1086 -0.9941
vn -0.0177 0.0337 -0.9993
vn -0.1164 0.7331 0.6701
vn 0.1746 -0.9802 0.0935
vn -0.2189 0.8824 -0.4164
vn 0.0656 -0.3592 -0.9309
vn -0.0618 0.3665 0.9284
vn 0.0671 -0.3882 -0.9191
vn -0.0102 -0.2310 -0.9729
vn -0.0742 0.5339 0.8423
vn -0.0089 -0.0519 -0.9986
vn 0.0272 0.0312 0.9991
vn 0.1242 -0.8522 -0.5082
vn 0.1178 -0.6998 -0.7046
vn -0.1057 0.0165 -0.9943
vn 0.0500 -0.2016 0.9782
vn 0.1317 -0.7069 -0.6950
vn -0.0947 0.6699 0.7364
vn -0.1107 0.5587 -0.8220
vn -0.1377 0.9875 -0.0770
vn 0.0719 -0.3282 -0.9419
vn 0.0637 -0.3702 -0.9268
vn -0.0824 0.3597 0.9294
vn 0.0376 -0.5956 -0.8024
vn 0.0238 -0.7939 -0.6076
vn -0.0323 0.1263 -0.9915
vn 0.0846 -0.4825 -0.8718
vn -0.2137 0.9309 -0.2963
vn -0.2046 0.8903 -0.4069
vn 0.0718 -0.3710 -0.9258
vn -0.0711 0.3799 0.9223
vn 0.1233 -0.9885 -0.0875
vn 0.0527 -0.6808 -0.7306
vn 0.0232 -0.2397 -0.9706
vn -0.1391 0.8176 0.5587
vn -0.1299 0.9020 -0.4118
vn -0.1259 0.6894 0.7134
vn -0.1966 0.9147 -0.3532
vn 0.0789 -0.4636 -0.8825
vn -0.0579 0.3326 0.9413
vn -0.0949 -0.1431 -0.9851
vn -0.0625 0.5174 0.8535
vn -0.0379 0.3725 0.9273
vn 0.0514 -0.2958 0.9539
vn -0.0594 0.3050 0.9505
vn 0.0693 -0.3881 -0.9190
vn 0.0086 -0.1921 -0.9813
vn -0.1136 0.5558 -0.8235
vn 0.0674 -0.3481 -0.9350
vn -0.0712 0.3197 0.9448
vn -0.0570 0.3914 0.9185
vn -0.1196 0.3564 -0.9267
vn -0.0191 0.1870 0.9822
vn -0.1253 0.5050 0.8540
vn -0.0127 -0.0699 -0.9975
vn 0.1232 -0.7662 -0.6306
vn -0.0345 0.3016 0.9528
vn -0.0482 0.1478 -0.9878
vn 0.1284 -0.7129 0.6894
vn -0.0381 0.1577 -0.9868
vn -0.0054 -0.4367 -0.8996
vn -0.2306 0.5792 0.7819
vn 0.0413 -0.3277 -0.9439
vn 0.1718 -0.9717 0.1624
vn 0.0699 -0.3742 -0.9247
vn 0.0670 -0.3758 -0.9243
vn -0.0742 0.4666 0.8814
vn 0.0747 -0.3849 0.9199
vn 0.0322 -0.3966 0.9174
vn -0.0348 0.0211 0.9992
vn 0.1161 -0.7134 -0.6910
vn -0.1789 0.8774 0.4451
vn 0.0465 -0.3555 0.9335
vn -0.0876 0.3658 0.9266
vn -0.0920 0.3920 0.9154
vn 0.0676 -0.3748 -0.9246
vn 0.0679 -0.3742 -0.9248
vn 0.0969 -0.9947 -0.0344
vn 0.0367 -0.0487 -0.9981
vn -0.2164 0.9487 0.2305
vn -0.1239 0.3951 0.9102
vn 0.0632 -0.4698 -0.8805
vn 0.1076 -0.6977 -0.7083
vn 0.0486 -0.3373 -0.9401
vn -0.0333 0.0377 -0.9987
vn -0.0290 0.2780 0.9601
vn -0.1101 0.4646 0.8787
vn -0.1044 0.6613 0.7428
vn 0.1388 -0.6978 -0.7028
vn -0.2109 0.9310 -0.2981
vn -0.4319 0.8063 -0.4041
vn 0.2213 -0.6818 -0.6973
vn 0.1060 -0.7756 -0.6222
vn 0.1588 -0.8025 -0.5751
vn 0.1922 -0.9195 0.3429
vn -0.3064 -0.1691 -0.9368
vn 0.0625 -0.3756 -0.9247
vn -0.0663 0.0132 -0.9977
vn -0.0176 0.1701 0.9853
vn -0.0687 0.5083 0.8585
vn -0.0018 0.0997 0.9950
vn -0.1302 0.5690 -0.8120
vn -0.1649 0.8799 0.4456
vn 0.6075 -0.4375 0.6630
vn 0.1800 -0.8479 0.4987
vn 0.4127 -0.2356 -0.8799
vn 0.1621 -0.9269 -0.3384
vn -0.0121 -0.8686 -0.4954
vn -0.1049 0.8224 0.5591
vn 0.0546 -0.4076 0.9115
vn -0.0483 0.8696 0.4914
vn 0.2938 0.6396 0.7103
vn -0.0283 0.0797 -0.9964
vn 0.0848 -0.9744 -0.2083
vn 0.5161 -0.8545 0.0583
vn -0.4797 0.8358 0.2669
vn 0.0737 -0.3742 -0.9244
vn -0.3189 0.3957 0.8612
vn -0.5952 0.3383 0.7289
vn -0.5219 0.2492 0.8158
vn 0.0703 -0.3803 -0.9222
vn -0.0412 0.2382 0.9703
vn -0.0034 -0.0660 -0.9978
vn -0.1386 0.6638 0.7350
vn 0.1459 -0.1942 -0.9700
vn 0.1644 -0.8520 0.4971
vn 0.1631 -0.9629 -0.2151
vn -0.2527 -0.9070 0.3368
vn 0.1447 -0.9449 0.2935
vn 0.1528 -0.8129 0.5620
vn -0.2730 0.8242 -0.4962
vn 0.3232 -0.6461 -0.6914
vn 0.1477 -0.7189 -0.6793
vn 0.1171 -0.4810 0.8689
vn 0.0737 -0.3859 -0.9196
vn -0.0646 0.7817 0.6203
vn -0.0292 0.2387 0.9707
vn 0.0691 -0.4735 -0.8781
vn -0.8735 0.1659 0.4576
vn -0.9039 0.2380 -0.3554
vn -0.3186 0.6310 0.7074
vn -0.0715 0.3835 0.9208
vn 0.1693 -0.1607 -0.9724
vn 0.0326 -0.8901 -0.4546
vn -0.1862 0.9349 -0.3023
vn -0.1925 -0.8966 0.3989
vn -0.8864 0.3850 0.2571
vn -0.7638 0.5634 -0.3149
vn -0.9832 0.1669 -0.0740
vn -0.9697 0.2354 -0.0660
vn -0.5394 0.5160 0.6654
vn -0.9858 0.1335 -0.1016
vn -0.9869 0.0379 -0.1570
vn -0.2782 0.9450 -0.1720
vn -0.3504 0.8455 -0.4029
vn -0.5593 0.6173 0.5533
vn -0.4227 0.4859 -0.7650
vn 0.0544 -0.2651 -0.9627
vn -0.1042 0.4318 0.8959
vn 0.0128 0.0169 0.9998
vn 0.4344 -0.8156 -0.3823
vn 0.2938 -0.7098 -0.6403
vn 0.2069 -0.9307 -0.3015
vn -0.1001 -0.9641 -0.2460
vn 0.1056 0.7628 0.6380
vn 0.0652 -0.3680 -0.9275
vn 0.0986 -0.4031 -0.9098
vn 0.7271 -0.0432 -0.6851
vn 0.8227 0.0098 -0.5684
vn 0.7508 -0.5357 -0.3864
vn 0.1150 0.5930 0.7969
vn -0.2036 0.8211 0.5333
vn 0.0129 -0.9567 0.2907
vn 0.0844 -0.3660 -0.9268
vn 0.0385 0.9988 0.0299
vn 0.0685 0.8171 -0.5725
vn -0.1059 0.6116 -0.7840
vn 0.1584 0.8471 -0.5073
vn 0.3624 0.1416 0.9212
vn 0.0495 -0.4409 0.8962
vn 0.3460 -0.1802 0.9208
vn 0.0040 -0.3684 -0.9296
vn -0.2367 0.4921 0.8377
vn 0.1398 0.6151 0.7760
vn 0.0420 -0.2271 0.9730
vn -0.0044 -0.0141 -0.9999
vn -0.0143 0.0094 -0.9999
vn 0.2205 -0.9199 0.3244
vn 0.1989 -0.8796 -0.4321
vn 0.0255 -0.9307 0.3650
vn 0.6474 0.4811 -0.5911
vn -0.1051 0.9486 0.2986
vn 0.6643 0.4571 0.5915
vn 0.4218 -0.4807 0.7688
vn 0.4570 -0.8728 0.1715
vn 0.5076 0.5624 -0.6527
vn 0.9109 0.3337 -0.2428
vn -0.0387 0.6928 0.7201
vn -0.0316 -0.0422 -0.9986
vn 0.2680 -0.8254 -0.4969
vn -0.6232 0.2486 0.7415
vn 0.5066 0.8562 0.1010
vn 0.6932 0.3972 -0.6015
vn -0.1291 0.6194 -0.7744
vn -0.2650 0.9583 -0.1072
vn -0.4612 -0.4146 0.7845
vn -0.5629 -0.8124 0.1520
vn -0.9828 0.1236 -0.1372
vn 0.3289 0.7098 0.6229
vn -0.0981 -0.5096 -0.8548
vn 0.7816 -0.3453 -0.5195
vn 0.0672 -0.3837 -0.9210
vn 0.1784 -0.8774 0.4453
vn -0.1264 0.7224 0.6799
vn 0.0075 -0.2887 -0.9574
vn 0.0344 -0.2994 -0.9535
vn 0.7104 -0.3494 -0.6110
vn 0.7851 -0.0627 0.6162
vn 0.0670 -0.2768 0.9586
vn 0.0035 -0.8978 0.4405
vn 0.1889 0.9335 -0.3047
vn -0.4871 -0.1638 0.8579
vn 0.9064 0.4224 -0.0055
vn 0.4487 -0.0481 -0.8924
vn -0.2162 0.8460 0.4874
vn -0.0362 0.9965 0.0748
vn -0.1086 0.7473 -0.6555
vn 0.0697 -0.3913 -0.9176
vn -0.1246 0.9482 0.2922
vn 0.0976 -0.7374 -0.6683
vn -0.3960 0.8743 0.2806
vn -0.0175 0.1963 0.9804
vn 0.1660 0.5431 0.8231
vn 0.0483 -0.2064 0.9773
vn -0.0444 0.2196 0.9746
vn 0.0512 -0.9830 0.1762
vn 0.6986 -0.5305 0.4801
vn 0.2405 -0.9704 -0.0215
vn -0.0528 0.7182 0.6939
vn 0.0477 -0.3933 -0.9182
vn -0.0832 0.3935 0.9156
vn 0.6308 -0.0650 0.7732
vn 0.2521 -0.1231 -0.9598
vn 0.3292 0.5281 0.7828
vn 0.2866 0.9023 -0.3220
vn -0.0264 0.0723 -0.9970
vn 0.7497 -0.5074 0.4248
vn -0.1415 0.6018 -0.7860
vn 0.1940 -0.8294 0.5240
vn 0.0806 -0.9832 0.1637
vn -0.2985 0.8718 -0.3884
vn 0.0227 0.8712 0.4904
vn -0.5358 0.8221 -0.1927
vn -0.4103 -0.9003 0.1451
vn -0.1768 0.0653 0.9821
vn 0.1164 -0.9002 0.4197
vn 0.3714 0.2485 -0.8946
vn -0.1830 0.5704 -0.8007
vn -0.0092 0.5817 -0.8133
vn -0.2502 0.3759 0.8923
vn -0.0303 0.4417 0.8967
vn 0.1014 -0.6486 -0.7543
vn -0.0859 0.3077 0.9476
vn 0.6514 0.5220 0.5506
vn -0.0049 -0.0365 0.9993
vn 0.1958 -0.8932 -0.4048
vn 0.0782 -0.4156 -0.9062
vn -0.7842 -0.6120 -0.1025
vn -0.9337 -0.3064 0.1851
vn -0.6910 0.4840 0.5369
vn 0.4602 -0.5779 0.6739
vn 0.0370 -0.2493 -0.9677
vn -0.3859 -0.3658 -0.8469
vn 0.0336 -0.4144 -0.9095
vn 0.1331 -0.5576 -0.8194
vn 0.3314 0.5271 0.7825
vn -0.0697 0.5153 0.8542
vn 0.0209 -0.3665 -0.9302
vn -0.0119 -0.0299 -0.9995
vn -0.2086 0.9178 -0.3379
vn -0.7473 0.1971 0.6345
vn -0.0870 -0.9796 -0.1813
vn 0.1783 -0.8624 -0.4738
vn -0.1478 0.9514 0.2700
vn -0.0455 0.1561 0.9867
vn 0.9281 0.2874 0.2368
vn -0.0281 0.4899 0.8713
vn -0.1350 0.8143 0.5645
vn -0.1250 0.8013 0.5850
vn -0.0253 -0.4244 -0.9051
vn 0.1582 0.3863 0.9087
vn 1.0000 -0.0041 -0.0066
vn 0.1838 -0.0926 -0.9786
vn -0.0397 0.3709 0.9278
vn -0.0577 0.3650 0.9292
vn 0.1515 -0.8622 0.4835
vn -0.0168 0.0487 0.9987
vn -0.0221 0.3503 0.9364
vn 0.6625 -0.7467 0.0597
vn 0.4965 0.8653 -0.0690
vn 0.1871 -0.9805 0.0605
vn -0.2033 0.6057 -0.7692
vn -0.0021 0.0684 -0.9977
vn -0.1136 0.4854 0.8669
vn -0.0546 -0.2478 -0.9673
vn -0.0536 0.5834 0.8104
vn 0.0608 -0.1884 0.9802
vn 0.2567 -0.9326 -0.2538
vn -0.1890 0.9068 0.3768
vn 0.0908 -0.0514 -0.9945
vn 0.2927 -0.2776 0.9150
vn -0.1877 0.4931 -0.8495
vn 0.0190 0.9974 -0.0689
vn 0.6180 0.3903 -0.6824
vn -0.2567 0.3973 0.8811
vn -0.0439 0.9715 -0.2330
vn 0.2056 -0.8893 -0.4085
vn -0.0299 0.9774 0.2092
vn -0.1308 0.2966 -0.9460
vn 0.1597 0.9863 0.0416
vn -0.1192 0.8468 0.5184
vn 0.0481 0.4020 -0.9144
vn 0.0705 -0.4171 -0.9061
vn 0.0727 -0.3498 0.9340
vn 0.2564 -0.9029 -0.3451
vn -0.0661 0.4047 0.9121
vn -0.0877 0.0743 -0.9934
vn -0.3011 0.6553 0.6928
vn 0.1105 -0.2498 -0.9620
vn -0.0560 -0.4346 -0.8989
vn -0.3914 -0.4582 -0.7981
vn -0.0655 0.4544 0.8884
vn 0.0893 -0.3536 0.9311
vn 0.2553 -0.8150 0.5203
vn 0.1542 -0.2677 0.9511
vn 0.1422 -0.4855 -0.8626
vn -0.0322 -0.8613 -0.5071
vn 0.0870 -0.4303 -0.8985
vn -0.1933 -0.8352 0.5149
vn 0.7394 -0.6705 0.0612
vn 0.1776 -0.9837 0.0282
vn -0.2535 0.3736 0.8923
vn -0.2920 0.4170 0.8607
vn -0.0461 0.9944 -0.0949
vn 0.2286 -0.8942 0.3849
vn 0.2310 -0.9232 -0.3073
vn 0.3023 -0.8267 -0.4745
vn -0.4091 0.9099 0.0685
vn 0.0523 0.9754 0.2139
vn 0.2942 0.5867 0.7544
vn 0.0054 -0.6294 0.7770
vn -0.0060 0.9010 -0.4339
vn -0.2215 -0.2826 -0.9333
vn -0.3282 0.3194 -0.8890
vn -0.1268 0.5975 0.7918
vn 0.0537 0.3283 0.9431
vn -0.0185 0.5470 0.8369
vn 0.0937 -0.4243 0.9006
vn -0.2073 0.9079 -0.3645
vn 0.7834 0.0414 -0.6201
vn 0.3143 0.3971 0.8623
vn 0.3330 0.8654 -0.3744
vn -0.0400 0.6044 0.7957
vn 0.0729 -0.4762 -0.8763
vn -0.1661 -0.8774 0.4500
vn -0.3381 0.6517 0.6790
vn -0.1751 0.3227 -0.9302
vn -0.1541 -0.3120 -0.9375
vn -0.5098 -0.5588 -0.6541
vn -0.0786 0.5274 0.8460
vn -0.0553 0.3468 0.9363
vn 0.1915 -0.0797 -0.9782
vn 0.9032 -0.3730 0.2125
vn 0.0406 -0.6144 -0.7880
vn -0.0409 -0.5867 -0.8088
vn -0.2827 -0.5635 -0.7762
vn -0.5037 0.6514 0.5674
vn -0.1580 0.0232 -0.9872
vn -0.3507 0.3969 0.8482
vn -0.5106 0.0412 -0.8588
vn 0.2122 -0.5469 -0.8098
vn 0.1217 -0.2599 -0.9579
vn -0.0950 0.5786 0.8101
vn -0.4384 0.7188 0.5395
vn -0.7570 -0.3849 0.5280
vn 0.3377 -0.5815 0.7402
vn -0.1425 0.8742 0.4641
vn -0.7136 0.6770 0.1802
vn -0.3813 -0.3994 -0.8337
vn -0.4237 -0.5098 0.7487
vn -0.1591 -0.9292 -0.3336
vn -0.5325 0.2295 -0.8148
vn -0.7415 -0.0491 -0.6692
vn -0.5047 -0.1156 -0.8555
vn -0.3455 0.7097 0.6140
vn 0.0869 0.0418 -0.9953
vn -0.0019 -0.0185 0.9998
vn -0.0825 0.3599 0.9293
vn -0.3248 0.3402 0.8825
vn 0.4662 -0.6598 -0.5893
vn 0.0650 0.8515 0.5203
vn -0.0562 0.3866 0.9205
vn -0.3580 -0.7304 -0.5817
vn -0.5771 0.2259 0.7848
vn -0.9082 0.2213 -0.3553
vn -0.7538 -0.5090 0.4154
vn -0.7619 0.3846 0.5212
vn -0.6559 0.6607 0.3651
vn -0.8725 0.0780 -0.4824
vn -0.3397 0.7418 -0.5782
vn -0.6415 0.3446 -0.6853
vn -0.0438 -0.5879 -0.8077
vn 0.0591 -0.4479 -0.8922
vn 0.4235 0.3288 -0.8441
vn 0.0312 0.2008 0.9791
vn -0.0139 0.0415 -0.9990
vn -0.0039 -0.0257 -0.9997
vn -0.1393 0.6295 -0.7644
vn 0.9137 0.1532 0.3763
vn -0.3595 -0.1527 -0.9206
vn -0.5101 0.1549 -0.8461
vn 0.4345 -0.9001 0.0316
vn 0.6789 -0.3799 -0.6283
vn -0.7395 -0.6433 -0.1983
vn -0.2859 -0.2177 -0.9332
vn -0.6681 0.1175 -0.7347
vn -0.5487 -0.7634 -0.3409
vn -0.6028 -0.4675 -0.6466
vn -0.5868 0.6213 -0.5193
vn 0.0010 0.3779 -0.9258
vn 0.5335 -0.3136 -0.7855
vn 0.1838 0.6434 0.7431
vn 0.1878 -0.5045 -0.8427
vn 0.0010 0.0421 0.9991
vn -0.0789 0.3799 0.9217
vn -0.0336 0.1058 -0.9938
vn 0.2053 -0.9504 -0.2335
vn 0.2158 -0.9520 -0.2170
vn -0.9753 -0.1934 0.1069
vn -0.9537 0.1490 0.2611
vn 0.5924 -0.5567 -0.5823
vn -0.7559 -0.2270 -0.6141
vn -0.8245 0.4934 0.2771
vn -0.9775 -0.1400 -0.1576
vn -0.2730 -0.4347 -0.8582
vn -0.8926 0.2104 0.3988
vn -0.2585 0.9023 0.3449
vn 0.2482 -0.3486 -0.9038
vn -0.1815 0.9774 0.1087
vn 0.0270 -0.1403 0.9897
vn 0.1546 -0.7266 0.6695
vn -0.2119 0.9495 0.2315
vn -0.8898 0.4561 -0.0140
vn -0.9862 0.1525 -0.0640
vn -0.5210 -0.4109 -0.7481
vn -0.4925 -0.7303 -0.4733
vn -0.9440 0.3103 -0.1127
vn -0.8838 0.3250 -0.3366
vn 0.7424 0.3044 -0.5968
vn 0.6347 -0.2610 -0.7273
vn 0.2930 0.2043 -0.9340
vn -0.5501 0.8338 0.0465
vn -0.8785 0.3318 0.3436
vn -0.8862 0.3410 0.3137
vn 0.6192 -0.0420 -0.7841
vn 0.6707 -0.2706 -0.6906
vn -0.7023 0.6152 0.3581
vn 0.0963 -0.9767 -0.1920
vn -0.9668 -0.1639 -0.1960
vn -0.0589 -0.4078 -0.9112
vn -0.4267 -0.2767 -0.8610
vn -0.8768 0.1756 0.4477
vn 0.0820 0.5562 0.8270
vn -0.1287 -0.6647 -0.7359
vn 0.0981 -0.1314 -0.9865
vn 0.6634 -0.1770 -0.7271
vn -0.7533 0.5864 0.2978
vn -0.5601 0.6167 -0.5531
vn 0.6867 -0.2357 0.6877
vn -0.1534 0.2600 0.9534
vn -0.0995 0.1274 -0.9868
vn 0.1176 -0.4623 0.8789
vn 0.3919 -0.2751 -0.8779
vn -0.8466 -0.5296 -0.0528
vn 0.2841 0.6810 -0.6749
vn -0.0361 0.6904 0.7225
vn -0.5496 0.8081 -0.2118
vn -0.6293 0.2080 0.7488
vn 0.8963 0.3919 -0.2074
vn -0.0883 0.5145 0.8529
vn 0.2357 -0.4419 -0.8656
vn 0.0789 -0.2674 0.9603
vn -0.2023 0.8863 -0.4165
vn -0.6999 -0.5038 -0.5063
vn -0.3199 0.3243 0.8902
vn 0.6874 -0.0474 -0.7247
vn 0.0967 -0.4458 -0.8899
vn 0.8142 0.0012 -0.5806
vn 0.8545 0.4575 0.2460
vn 0.1634 -0.2762 -0.9471
vn -0.1272 0.1298 -0.9834
vn -0.0113 0.6600 0.7512
vn -0.5766 0.7652 0.2862
vn -0.9697 -0.1730 0.1725
vn 0.2325 -0.2998 -0.9252
vn -0.5621 0.6618 -0.4961
vn 0.0484 -0.2519 -0.9665
vn 0.0821 -0.4522 -0.8881
vn 0.1133 -0.2361 0.9651
vn 0.1119 -0.5874 -0.8015
vn -0.8141 -0.5715 0.1030
vn -0.1818 0.3183 0.9304
vn -0.7991 -0.3822 -0.4641
vn 0.3498 -0.4321 -0.8312
vn 0.7073 0.4312 0.5602
vn 0.4451 -0.6276 -0.6387
vn 0.8916 -0.4217 0.1647
vn 0.8778 0.1623 -0.4507
vn 0.9590 -0.2810 -0.0362
vn 0.1460 0.5296 -0.8356
vn 0.5337 -0.1744 -0.8275
vn -0.3486 -0.5237 0.7773
vn 0.4326 0.8819 -0.1875
vn 0.6476 0.6419 0.4106
vn 0.4455 0.1643 0.8801
vn -0.0957 0.9427 -0.3197
vn 0.2894 -0.4913 -0.8215
vn 0.0946 -0.3822 -0.9192
vn -0.4914 0.4222 -0.7618
vn -0.3311 0.8428 0.4243
vn -0.0636 0.4712 0.8797
vn -0.1019 0.2978 -0.9492
vn -0.1894 0.8167 0.5450
vn -0.0855 0.3911 0.9164
vn 0.1725 -0.9803 -0.0960
vn -0.0265 -0.3727 -0.9276
vn 0.0077 -0.4983 -0.8670
vn 0.1964 -0.7791 -0.5953
vn 0.3598 -0.1945 -0.9125
vn 0.3478 0.6385 0.6866
vn -0.5198 0.8541 -0.0153
vn 0.2732 0.5996 -0.7522
vn 0.0713 -0.0334 0.9969
vn 0.2940 -0.4507 0.8429
vn 0.3719 -0.3352 0.8656
vn 0.2987 -0.0682 -0.9519
vn -0.9471 -0.2512 0.1996
vn -0.0213 -0.1969 -0.9802
vn 0.0094 -0.2675 0.9635
vn -0.0812 0.6186 0.7815
vn 0.2325 -0.8502 -0.4724
vn -0.4503 0.2016 -0.8698
vn 0.5896 0.6171 -0.5211
vn -0.1898 0.2904 0.9379
vn -0.2214 0.2588 0.9402
vn -0.0124 0.0293 -0.9995
vn -0.1352 0.5340 -0.8346
vn 0.3267 -0.8312 0.4499
vn -0.4088 -0.4100 -0.8153
vn 0.9491 -0.1985 -0.2447
vn -0.2273 -0.4200 -0.8786
vn 0.1700 0.3209 0.9317
vn -0.2884 -0.1695 -0.9424
vn -0.1047 0.9173 0.3841
vn 0.0252 0.1009 0.9946
vn 0.1856 0.1232 -0.9749
vn 0.0826 -0.2297 -0.9697
vn 0.1850 0.3546 0.9165
vn 0.4064 0.3049 0.8613
vn -0.2173 0.4916 -0.8433
vn -0.4401 0.8769 0.1932
vn 0.1592 -0.2038 -0.9660
vn -0.3190 0.9477 -0.0116
vn -0.1036 0.2141 -0.9713
vn 0.0264 -0.3223 -0.9463
vn -0.2653 0.8077 -0.5266
vn -0.0614 0.2805 0.9579
vn -0.4026 -0.7902 -0.4620
vn 0.9752 0.2187 -0.0344
vn -0.0919 0.8505 0.5180
vn -0.1756 0.9613 -0.2122
vn -0.5999 0.7242 0.3400
vn -0.0281 0.2701 -0.9624
vn 0.8974 -0.4285 0.1054
vn 0.0924 -0.3940 -0.9145
vn -0.0541 0.3336 0.9412
vn 0.1057 -0.4577 -0.8828
vn 0.0372 -0.4546 -0.8899
vn 0.0227 -0.2484 -0.9684
vn -0.1706 0.6418 0.7477
vn -0.0529 0.5545 0.8305
vn -0.0590 0.3532 0.9337
vn -0.0317 0.0811 -0.9962
vn 0.2013 -0.5390 0.8179
vn 0.1249 -0.9323 -0.3394
vn 0.0659 -0.6022 0.7957
vn -0.2105 0.9776 -0.0081
vn -0.1538 0.8217 0.5488
vn 0.1067 -0.3018 -0.9474
vn 0.1759 -0.8077 -0.5628
vn -0.0034 -0.2537 -0.9673
vn -0.2141 0.8960 -0.3889
vn -0.0762 0.4653 0.8819
vn -0.0266 0.6055 0.7954
vn 0.0420 0.2026 0.9784
vn 0.1118 -0.2943 -0.9491
vn 0.0775 -0.5174 -0.8522
vn -0.0759 0.4345 0.8975
vn 0.0762 -0.3314 0.9404
vn 0.0136 -0.0662 0.9977
vn 0.1643 -0.7945 0.5846
vn 0.1869 -0.9477 -0.2586
vn -0.1905 0.8095 -0.5554
vn -0.1600 0.3104 0.9370
vn 0.0736 0.0107 0.9972
vn 0.2559 -0.6734 0.6936
vn -0.0303 0.0194 -0.9994
vn -0.0403 0.3284 0.9437
vn 0.0347 -0.2637 -0.9640
vn 0.1625 -0.4649 -0.8703
vn 0.1231 -0.4711 -0.8734
vn 0.0159 -0.2665 -0.9637
vn 0.0127 -0.3568 -0.9341
vn -0.0175 0.0751 -0.9970
vn 0.0384 -0.2818 -0.9587
vn 0.2416 -0.7426 -0.6247
vn -0.2298 -0.1211 -0.9657
vn -0.1145 0.8399 0.5306
vn 0.0697 0.7034 0.7074
vn 0.0623 -0.3631 -0.9297
vn 0.2693 0.1037 -0.9575
vn -0.0283 0.2406 -0.9702
vn -0.1463 0.9808 0.1293
vn -0.1058 0.6172 -0.7796
vn 0.0934 -0.5991 -0.7952
vn 0.0400 -0.1619 -0.9860
vn 0.1252 -0.3348 0.9339
vn 0.1315 -0.2697 -0.9539
vn -0.1913 0.9809 0.0342
vn -0.2070 0.7534 0.6242
vn -0.0499 0.3308 0.9424
vn 0.7646 -0.5520 0.3327
vn 0.0565 -0.4174 -0.9070
vn 0.1029 -0.4189 -0.9022
vn -0.1071 0.5509 0.8277
vn -0.0552 -0.1387 -0.9888
vn -0.0347 0.4482 0.8932
vn -0.0636 0.1847 0.9807
vn 0.1649 -0.5750 0.8014
vn 0.1791 -0.7574 -0.6279
vn -0.1880 0.7031 -0.6858
vn -0.0305 0.9682 0.2484
vn 0.1063 0.4575 -0.8828
vn 0.1355 -0.0698 -0.9883
vn -0.0726 0.4946 0.8661
vn -0.0672 0.5265 0.8475
vn 0.0308 0.1027 0.9942
vn -0.1569 0.9698 -0.1867
vn 0.2416 -0.8160 0.5251
vn -0.0238 0.2585 0.9657
vn 0.1242 -0.6653 -0.7362
vn -0.0536 0.3828 0.9223
vn 0.0069 -0.2949 -0.9555
vn 0.0625 -0.2843 -0.9567
vn 0.2097 -0.4629 -0.8612
vn -0.1015 0.9303 0.3524
vn 0.1065 -0.3942 -0.9128
vn 0.0213 -0.4310 -0.9021
vn -0.0068 0.5820 0.8131
vn 0.0079 -0.2317 -0.9728
vn -0.0105 0.1126 0.9936
vn 0.2246 -0.9741 0.0265
vn -0.0670 -0.2878 -0.9554
vn -0.3797 0.9243 -0.0385
vn -0.1284 0.1649 -0.9779
vn -0.0721 0.3155 0.9462
vn -0.0520 0.4085 0.9113
vn -0.1035 0.6889 0.7175
vn 0.0301 0.4998 -0.8656
vn -0.2037 0.9778 -0.0484
vn -0.3265 0.8832 -0.3367
vn -0.2942 0.6890 -0.6623
vn -0.0200 0.3293 -0.9440
vn 0.0622 -0.3686 0.9275
vn -0.2055 0.9766 -0.0628
vn 0.0604 -0.3816 -0.9224
vn 0.0319 -0.3627 -0.9314
vn 0.0457 -0.2946 -0.9545
vn 0.1369 0.6125 -0.7785
vn 0.0029 0.2203 0.9754
vn -0.0451 0.4076 0.9120
vn -0.0676 -0.2847 -0.9562
vn -0.1424 0.9874 0.0695
vn -0.1259 0.2939 0.9475
vn 0.0816 -0.1960 -0.9772
vn -0.0175 0.4029 -0.9151
vn -0.2013 0.9155 -0.3483
vn 0.0636 -0.4077 0.9109
vn 0.4820 -0.8734 -0.0699
vn -0.1537 0.6509 -0.7435
vn 0.1890 -0.1051 -0.9763
vn -0.0593 0.3676 0.9281
vn -0.0894 0.4622 0.8823
vn 0.0430 -0.2519 -0.9668
vn 0.0411 0.9958 -0.0812
vn -0.1462 0.7306 0.6670
vn 0.0001 -0.3191 -0.9477
vn 0.1479 -0.7575 -0.6359
vn -0.0537 0.3492 0.9355
vn -0.0647 0.5197 0.8519
vn -0.0435 0.5032 -0.8631
vn 0.0980 -0.2675 -0.9586
vn -0.0278 0.8055 -0.5919
vn 0.0034 0.0836 -0.9965
vn -0.0240 0.2792 0.9599
vn -0.1941 -0.0686 0.9786
vn 0.1025 -0.4735 -0.8748
vn -0.0908 0.4292 0.8986
vn 0.0680 -0.3678 -0.9274
vn -0.0997 0.9487 0.3002
vn 0.0022 0.3636 0.9316
vn 0.0347 -0.3703 -0.9282
vn 0.0504 0.5415 0.8392
vn -0.0379 -0.0028 0.9993
vn 0.1167 -0.2367 0.9645
vn -0.0862 -0.3683 -0.9257
vn -0.0461 0.3063 0.9508
vn -0.2106 0.6013 -0.7708
vn 0.0215 0.4791 -0.8775
vn -0.0255 0.0260 -0.9993
vn 0.1377 -0.2908 -0.9468
vn 0.0657 -0.4472 -0.8920
vn 0.3952 -0.8471 0.3552
vn -0.3573 0.9339 -0.0116
vn 0.2631 0.1171 0.9576
vn 0.0244 0.4773 0.8784
vn 0.2405 -0.0171 0.9705
vn -0.3762 -0.6688 0.6412
vn 0.0329 -0.2644 -0.9638
vn 0.2316 -0.8841 -0.4059
vn -0.3324 0.8889 0.3151
vn -0.0958 0.8611 0.4994
vn -0.0779 0.3642 0.9281
vn 0.2644 -0.2897 0.9199
vn 0.1900 -0.5315 0.8254
vn 0.3374 -0.1970 -0.9205
vn 0.3124 -0.7679 -0.5593
vn -0.1629 0.8924 0.4209
vn 0.2860 0.8285 0.4814
vn 0.0996 0.0421 -0.9941
vn -0.1083 0.4798 0.8707
vn -0.0811 0.4310 0.8987
vn -0.0949 0.4040 0.9098
vn -0.1031 0.9583 0.2666
vn -0.4187 -0.9057 -0.0661
vn -0.3112 -0.9346 -0.1721
vn -0.2098 0.9269 -0.3112
vn -0.2340 0.9410 0.2445
vn 0.2499 -0.8367 -0.4874
vn 0.1864 0.0172 -0.9823
vn 0.0569 -0.3558 -0.9328
vn 0.1626 -0.1589 -0.9738
vn 0.0857 0.9934 0.0769
vn 0.0506 -0.5128 -0.8570
vn -0.3058 -0.4136 0.8576
vn -0.1703 0.1828 0.9683
vn 0.0135 0.5709 0.8209
vn 0.0276 -0.2434 -0.9695
vn -0.2804 0.7950 -0.5379
vn 0.2883 -0.8086 0.5128
vn -0.0443 0.1980 -0.9792
vn -0.0157 0.0300 -0.9994
vn -0.0496 0.1413 -0.9887
vn 0.2620 -0.1835 -0.9475
vn 0.2140 -0.2324 -0.9488
vn -0.0077 0.7625 -0.6469
vn 0.1482 0.3539 0.9235
vn -0.2444 0.1303 -0.9609
vn -0.0944 0.6967 0.7111
vn 0.2579 -0.4018 -0.8787
vn -0.3843 0.7890 -0.4793
vn 0.0124 -0.3436 -0.9391
vn -0.0149 -0.7045 -0.7096
vn -0.2404 0.4112 0.8793
vn 0.4137 0.6290 -0.6582
vn -0.0618 -0.2135 -0.9750
vn -0.1292 0.6025 0.7876
vn 0.0583 -0.2832 -0.9573
vn -0.3131 -0.6984 0.6435
vn -0.6847 0.1299 0.7171
vn -0.9816 -0.1753 0.0752
vn -0.8835 -0.2544 -0.3934
vn 0.2422 -0.2160 -0.9459
vn -0.0886 0.3966 0.9137
vn -0.0902 0.5097 -0.8556
vn -0.1290 -0.2881 -0.9489
vn 0.3192 0.3693 -0.8728
vn 0.1110 -0.6224 -0.7748
vn -0.9886 -0.1314 0.0731
vn -0.7317 -0.6690 0.1306
vn -0.9182 -0.3951 0.0283
vn -0.9594 0.2329 -0.1592
vn -0.8445 -0.5339 0.0425
vn -0.9323 -0.3478 -0.0994
vn -0.4146 0.9098 -0.0197
vn -0.9962 0.0798 -0.0355
vn -0.3566 -0.8921 0.2776
vn -0.1522 0.9363 -0.3164
vn 0.2718 -0.9578 -0.0941
vn 0.3218 -0.5112 -0.7969
vn -0.3848 0.3975 0.8330
vn 0.6082 -0.6468 0.4601
vn -0.2901 0.5286 0.7977
vn -0.0984 0.2247 0.9695
vn -0.4403 -0.2709 -0.8560
vn 0.3609 -0.1931 -0.9124
vn -0.0608 0.2840 0.9569
vn 0.2896 0.9492 0.1227
vn -0.0025 -0.2911 -0.9567
vn -0.1281 0.5494 0.8257
vn -0.3538 0.5729 -0.7394
vn -0.0908 -0.5648 0.8202
vn -0.6729 -0.7320 0.1065
vn 0.0275 -0.9653 0.2595
vn 0.5764 0.7914 -0.2038
vn 0.7330 0.6670 -0.1333
vn 0.9252 0.3166 0.2091
vn 0.6746 -0.3571 0.6461
vn -0.1796 0.6609 -0.7287
vn -0.2081 0.9546 0.2130
vn -0.8018 0.5396 0.2568
vn 0.1168 -0.5126 -0.8507
vn -0.7481 0.3218 -0.5804
vn 0.2362 0.3521 0.9057
vn 0.3166 -0.1163 0.9414
vn 0.7080 0.1111 -0.6974
vn 0.8533 0.3591 -0.3780
vn -0.1565 0.5538 0.8178
vn -0.0164 0.3646 0.9310
vn -0.0179 -0.9478 0.3183
vn 0.1918 0.8578 -0.4769
vn 0.8331 0.5411 -0.1150
vn 0.8780 0.3648 0.3100
vn 0.9300 0.0560 0.3633
vn 0.8158 -0.3840 0.4324
vn 0.9208 0.3686 0.1279
vn 0.8767 0.4617 -0.1348
vn 0.4275 -0.9040 0.0074
vn -0.1384 0.9901 -0.0239
vn 0.2324 -0.2226 -0.9468
vn 0.1477 -0.8201 0.5528
vn -0.6400 0.5496 -0.5370
vn 0.6901 0.6854 -0.2325
vn -0.0464 -0.0126 -0.9988
vn 0.6744 0.6950 0.2492
vn -0.3678 0.8738 0.3180
vn 0.0591 0.0594 -0.9965
vn -0.0166 -0.9820 0.1879
vn 0.3917 0.5506 0.7372
vn 0.2449 0.9551 -0.1669
vn 0.8214 -0.4544 0.3448
vn 0.1651 0.9132 -0.3727
vn 0.3709 0.1956 0.9078
vn -0.1881 0.8561 -0.4814
vn 0.2595 -0.2105 -0.9425
vn 0.2561 -0.1857 -0.9486
vn 0.2219 -0.9164 -0.3333
vn -0.8783 0.4589 0.1339
vn 0.0056 0.9607 0.2776
vn 0.3292 0.3837 -0.8628
vn 0.0730 -0.4140 -0.9073
vn 0.2236 -0.8956 0.3847
vn 0.2439 -0.9093 0.3370
vn 0.3174 -0.7774 0.5431
vn 0.2950 0.6824 0.6689
vn 0.0211 -0.1969 0.9802
vn 0.4987 0.6711 0.5486
vn -0.6735 -0.0588 0.7368
vn -0.9680 0.0715 -0.2405
vn -0.2723 -0.7837 -0.5582
vn -0.5986 0.6518 -0.4656
vn 0.3233 0.0550 0.9447
vn 0.4251 -0.4204 -0.8016
vn -0.1653 0.7090 0.6855
vn 0.5054 0.5082 -0.6974
vn -0.3304 0.9139 -0.2358
vn 0.0912 -0.4267 -0.8998
vn 0.0900 0.9708 -0.2222
vn 0.0802 -0.5270 -0.8461
vn -0.3022 0.4344 0.8485
vn -0.1299 0.3822 0.9149
vn -0.2251 0.2816 -0.9328
vn -0.1950 0.8990 -0.3922
vn 0.0007 -0.0260 -0.9997
vn -0.0805 -0.8979 0.4327
vn -0.0360 0.3834 0.9229
vn -0.0794 0.3132 -0.9464
vn 0.2727 -0.7755 0.5694
vn 0.0249 -0.3462 0.9378
vn 0.4493 0.4517 0.7708
vn 0.6419 -0.0817 0.7624
vn 0.8445 0.5113 -0.1596
vn 0.4346 0.8727 -0.2226
vn -0.2206 0.5456 -0.8085
vn 0.4266 0.8759 -0.2254
vn 0.0805 -0.3426 -0.9360
vn -0.1789 -0.0837 0.9803
vn 0.1407 -0.1475 -0.9790
vn -0.2087 0.9351 -0.2863
vn 0.0877 -0.1636 -0.9826
vn 0.0438 -0.4434 0.8953
vn -0.0417 0.3208 0.9462
vn -0.2390 0.8541 0.4619
vn -0.1114 0.3987 -0.9103
vn 0.4731 -0.1146 -0.8735
vn 0.3238 -0.8555 0.4040
vn 0.2633 0.7630 -0.5903
vn 0.0698 -0.3390 -0.9382
vn -0.1201 -0.9498 0.2888
vn -0.6051 0.6529 0.4556
vn 0.8091 -0.4272 0.4036
vn 0.0122 0.9057 -0.4237
vn 0.2716 -0.7365 0.6195
vn -0.2162 0.8695 -0.4440
vn -0.0591 -0.6934 0.7181
vn 0.1155 -0.3721 0.9210
vn -0.2026 0.7435 0.6373
vn 0.3466 -0.1236 -0.9298
vn 0.2241 -0.2012 -0.9536
vn 0.8177 0.1581 -0.5535
vn 0.9251 -0.1302 -0.3568
vn 0.3581 -0.5029 0.7867
vn 0.9095 -0.2823 -0.3051
vn 0.0242 -0.3538 -0.9350
vn 0.1386 0.3741 -0.9170
vn -0.1432 0.6774 -0.7215
vn 0.1771 -0.8722 0.4560
vn -0.1734 0.9213 -0.3481
vn 0.5290 -0.0354 -0.8479
vn 0.8190 -0.5307 0.2184
vn 0.9451 0.3048 0.1176
vn 0.1375 -0.9148 0.3799
vn -0.2655 0.9639 -0.0207
vn -0.8994 0.4315 -0.0705
vn -0.3682 0.7910 -0.4887
vn 0.1296 -0.5464 0.8274
vn -0.0754 0.3366 0.9386
vn -0.2473 0.8823 -0.4004
vn -0.2730 0.3109 0.9104
vn -0.1149 0.3420 -0.9326
vn 0.1286 -0.3728 -0.9190
vn -0.0934 0.3059 0.9475
vn 0.5809 -0.4378 -0.6862
vn -0.1254 -0.0104 0.9921
vn -0.2255 0.3884 -0.8935
vn 0.7148 -0.6569 -0.2400
vn 0.2275 -0.9237 0.3081
vn -0.4492 0.8329 0.3234
vn -0.1674 0.9852 -0.0371
vn 0.0426 -0.1312 -0.9904
vn 0.1073 -0.6226 0.7752
vn 0.9298 0.2434 -0.2761
vn 0.1851 -0.9649 -0.1863
vn 0.0645 -0.9359 0.3464
vn 0.1660 -0.7218 0.6719
vn -0.0388 0.3846 0.9223
vn 0.5285 -0.1713 -0.8315
vn -0.3426 0.8598 -0.3788
vn 0.2286 -0.8895 0.3955
vn -0.5758 0.1315 -0.8069
vn -0.4780 0.2427 0.8441
vn 0.0309 -0.3079 -0.9509
vn -0.0994 -0.3398 0.9352
vn -0.6721 0.2910 0.6809
vn -0.0017 -0.6831 -0.7303
vn 0.0768 -0.5858 0.8068
vn 0.9181 0.3792 -0.1151
vn 0.7904 0.4410 0.4252
vn 0.1199 -0.7495 -0.6511
vn -0.4200 0.5887 0.6907
vn -0.2250 0.8856 -0.4064
vn -0.4763 0.3016 0.8259
vn 0.2890 -0.5820 0.7601
vn -0.3420 0.6963 -0.6310
vn -0.5933 0.2648 0.7602
vn -0.2594 0.9037 -0.3406
vn 0.2331 -0.9431 -0.2371
vn -0.1957 0.9059 -0.3755
vn -0.2058 0.9780 0.0346
vn -0.0721 0.2092 -0.9752
vn -0.3586 0.8906 -0.2797
vn 0.7786 0.1717 -0.6036
vn 0.8714 0.2830 -0.4006
vn 0.7505 0.5244 0.4021
vn 0.2939 -0.4465 -0.8451
vn -0.2651 0.4145 0.8706
vn 0.6015 -0.1577 -0.7832
vn -0.2405 -0.1142 -0.9639
vn -0.9520 -0.0107 0.3058
vn 0.2138 -0.8980 0.3845
vn -0.1360 0.7315 0.6682
vn 0.0138 -0.1724 -0.9849
vn -0.0081 0.1864 0.9824
vn -0.2719 0.6551 0.7049
vn 0.0722 -0.5976 0.7985
vn 0.7896 0.2173 -0.5739
vn 0.8997 0.4138 -0.1387
vn 0.2194 -0.8886 0.4029
vn -0.0015 0.0649 -0.9979
vn 0.1761 0.0174 0.9842
vn 0.2792 -0.6750 0.6829
vn 0.2151 -0.9251 0.3130
vn 0.0383 0.0529 0.9979
vn -0.1458 0.4803 0.8649
vn 0.1809 -0.9822 -0.0497
vn -0.0739 -0.0880 0.9934
vn -0.0690 0.1769 0.9818
vn -0.1751 0.8923 -0.4161
vn 0.8726 0.4764 0.1077
vn 0.2087 -0.9727 0.1013
vn 0.2340 -0.8751 0.4236
vn 0.0166 -0.2171 -0.9760
vn -0.5073 -0.3244 -0.7984
vn -0.6665 0.2349 -0.7075
vn -0.3563 0.2667 0.8955
vn 0.0472 0.4530 0.8903
vn -0.0995 0.3709 0.9233
vn 0.2277 -0.3419 -0.9117
vn 0.2015 -0.9633 -0.1776
vn 0.7684 0.1962 -0.6092
vn 0.8866 0.4412 -0.1388
vn -0.5124 0.8587 -0.0122
vn 0.2340 -0.8744 0.4250
vn 0.1040 -0.3434 0.9334
vn -0.4961 0.1797 0.8495
vn -0.6525 0.6625 -0.3678
vn 0.1757 -0.2805 -0.9436
vn 0.0586 -0.3337 -0.9408
vn -0.0250 0.3123 0.9497
vn 0.2349 -0.9324 0.2748
vn 0.1162 -0.5893 -0.7995
vn -0.2544 0.7941 0.5520
vn -0.1921 0.8850 -0.4240
vn 0.1814 -0.9746 -0.1317
vn -0.2501 0.6933 0.6759
vn -0.8238 0.4964 -0.2737
vn -0.8546 0.0402 0.5177
vn -0.4180 0.6026 0.6798
vn 0.0895 -0.4068 -0.9091
vn -0.4518 0.3342 -0.8272
vn -0.0783 0.4161 0.9059
vn -0.2052 0.9146 -0.3484
vn -0.2107 0.9179 -0.3362
vn -0.4283 -0.4575 -0.7793
vn 0.0453 -0.1917 -0.9804
vn 0.3708 -0.9050 0.2084
vn 0.0929 -0.2685 -0.9588
vn 0.1859 0.9824 -0.0163
vn -0.1055 0.9414 -0.3204
vn -0.8574 0.4930 -0.1480
vn -0.9869 -0.1600 0.0200
vn -0.9944 0.0922 -0.0508
vn -0.9902 -0.0591 -0.1263
vn 0.0735 -0.4020 -0.9127
vn -0.4797 0.8708 -0.1074
vn -0.1699 0.3531 0.9200
vn -0.0478 0.3417 0.9386
vn -0.0588 0.4484 0.8919
vn 0.0474 -0.3932 -0.9182
vn -0.0642 0.6151 0.7858
vn -0.1613 0.9856 0.0502
vn -0.0123 -0.1984 0.9800
vn -0.2338 0.4591 0.8571
vn -0.3915 0.4024 -0.8275
vn -0.7246 0.6211 -0.2987
vn -0.5408 -0.6551 0.5276
vn 0.7937 0.5710 0.2098
vn 0.2589 -0.9487 0.1813
vn -0.9473 0.2285 0.2245
vn 0.4011 0.8998 -0.1716
vn 0.7290 0.4863 -0.4818
vn 0.0648 -0.3846 -0.9208
vn -0.0052 -0.0449 -0.9990
vn 0.0471 -0.1313 0.9902
vn 0.2129 -0.8165 0.5366
vn 0.0072 0.0367 -0.9993
vn 0.2364 -0.9033 0.3580
vn 0.2206 -0.8974 0.3822
vn -0.1836 -0.0270 0.9826
vn 0.0353 0.0468 -0.9983
vn 0.2527 0.1612 0.9540
vn -0.4852 0.7002 0.5237
vn -0.7020 -0.4402 0.5598
vn -0.3583 0.1272 0.9249
vn -0.8594 0.3861 0.3352
vn 0.2633 -0.9410 -0.2128
vn 0.0488 -0.5114 -0.8580
vn 0.7436 0.5635 0.3598
vn 0.0844 0.5246 0.8472
vn 0.8381 0.5237 -0.1528
vn 0.8654 0.4914 -0.0984
vn 0.3421 -0.0890 -0.9354
vn 0.0697 -0.3666 -0.9278
vn -0.0529 -0.2668 -0.9623
vn 0.3113 -0.7066 0.6355
vn -0.8564 -0.1495 -0.4942
vn -0.2123 -0.9332 0.2900
vn -0.9543 0.0301 -0.2972
vn -0.5066 -0.7706 -0.3866
vn -0.7090 0.6921 -0.1355
vn -0.9522 -0.3050 -0.0140
vn 0.0427 -0.8658 0.4986
vn -0.8356 -0.5032 0.2204
vn -0.5741 0.8036 -0.1568
vn -0.9071 0.2307 -0.3520
vn -0.6773 0.6503 -0.3440
vn 0.6422 0.6264 0.4418
vn 0.9026 0.4212 -0.0886
vn 0.8443 0.4175 -0.3360
vn 0.3834 0.1627 -0.9091
vn -0.0465 0.3784 0.9245
vn 0.2201 -0.9580 0.1838
vn -0.0051 -0.0850 -0.9964
vn -0.0741 0.4274 0.9010
vn 0.2105 -0.9243 0.3185
vn 0.0999 -0.5765 -0.8109
vn -0.3935 -0.5573 0.7312
vn -0.0521 -0.9984 0.0211
vn -0.0599 0.6278 0.7761
vn 0.0535 -0.2385 0.9697
vn 0.6072 0.6463 -0.4621
vn -0.8033 0.5223 -0.2862
vn -0.6934 0.1228 -0.7100
vn -0.3932 0.6219 0.6772
vn -0.3965 -0.0407 -0.9171
vn -0.2593 0.9648 -0.0434
vn -0.2263 0.6218 -0.7498
vn -0.4752 0.8784 0.0503
vn -0.2185 0.8762 -0.4295
vn -0.2196 0.5725 -0.7900
vn 0.2673 -0.9041 0.3334
vn -0.0777 -0.3196 0.9443
vn 0.1890 0.4971 0.8468
vn 0.4011 0.8602 -0.3150
vn 0.2753 0.7589 -0.5901
vn 0.0960 -0.3402 -0.9354
vn -0.0128 -0.1334 -0.9910
vn -0.2533 0.8449 -0.4711
vn -0.2383 0.8941 -0.3792
vn 0.1898 -0.9778 0.0885
vn -0.1700 0.9849 0.0329
vn -0.0735 -0.1448 0.9867
vn -0.3195 -0.0065 -0.9476
vn -0.1573 0.3439 0.9257
vn -0.6921 -0.2088 -0.6909
vn -0.7925 -0.3019 -0.5298
vn -0.1415 0.6841 -0.7155
vn -0.1948 0.8516 -0.4866
vn 0.1597 -0.5779 -0.8003
vn 0.1434 -0.9712 -0.1903
vn 0.1094 -0.5676 0.8160
vn 0.0081 0.0450 0.9990
vn -0.0275 0.9433 0.3309
vn 0.1348 0.6050 -0.7847
vn 0.1974 -0.1160 -0.9734
vn 0.3313 0.9394 0.0877
vn 0.2179 -0.8905 0.3995
vn -0.0719 0.4223 -0.9036
vn -0.0701 0.4022 0.9129
vn -0.1694 0.5956 0.7852
vn 0.1686 -0.8942 -0.4147
vn -0.3774 0.7775 -0.5030
vn -0.8586 0.0978 0.5032
vn -0.5512 -0.7933 -0.2586
vn -0.2132 -0.4338 0.8754
vn -0.1709 0.4528 -0.8751
vn 0.1995 -0.9100 0.3635
vn 0.0558 0.9937 0.0974
vn 0.0592 0.8799 -0.4714
vn 0.1741 0.5265 -0.8321
vn 0.2207 -0.8866 0.4065
vn -0.1135 0.9418 0.3165
vn -0.1739 0.9044 -0.3896
vn -0.1130 0.7143 -0.6907
vn 0.0764 -0.3890 -0.9181
vn 0.0775 -0.3746 -0.9240
vn -0.0824 0.4077 0.9094
vn -0.0678 0.4143 0.9076
vn -0.0624 0.3829 0.9217
vn -0.1523 0.7360 0.6597
vn -0.9180 0.0036 -0.3966
vn -0.8959 0.4413 0.0512
vn -0.0460 0.2205 -0.9743
vn -0.5859 0.5810 -0.5650
vn 0.2200 -0.8868 -0.4064
vn 0.0909 0.0129 -0.9958
vn 0.0282 0.9808 -0.1928
vn 0.0284 0.3808 0.9242
vn 0.3503 -0.6454 -0.6788
vn 0.0798 -0.4008 -0.9127
vn -0.1021 0.5116 0.8531
vn 0.2154 -0.8177 0.5338
vn -0.5727 0.4086 0.7107
vn 0.2232 -0.8977 0.3799
vn -0.8036 0.5944 -0.0293
vn -0.1472 0.7263 0.6715
vn -0.1970 -0.9114 0.3614
vn -0.7673 -0.3481 -0.5386
vn -0.0176 0.0056 0.9998
vn -0.1603 0.4625 -0.8720
vn -0.9780 0.1676 0.1246
vn -0.7301 -0.6101 0.3076
vn -0.1279 0.4205 0.8982
vn 0.1708 -0.9358 0.3083
vn 0.1767 -0.8951 0.4094
vn 0.4280 -0.4452 -0.7865
vn -0.1286 0.3177 0.9394
vn 0.0458 -0.4034 -0.9139
vn 0.0295 -0.1265 0.9915
vn 0.2495 -0.9360 0.2484
vn -0.1894 -0.3086 -0.9321
vn 0.0922 -0.5816 -0.8082
vn -0.6182 -0.6355 0.4626
vn -0.1623 0.9867 -0.0028
vn -0.0609 -0.8885 -0.4549
vn 0.1271 -0.0848 -0.9883
vn -0.7806 0.2142 0.5872
vn 0.2452 0.9226 -0.2979
vn 0.2707 -0.9607 -0.0619
vn 0.2471 -0.9588 0.1401
vn 0.1868 -0.3290 -0.9257
vn -0.2315 0.9484 -0.2165
vn -0.1914 0.8341 0.5174
vn -0.1971 0.8871 -0.4173
vn 0.0958 -0.1548 -0.9833
vn 0.0358 -0.4073 -0.9126
vn -0.0825 0.4632 0.8824
vn 0.1387 -0.9775 0.1590
vn -0.2317 0.6898 -0.6859
vn -0.2060 0.9777 0.0416
vn -0.1366 0.7776 0.6138
vn -0.0221 -0.1354 0.9905
vn -0.1704 0.4105 0.8958
vn -0.1465 0.5721 0.8070
vn -0.1806 0.9822 0.0513
vn -0.0488 0.8474 -0.5287
vn 0.1982 -0.7958 -0.5722
vn -0.0829 0.4494 0.8895
vn 0.2135 -0.8710 0.4425
vn 0.2308 -0.6740 -0.7018
vn 0.1888 -0.9456 0.2649
vn 0.2632 -0.8942 0.3622
vn -0.5496 0.7364 -0.3945
vn 0.0399 -0.7564 -0.6529
vn 0.5993 -0.7987 0.0539
vn 0.1884 -0.9781 -0.0879
vn -0.2174 -0.3587 -0.9078
vn -0.1943 0.8521 -0.4860
vn -0.1850 0.9795 0.0801
vn 0.1716 -0.9343 0.3124
vn -0.2040 0.8881 -0.4119
vn 0.0775 -0.4626 -0.8832
vn 0.0686 -0.4284 -0.9010
vn 0.2140 -0.8821 0.4197
vn 0.0582 -0.3382 -0.9393
vn 0.1019 -0.3863 -0.9167
vn 0.2254 -0.9610 0.1600
vn 0.2324 -0.9188 0.3192
vn -0.8470 -0.1166 0.5187
vn -0.2648 0.0756 -0.9613
vn 0.4144 0.2587 0.8725
vn 0.1687 -0.9847 0.0429
vn 0.5436 0.2996 -0.7841
vn 0.2011 0.3715 -0.9064
vn -0.1793 0.5909 -0.7866
vn 0.0577 -0.9623 0.2658
vn -0.0372 -0.7482 0.6624
vn 0.0486 0.9590 0.2792
vn -0.0806 -0.5810 -0.8099
vn -0.0496 -0.2578 -0.9649
vn -0.2599 0.4494 0.8547
vn 0.1530 -0.8031 0.5759
vn -0.2998 0.8927 0.3364
vn 0.6850 -0.3405 -0.6440
vn 0.4571 -0.5620 0.6893
vn -0.1415 0.1959 0.9704
vn 0.4413 -0.0352 -0.8966
vn 0.0161 0.4745 0.8801
vn -0.2037 0.6053 -0.7695
vn 0.2618 -0.0975 -0.9602
vn 0.3396 0.5755 0.7439
vn -0.0565 0.1780 0.9824
vn -0.6707 -0.3448 -0.6567
vn -0.0756 -0.8444 -0.5303
vn 0.4724 -0.3204 -0.8211
vn 0.2647 -0.9643 -0.0008
vn -0.1189 0.4366 0.8918
vn -0.4977 0.7936 -0.3500
vn -0.4452 0.6067 0.6586
vn 0.2679 -0.7356 -0.6222
vn -0.5741 -0.1475 -0.8054
vn -0.1425 -0.4767 -0.8674
vn -0.3219 0.7779 0.5397
vn -0.4599 0.8879 -0.0057
vn 0.2496 -0.8701 -0.4249
vn 0.4258 -0.5021 0.7527
vn -0.0493 -0.1349 -0.9896
vn -0.1235 -0.0875 0.9885
vn -0.3980 0.7445 0.5360
vn 0.4432 -0.7195 -0.5348
vn -0.3990 0.7986 -0.4506
vn 0.4034 0.5062 0.7622
vn -0.3918 0.1647 -0.9052
vn -0.5131 0.2180 0.8302
vn -0.0732 0.4066 0.9107
vn 0.2272 -0.8787 0.4198
vn -0.0210 -0.2648 -0.9641
vn 0.3343 -0.9081 0.2523
vn -0.4087 0.6593 0.6311
vn -0.8474 -0.0642 0.5271
vn 0.3543 -0.9320 0.0763
vn -0.1383 0.4137 0.8999
vn 0.1363 -0.8781 0.4586
vn -0.3504 0.9050 -0.2414
vn 0.5562 -0.8168 0.1531
vn 0.5057 -0.8597 -0.0728
vn -0.3097 -0.4101 -0.8579
vn -0.3377 0.3146 0.8871
vn 0.2205 -0.9462 0.2367
vn -0.2590 0.4802 0.8381
vn 0.0615 -0.9943 -0.0876
vn -0.2973 0.9435 0.1463
vn -0.0672 -0.9974 0.0266
vn -0.3573 0.8865 -0.2939
vn -0.2975 0.8077 -0.5091
vn 0.4917 -0.7810 0.3849
vn 0.5402 -0.6607 0.5213
vn -0.8075 0.5862 0.0651
vn -0.2709 -0.4609 -0.8451
vn -0.4244 -0.2407 -0.8729
vn 0.1092 -0.6679 0.7362
vn -0.3523 0.0067 -0.9358
vn 0.5889 0.2615 -0.7647
vn -0.3931 0.7565 0.5227
vn 0.0199 -0.2355 -0.9717
vn -0.9035 -0.2427 0.3532
vn -0.3112 0.8900 -0.3334
vn -0.2610 0.1884 -0.9468
vn -0.3750 0.6408 -0.6699
vn -0.0779 0.6421 0.7627
vn -0.0705 -0.1107 0.9913
vn 0.5764 -0.7562 0.3098
vn -0.3785 0.8433 -0.3817
vn -0.3513 -0.3704 -0.8599
vn -0.7350 0.0509 0.6761
vn -0.7910 -0.4033 -0.4601
vn -0.0633 0.7875 0.6130
vn -0.3497 0.2884 0.8914
vn -0.5356 -0.0238 -0.8441
vn 0.4969 0.3255 0.8044
vn -0.8214 0.5652 -0.0767
vn -0.0495 0.9399 -0.3378
vn -0.6083 0.7926 0.0428
vn -0.3345 -0.4734 -0.8149
vn -0.8441 0.3562 -0.4008
vn -0.8593 -0.2300 -0.4569
vn -0.9835 0.1750 -0.0462
vn -0.9835 -0.1794 0.0217
vn -0.0113 0.2641 0.9644
vn -0.9688 -0.0500 0.2426
vn -0.8674 0.4531 -0.2055
vn -0.9820 0.1887 -0.0102
vn -0.6346 0.7550 -0.1652
vn -0.5125 0.8544 0.0859
vn -0.1697 0.9796 -0.1072
vn -0.0775 -0.8563 0.5106
vn 0.6518 -0.5123 0.5592
vn -0.1298 -0.3191 -0.9388
vn -0.0968 0.4871 0.8680
vn -0.0679 -0.7675 -0.6375
vn 0.8637 0.1732 -0.4734
vn 0.1551 0.9351 -0.3187
vn -0.2283 -0.4065 0.8847
vn -0.2309 -0.9310 0.2827
vn -0.9263 0.2912 -0.2392
vn -0.4390 -0.0829 -0.8946
vn -0.1232 0.2889 0.9494
vn 0.0548 -0.9976 0.0425
vn -0.8772 0.1617 0.4521
vn -0.8463 0.5036 -0.1737
vn -0.8211 0.4794 -0.3098
vn -0.9469 0.0093 0.3215
vn -0.9587 0.2219 -0.1778
vn 0.0087 0.9083 -0.4183
vn -0.0452 0.2346 0.9710
vn -0.4287 -0.6176 -0.6594
vn -0.2857 -0.9386 0.1933
vn 0.9850 -0.1701 0.0295
vn -0.5214 -0.4204 -0.7426
vn -0.3843 0.9221 0.0449
vn -0.5971 0.4146 0.6867
vn -0.2776 0.4309 0.8586
vn -0.4216 -0.7084 -0.5661
vn -0.0388 -0.7444 -0.6666
vn -0.0184 -0.8090 0.5875
vn 0.3459 0.6567 -0.6701
vn -0.3708 0.8945 -0.2499
vn -0.4386 -0.4708 -0.7655
vn 0.0401 0.9552 -0.2932
vn 0.2853 0.9569 0.0547
vn -0.9988 -0.0411 -0.0282
vn -0.2999 -0.3721 -0.8784
vn -0.0439 0.2967 0.9540
vn -0.3739 -0.3030 -0.8766
vn 0.4541 0.4407 -0.7743
vn -0.1861 0.2994 0.9358
vn -0.2521 -0.6289 0.7355
vn 0.6246 -0.1357 -0.7691
vn 0.9291 0.3595 -0.0871
vn -0.6407 -0.0828 -0.7633
vn -0.8528 0.4824 0.2001
vn -0.5190 0.7684 0.3745
vn -0.0584 0.9755 -0.2123
vn 0.4752 0.7479 0.4635
vn 0.1571 -0.9600 -0.2316
vn -0.3144 -0.7620 -0.5661
vn 0.5342 -0.7474 0.3950
vn 0.5023 -0.8137 0.2927
vn 0.3218 -0.5399 0.7778
vn -0.1243 -0.4246 -0.8968
vn -0.0935 0.3749 0.9223
vn 0.8818 0.3712 0.2910
vn 0.9393 0.0144 0.3429
vn 0.9294 0.0701 -0.3623
vn -0.1713 0.8786 -0.4458
vn -0.3973 -0.8707 0.2898
vn -0.2067 -0.4568 -0.8652
vn -0.6099 -0.7547 0.2418
vn -0.2213 -0.0615 -0.9733
vn -0.4905 0.5485 -0.6772
vn -0.9935 -0.1126 -0.0137
vn -0.2044 0.7563 0.6215
vn -0.4074 0.9073 -0.1039
vn -0.6354 0.3425 0.6921
vn 0.2014 -0.5320 -0.8224
vn -0.7928 0.6034 -0.0859
vn -0.0569 -0.5348 -0.8430
vn -0.0631 -0.9756 0.2105
vn 0.8960 0.4381 -0.0720
vn 0.9895 -0.1080 0.0961
vn 0.5423 0.3352 0.7704
vn 0.9061 -0.1408 -0.3989
vn 0.9335 0.2431 0.2636
vn 0.8769 0.3514 -0.3280
vn 0.7074 -0.0355 -0.7059
vn 0.4154 -0.2885 -0.8627
vn 0.0497 0.2577 0.9649
vn 0.3497 -0.3350 0.8749
vn -0.3095 0.5539 0.7729
vn -0.0031 -0.3617 -0.9323
vn -0.6997 -0.6553 -0.2846
vn 0.0339 0.3846 -0.9225
vn -0.1517 0.4671 0.8711
vn 0.5641 -0.0403 -0.8247
vn 0.5279 -0.4334 -0.7304
vn 0.1763 0.9784 -0.1077
vn 0.0563 -0.8401 0.5395
vn 0.7236 0.6317 0.2783
vn 0.2917 0.5124 0.8077
vn 0.8906 -0.2172 0.3995
vn 0.7451 -0.3247 -0.5825
vn 0.6828 -0.7305 -0.0151
vn -0.4082 -0.2094 -0.8886
vn -0.5326 -0.8120 -0.2389
vn 0.1159 -0.4343 -0.8933
vn -0.6613 0.7500 0.0083
vn -0.7873 -0.5256 -0.3222
vn -0.7418 -0.6217 0.2515
vn -0.7391 -0.6665 0.0971
vn 0.2841 -0.2256 -0.9319
vn -0.2928 0.9041 0.3112
vn 0.6255 -0.1143 -0.7718
vn -0.6684 -0.5462 0.5049
vn 0.6807 0.6088 -0.4074
vn -0.5011 -0.7723 -0.3906
vn -0.8424 0.1643 -0.5133
vn 0.1576 0.2945 0.9426
vn -0.7230 -0.6770 0.1378
vn -0.3281 -0.8843 -0.3323
vn 0.9471 0.3124 0.0735
vn -0.3258 0.1617 -0.9315
vn -0.7811 -0.5458 0.3033
vn -0.2806 -0.8358 -0.4718
vn -0.7404 0.3524 -0.5724
vn 0.0617 0.3867 0.9202
vn -0.9002 -0.4351 0.0174
vn 0.0376 0.3905 0.9198
vn 0.3708 0.8856 -0.2798
vn 0.3125 0.9125 -0.2641
vn -0.8470 -0.5305 0.0330
vn -0.4039 0.4264 0.8093
vn -0.9919 -0.0233 -0.1247
vn -0.3820 -0.8800 0.2822
vn -0.6814 -0.6705 0.2935
vn -0.0130 -0.7006 -0.7134
vn -0.3515 0.8617 -0.3658
vn -0.7313 -0.6240 0.2754
vn 0.5496 0.7486 0.3707
vn -0.0072 0.6295 0.7770
vn -0.0117 0.4292 0.9031
vn 0.2305 -0.0034 -0.9731
vn -0.6830 -0.5781 0.4466
vn 0.0642 -0.3858 -0.9203
vn -0.4117 -0.9109 -0.0290
vn -0.8912 -0.0883 0.4450
vn -0.8135 -0.5789 -0.0561
vn -0.9983 0.0416 -0.0407
vn -0.0118 -0.0245 -0.9996
vn 0.4921 0.4355 0.7538
vn -0.0750 -0.9967 -0.0301
vn 0.0302 -0.8686 0.4946
vn 0.7141 0.6983 -0.0487
vn 0.2271 0.8945 0.3851
vn 0.0675 0.9141 -0.3999
vn -0.2167 -0.6645 0.7151
vn 0.0472 0.6408 -0.7663
vn -0.3385 -0.9265 -0.1644
vn -0.2305 -0.5227 -0.8207
vn 0.4792 -0.6841 0.5498
vn 0.2394 0.9539 0.1812
vn -0.1209 0.5286 0.8402
vn 0.2833 0.9509 0.1243
vn 0.3744 0.6380 0.6729
vn 0.6034 0.1459 0.7840
vn 0.8409 0.4180 0.3438
vn 0.1033 -0.4176 -0.9028
vn -0.7434 -0.5714 0.3476
vn -0.1095 -0.8124 0.5728
vn -0.5345 -0.3262 0.7797
vn 0.1084 0.2700 0.9567
vn 0.3889 0.4377 -0.8106
vn 0.9557 -0.1713 0.2394
vn 0.8829 0.4531 -0.1237
vn 0.6481 0.7546 -0.1030
vn 0.0613 0.9948 -0.0808
vn 0.9226 -0.2945 0.2492
vn 0.8586 0.3414 -0.3824
vn -0.0179 0.9829 -0.1833
vn 0.2068 -0.6030 0.7705
vn 0.0623 -0.7373 -0.6727
vn -0.2026 -0.4325 0.8786
vn 0.5768 -0.4059 -0.7089
vn 0.1043 -0.4649 -0.8792
vn 0.5633 -0.6577 -0.5002
vn 0.3062 -0.1045 -0.9462
vn -0.0047 0.4070 0.9134
vn 0.6595 0.2681 -0.7023
vn 0.9645 -0.1883 -0.1849
vn -0.4736 0.6265 0.6190
vn 0.9962 0.0088 0.0867
vn 0.1172 -0.7303 -0.6731
vn 0.2404 -0.8503 0.4681
vn -0.0221 0.4527 0.8914
vn 0.4625 -0.2070 0.8621
vn 0.9168 -0.3980 0.0318
vn 0.1066 0.0927 -0.9900
vn -0.2984 0.2978 0.9068
vn 0.7398 0.6193 0.2632
vn 0.8986 0.2314 0.3729
vn 0.2669 0.6672 -0.6954
vn -0.7303 0.6250 -0.2757
vn 0.2096 -0.9356 -0.2841
vn 0.0941 -0.5755 -0.8124
vn 0.2563 -0.8907 0.3755
vn 0.0411 -0.4336 -0.9002
vn 0.3676 0.1640 0.9154
vn 0.1241 -0.4700 -0.8739
vn 0.7605 0.3058 -0.5728
vn 0.9915 0.0725 -0.1076
vn 0.3326 0.7622 0.5553
vn 0.9735 -0.0007 -0.2287
vn 0.9719 0.2152 0.0954
vn 0.0373 0.3765 0.9256
vn -0.8325 0.3198 -0.4524
vn -0.7989 0.5989 -0.0547
vn 0.2298 -0.9406 0.2498
vn -0.2176 0.6619 -0.7173
vn -0.0436 0.4729 0.8800
vn 0.0544 -0.4342 -0.8992
vn 0.1939 -0.5107 0.8376
vn 0.1612 -0.1567 -0.9744
vn -0.0089 0.2928 0.9561
vn -0.0551 0.4228 0.9046
vn -0.0564 0.4225 0.9046
vn 0.6900 0.1799 -0.7011
vn 0.9660 0.1009 0.2382
vn 0.6067 0.6436 0.4666
vn 0.8764 -0.2230 -0.4269
vn 0.3981 0.5033 0.7669
vn 0.9280 0.2455 -0.2803
vn 0.8919 -0.0015 -0.4523
vn 0.7364 0.6552 -0.1688
vn 0.4869 0.8689 0.0891
vn 0.7345 -0.6722 0.0928
vn 0.5651 -0.7965 -0.2153
vn 0.6775 -0.4960 0.5431
vn 0.1195 -0.7011 -0.7030
vn -0.7784 -0.3030 -0.5498
vn -0.1631 -0.4703 0.8673
vn 0.5666 0.2395 -0.7884
vn -0.8433 -0.0603 -0.5341
vn -0.5650 0.7198 0.4034
vn -0.1654 0.9086 0.3834
vn -0.2223 0.8695 -0.4412
vn -0.1132 0.1425 -0.9833
vn 0.0498 -0.4281 -0.9024
vn 0.2398 -0.9329 -0.2688
vn 0.1066 -0.5422 -0.8335
vn 0.0228 -0.3197 -0.9473
vn -0.0466 0.4000 0.9153
vn -0.0160 0.5616 0.8272
vn 0.1477 0.8586 -0.4909
vn -0.0547 0.4166 0.9074
vn 0.1750 -0.3751 -0.9103
vn 0.3793 0.4538 -0.8063
vn 0.0538 -0.9745 -0.2178
vn 0.1407 -0.9165 0.3745
vn -0.0829 0.6024 0.7939
vn -0.2932 -0.8813 -0.3706
vn 0.2135 -0.6387 0.7392
vn -0.8561 -0.0546 0.5139
vn -0.7174 -0.2863 -0.6352
vn -0.7045 0.0064 -0.7097
vn -0.5884 0.4932 0.6408
vn -0.7175 0.3296 0.6136
vn -0.6656 0.3019 -0.6825
vn -0.7403 0.5351 -0.4070
vn -0.7028 0.6759 -0.2218
vn -0.6010 0.7952 0.0802
vn 0.2056 -0.9190 -0.3364
vn -0.2414 0.9693 -0.0458
vn 0.2349 -0.8518 0.4682
vn 0.0557 0.0311 0.9980
vn -0.1755 0.7129 -0.6790
vn 0.0396 -0.2691 -0.9623
vn -0.0680 0.9930 -0.0963
vn -0.0755 -0.0878 -0.9933
vn -0.5780 -0.7104 0.4015
vn -0.7341 -0.0262 0.6785
vn -0.3725 -0.7614 0.5306
vn 0.1497 -0.8345 -0.5303
vn -0.1141 0.7100 0.6949
vn -0.4302 -0.7633 -0.4820
vn 0.5335 -0.7860 0.3125
vn -0.1255 0.9092 -0.3971
vn -0.0994 0.0808 0.9918
vn -0.1542 0.6430 -0.7502
vn -0.2070 0.6675 0.7153
vn 0.2300 -0.9697 0.0819
vn -0.0450 0.3677 0.9289
vn -0.0682 0.4251 0.9026
vn -0.1697 0.3088 -0.9359
vn -0.2377 0.8901 -0.3890
vn 0.0502 -0.4316 -0.9007
vn 0.2605 -0.9639 0.0553
vn 0.2342 -0.8182 0.5251
vn -0.0210 0.3130 0.9495
vn -0.0530 0.1280 -0.9903
vn -0.1099 0.6599 0.7433
vn 0.4145 -0.8826 0.2218
vn -0.1626 -0.0996 -0.9817
vn -0.2235 0.9476 -0.2284
vn 0.2062 -0.6564 0.7257
vn -0.0459 -0.0203 -0.9987
vn -0.0518 0.4195 0.9063
vn 0.2050 -0.8542 -0.4778
vn 0.1274 -0.2759 0.9527
vn -0.1616 0.8856 0.4354
vn -0.0342 -0.7955 -0.6050
vn 0.0753 -0.9505 0.3014
vn -0.1903 0.9706 0.1474
vn -0.0486 0.4345 0.8993
vn 0.8337 0.4490 -0.3215
vn 0.8913 -0.1917 0.4110
vn 0.9466 -0.1064 0.3043
vn 0.3218 -0.7288 0.6043
vn 0.9256 -0.2547 -0.2801
vn 0.6905 0.7120 0.1272
vn 0.5359 -0.7652 0.3568
vn 0.8958 -0.4443 -0.0095
vn 0.3939 -0.9151 -0.0858
vn -0.2176 0.8933 0.3932
vn -0.2212 0.9750 -0.0205
vn 0.0520 -0.4343 -0.8993
vn 0.1010 -0.5014 -0.8593
vn -0.0826 0.3463 -0.9345
vn 0.2562 -0.2205 0.9411
vn 0.1942 -0.9725 -0.1289
vn -0.0612 0.4127 0.9088
vn 0.3597 -0.3745 0.8546
vn -0.0631 0.1533 -0.9862
vn 0.4635 0.2627 0.8463
vn 0.9802 0.1941 0.0405
vn 0.9967 -0.0567 0.0577
vn 0.3672 -0.0588 -0.9283
vn 0.6722 0.0632 0.7377
vn 0.2863 -0.9207 -0.2651
vn 0.8822 -0.1760 -0.4367
vn 0.4899 -0.1505 0.8587
vn 0.3391 0.5871 0.7351
vn 0.3993 -0.5429 0.7388
vn 0.0584 0.2002 0.9780
vn 0.0877 0.9908 -0.1030
vn 0.4216 0.7996 -0.4277
vn 0.5287 -0.3950 -0.7513
vn 0.4196 -0.7508 -0.5101
vn -0.1720 0.8279 -0.5338
vn -0.1003 0.7433 0.6613
vn -0.0447 0.4050 0.9132
vn 0.0497 -0.4308 -0.9011
vn -0.2031 0.9700 -0.1338
vn 0.2137 -0.6823 -0.6992
vn 0.2649 -0.7981 0.5411
vn 0.1116 -0.5493 -0.8281
vn 0.2067 -0.6104 0.7647
vn 0.0500 0.4186 -0.9068
vn -0.0988 0.8316 0.5465
vn -0.2108 0.7520 -0.6246
vn 0.0195 0.1347 0.9907
vn -0.1653 0.7130 -0.6814
vn -0.0620 0.4345 0.8986
vn 0.0394 -0.4036 -0.9141
vn 0.0484 -0.4151 -0.9085
vn 0.0429 0.4263 0.9036
vn 0.0513 0.0095 0.9986
vn -0.1991 0.9800 -0.0005
vn 0.0680 -0.3918 -0.9175
vn -0.1271 0.6831 0.7192
vn 0.1191 -0.6903 -0.7137
vn -0.1702 0.9426 -0.2872
vn -0.1890 0.9802 0.0592
vn 0.1624 -0.6449 0.7468
vn -0.0029 -0.2824 -0.9593
vn 0.0350 -0.3086 -0.9506
vn -0.1553 0.9837 -0.0912
vn 0.1394 -0.8530 -0.5030
vn -0.0629 0.4596 0.8859
vn -0.0365 -0.0316 -0.9988
vn 0.0265 -0.2859 -0.9579
vn -0.1753 0.8803 -0.4407
vn 0.2222 -0.8778 0.4245
vn -0.1700 0.9420 0.2893
vn 0.0982 -0.6818 -0.7249
vn -0.1093 0.2383 -0.9650
vn 0.0244 -0.3900 -0.9205
vn -0.0635 0.4282 0.9014
vn -0.0440 0.3840 0.9223
vn -0.0678 0.4711 0.8794
vn 0.0555 -0.0942 0.9940
vn -0.2080 0.9770 0.0462
vn -0.0325 0.0723 -0.9969
vn 0.0328 0.0124 0.9994
vn 0.1722 -0.6855 0.7074
vn -0.0898 0.5853 0.8058
vn -0.1310 0.7856 0.6047
vn 0.1979 -0.9792 0.0446
vn 0.2146 -0.8640 0.4555
vn -0.0682 0.5224 0.8500
vn 0.2103 -0.7543 0.6219
vn -0.0319 0.2867 0.9575
vn 0.0475 -0.2233 -0.9736
vn -0.0690 0.2668 -0.9613
vn -0.1899 0.9816 0.0211
vn 0.1643 -0.9837 -0.0734
vn 0.1885 -0.9074 0.3756
vn 0.1198 -0.6959 -0.7081
vn 0.1066 -0.2995 0.9481
vn -0.1263 0.5831 -0.8025
vn 0.1857 -0.9388 -0.2902
vn -0.1784 0.9640 -0.1973
vn -0.0507 0.2691 -0.9618
vn -0.1761 0.8609 -0.4774
vn 0.1538 -0.7446 0.6496
vn -0.1739 0.9845 0.0209
vn 0.1860 -0.9146 0.3590
vn 0.1929 -0.9761 0.1002
vn 0.0524 -0.4326 -0.9001
vn -0.1091 0.7331 0.6713
vn -0.2019 0.6636 -0.7203
vn 0.1927 -0.8645 -0.4642
vn 0.0544 -0.4231 -0.9044
vn -0.0473 0.4305 0.9013
vn -0.0894 0.5996 0.7953
vn 0.1007 -0.7422 -0.6626
vn 0.1721 -0.8426 0.5104
vn 0.1280 -0.5323 0.8368
vn -0.0123 0.3101 0.9506
vn -0.0372 0.1124 -0.9930
vn -0.1349 0.5492 -0.8247
vn 0.2237 -0.9646 -0.1396
vn 0.0591 -0.4089 -0.9107
vn -0.1889 0.9796 0.0678
vn -0.1396 0.8262 0.5458
vn 0.0574 -0.4483 -0.8920
vn -0.0709 0.8218 -0.5654
vn -0.0914 0.8593 0.5032
vn -0.0565 0.4118 0.9095
vn -0.0754 0.2082 -0.9752
vn -0.1404 0.7618 0.6324
vn 0.0783 -0.4487 -0.8903
vn -0.0440 0.3571 0.9330
vn -0.1840 0.7884 -0.5870
vn -0.1953 0.9534 0.2299
vn 0.2267 -0.7005 0.6766
vn 0.1427 -0.4366 0.8883
vn -0.1157 0.6357 -0.7632
vn -0.0552 0.4324 0.9000
vn 0.0491 -0.4303 -0.9013
vn -0.0600 0.4236 0.9039
vn 0.0492 -0.3572 -0.9327
vn 0.0120 -0.0060 0.9999
vn -0.1799 0.8161 -0.5491
vn -0.1843 0.9095 0.3726
vn 0.2317 -0.9369 0.2619
vn 0.1671 -0.9155 -0.3659
vn -0.2028 0.9791 0.0181
vn 0.1243 -0.7053 -0.6979
vn -0.2124 0.9031 -0.3733
vn 0.2192 -0.9007 0.3749
vn 0.0594 -0.4282 -0.9017
vn -0.0533 0.4330 0.8998
vn -0.0772 0.5005 0.8623
vn 0.0067 0.1199 0.9928
vn -0.0296 -0.0218 -0.9993
vn -0.0594 0.4540 0.8890
vn 0.1317 -0.5384 0.8323
vn 0.2292 -0.8557 0.4639
vn -0.1853 0.8992 0.3963
vn -0.2171 0.8479 -0.4837
vn -0.1210 0.2154 -0.9690
vn -0.0269 0.1252 -0.9918
vn -0.0648 0.4792 0.8753
vn -0.0404 0.2192 -0.9748
vn -0.1426 0.5605 -0.8158
vn -0.0747 0.4504 0.8897
vn 0.1039 -0.2137 0.9714
vn -0.0586 0.0271 -0.9979
vn 0.0248 0.2114 0.9771
vn 0.1753 -0.9743 -0.1418
vn 0.1945 -0.9315 0.3075
vn -0.2010 0.9653 -0.1667
vn 0.1360 -0.6709 -0.7290
vn -0.0799 0.4428 0.8930
vn -0.0555 0.4235 0.9042
vn -0.0007 -0.1448 -0.9895
vn 0.1293 -0.4047 0.9053
vn -0.0627 0.1648 -0.9843
vn 0.1868 -0.7995 0.5709
vn 0.1820 -0.9613 -0.2067
vn 0.1394 -0.7702 -0.6224
vn -0.1714 0.8509 0.4965
vn -0.1857 0.5879 -0.7873
vn 0.0352 0.0398 0.9986
vn 0.0449 -0.4265 -0.9034
vn 0.2006 -0.9707 -0.1324
vn 0.0130 0.1211 0.9926
vn 0.2068 -0.9741 0.0912
vn -0.2318 0.9686 -0.0895
vn 0.2315 -0.9694 -0.0811
vn -0.0508 0.3941 0.9177
vn -0.1846 0.8262 -0.5323
vn 0.1266 -0.8132 -0.5681
vn 0.1011 -0.4152 0.9041
vn 0.0449 -0.3309 -0.9426
vn -0.1716 0.9171 -0.3598
vn 0.0058 0.0530 0.9986
vn -0.2087 0.8918 -0.4015
vn -0.2338 0.9345 -0.2683
vn 0.0516 -0.4184 -0.9068
vn -0.0506 0.4512 0.8910
vn -0.0474 0.4224 0.9052
vn -0.1545 0.8516 0.5009
vn -0.1983 0.9407 -0.2751
vn -0.0443 0.3438 0.9380
vn -0.1027 0.3551 -0.9292
vn -0.0446 0.3771 0.9251
vn 0.2117 -0.9550 0.2077
vn -0.2078 0.8802 -0.4267
vn 0.2060 -0.9304 -0.3031
vn 0.0920 -0.2241 0.9702
vn 0.1360 -0.6834 0.7173
vn 0.0575 -0.2066 0.9767
vn 0.2376 -0.6537 0.7185
vn 0.1341 -0.5249 0.8405
vn -0.0005 -0.2708 -0.9626
vn -0.0092 0.3035 0.9528
vn 0.1119 -0.5820 -0.8054
vn -0.1426 0.8419 0.5205
vn 0.0092 -0.1523 -0.9883
vn -0.1024 0.4323 -0.8959
vn -0.0568 0.3988 0.9153
vn 0.1300 -0.7417 -0.6580
vn -0.0400 0.3449 0.9378
vn -0.1198 0.6612 0.7405
vn 0.0583 -0.4103 -0.9101
vn -0.0823 0.5526 0.8294
vn -0.0493 0.1914 -0.9803
vn 0.0383 -0.4148 -0.9091
vn 0.0700 -0.3222 0.9441
vn -0.1812 0.7232 -0.6665
vn -0.2202 0.9668 -0.1295
vn -0.2015 0.9590 0.1995
vn -0.2061 0.9511 -0.2302
vn 0.1140 -0.5247 -0.8436
vn -0.1620 0.7174 0.6776
vn -0.1274 0.5317 0.8373
vn -0.2495 0.8324 -0.4949
vn 0.1898 -0.8958 -0.4019
vn -0.1863 0.9008 0.3923
vn -0.0503 0.4073 0.9119
vn 0.0655 -0.4986 -0.8644
vn -0.1447 0.7568 0.6374
vn -0.2179 0.9361 0.2760
vn 0.0990 -0.5136 -0.8523
vn 0.0126 0.0946 0.9954
vn 0.0479 -0.4266 -0.9032
vn 0.1739 -0.9144 0.3656
vn 0.0638 -0.2148 0.9746
vn 0.2492 -0.8356 0.4895
vn -0.2092 0.6385 -0.7406
vn -0.0532 0.4091 0.9109
vn -0.1895 0.9819 -0.0081
vn -0.1979 0.9727 -0.1213
vn 0.0033 -0.1711 -0.9853
vn -0.0105 -0.0599 -0.9981
vn -0.0162 0.1817 0.9832
vn 0.0818 -0.5234 -0.8481
vn 0.1980 -0.8232 0.5320
vn 0.1436 -0.7582 -0.6360
vn 0.2402 -0.9134 0.3287
vn 0.0978 -0.1769 0.9794
vn 0.1619 -0.1889 0.9686
vn 0.1195 -0.3942 0.9112
vn -0.1022 0.2445 -0.9642
vn 0.2214 -0.9627 0.1554
vn 0.0851 -0.1475 0.9854
vn -0.1790 0.6570 -0.7323
vn 0.1787 -0.8935 0.4120
vn 0.0862 -0.4496 -0.8891
vn 0.1301 -0.5727 0.8094
vn -0.2196 0.9383 0.2671
vn -0.2176 0.9692 0.1148
vn 0.2332 -0.9716 -0.0409
vn -0.2699 0.9355 -0.2281
vn 0.0581 -0.4348 -0.8987
vn -0.0791 0.4518 0.8886
vn 0.2140 -0.8355 0.5061
vn -0.1978 0.9801 -0.0179
vn -0.1861 0.8110 -0.5546
vn -0.1783 0.8791 0.4421
vn 0.2373 -0.9714 0.0091
vn 0.0488 -0.4541 -0.8896
vn -0.0015 -0.1485 -0.9889
vn -0.2014 0.7566 -0.6220
vn -0.1107 0.6673 0.7365
vn 0.1434 -0.7125 -0.6869
vn -0.0515 0.4258 0.9033
vn -0.0457 -0.0595 -0.9972
vn 0.0305 -0.0847 0.9959
vn 0.1552 -0.8824 -0.4443
vn 0.0433 -0.3141 -0.9484
vn -0.2086 0.8747 -0.4374
vn -0.1560 0.7520 0.6404
vn -0.1277 0.7228 0.6792
vn 0.2003 -0.9365 -0.2877
vn 0.1980 -0.8616 -0.4673
vn -0.0938 0.0744 -0.9928
vn 0.0199 -0.3487 -0.9370
vn -0.0485 0.4169 0.9077
vn -0.1785 0.6462 -0.7420
vn 0.1919 -0.9674 -0.1652
vn 0.1274 -0.5701 0.8116
vn 0.0215 -0.0461 0.9987
vn 0.0121 -0.1906 -0.9816
vn -0.1436 0.5867 -0.7970
vn -0.0807 0.5148 0.8535
vn 0.2096 -0.9630 0.1695
vn -0.1819 0.9783 0.0991
vn 0.0465 -0.4301 -0.9016
vn -0.0950 0.2062 -0.9739
vn -0.0598 0.3702 0.9270
vn 0.2670 -0.9177 0.2943
vn 0.1481 -0.6492 -0.7461
vn 0.0930 -0.1038 0.9902
vn 0.1812 -0.6163 0.7664
vn 0.0550 -0.4322 -0.9001
vn 0.0133 -0.3516 -0.9361
vn -0.0346 0.4071 0.9127
vn 0.0459 -0.0803 0.9957
vn 0.0653 -0.1801 0.9815
vn 0.1621 -0.8413 -0.5156
vn -0.0672 -0.0785 -0.9947
vn 0.1278 -0.2074 0.9699
vn 0.0430 -0.4011 -0.9150
vn 0.0356 0.2138 0.9762
vn -0.0866 0.6825 0.7258
vn 0.1393 -0.7493 -0.6474
vn -0.1203 0.6826 0.7208
vn -0.0029 -0.1272 -0.9919
vn -0.1533 0.6191 -0.7702
vn -0.2244 0.9741 -0.0279
vn 0.0423 -0.4091 -0.9115
vn -0.0599 0.1731 -0.9831
vn -0.0445 0.2781 0.9595
vn 0.1692 -0.9817 -0.0873
vn -0.0727 0.4959 0.8654
vn 0.1925 -0.9382 -0.2875
vn 0.1472 -0.8055 -0.5739
vn -0.1373 0.6226 0.7704
vn -0.2310 0.5727 -0.7866
vn -0.1619 0.8226 -0.5450
vn 0.1577 -0.8771 0.4537
vn 0.1053 -0.5346 -0.8385
vn -0.0482 0.0207 -0.9986
vn -0.2550 0.8938 -0.3689
vn 0.1141 -0.4039 0.9076
vn 0.0718 -0.5191 -0.8517
vn -0.2060 0.9520 -0.2264
vn -0.2161 0.8380 0.5011
vn -0.2857 0.9535 0.0958
vn 0.2306 -0.9672 -0.1065
vn -0.1130 0.4099 -0.9051
vn -0.0481 0.4155 0.9083
vn 0.1798 -0.8609 0.4759
vn 0.0515 -0.3407 -0.9387
vn -0.1839 0.8277 0.5302
vn 0.1923 -0.8397 0.5079
vn 0.1977 -0.9596 0.2002
vn 0.1903 -0.9669 -0.1700
vn 0.2803 -0.9599 0.0080
vn -0.2905 0.8916 -0.3474
vn 0.0832 -0.4813 -0.8726
vn 0.0495 0.1321 0.9900
vn -0.0606 0.4257 0.9028
vn -0.2081 0.8280 -0.5206
vn -0.1740 0.9424 0.2857
vn 0.1411 -0.8306 -0.5387
vn 0.0080 -0.0538 0.9985
vn -0.0456 0.4175 0.9075
vn 0.1059 -0.4290 0.8971
vn -0.0118 -0.0657 -0.9978
vn -0.0841 0.2904 -0.9532
vn 0.1569 -0.6568 0.7375
vn 0.2716 -0.7453 0.6089
vn 0.1472 -0.7527 -0.6417
vn 0.0195 -0.2560 -0.9665
vn 0.1567 -0.8158 -0.5566
vn 0.1880 -0.9774 -0.0963
vn -0.1520 0.2004 -0.9679
vn -0.1848 0.8725 0.4523
vn -0.0033 0.1276 0.9918
vn -0.1816 0.6979 -0.6928
vn -0.2069 0.9239 -0.3220
vn -0.1908 0.9635 0.1877
vn 0.1780 -0.3850 0.9056
vn 0.0476 -0.4549 -0.8893
vn 0.0372 -0.4217 -0.9060
vn -0.1790 0.7957 -0.5786
vn -0.0859 0.0005 -0.9963
vn -0.0639 -0.0951 -0.9934
vn 0.1664 -0.6805 0.7136
vn 0.2527 -0.6149 0.7470
vn 0.2344 -0.8650 0.4437
vn -0.0417 0.3989 0.9160
vn -0.1621 0.5270 -0.8342
vn 0.0166 -0.0536 0.9984
vn -0.0708 0.5187 0.8520
vn -0.1244 0.5317 -0.8377
vn 0.0057 -0.3084 -0.9512
vn 0.1726 -0.4209 0.8906
vn 0.0708 0.0338 0.9969
vn -0.0547 0.4078 0.9114
vn -0.0858 0.5809 0.8094
vn -0.1744 0.9741 0.1441
vn 0.1618 -0.9081 -0.3863
vn -0.1032 0.2855 -0.9528
vn 0.0936 -0.5777 -0.8108
vn 0.1509 -0.6044 0.7823
vn -0.1207 0.7009 0.7030
vn 0.2764 -0.9239 -0.2647
vn 0.2935 -0.8484 0.4406
vn -0.1138 0.6018 0.7905
vn -0.2446 0.5001 -0.8307
vn -0.0238 0.0316 -0.9992
vn -0.1907 0.9616 -0.1973
vn 0.1361 -0.7280 0.6719
vn 0.0621 -0.4795 -0.8753
vn -0.0907 0.4675 0.8793
vn -0.0378 0.3679 0.9291
vn 0.0421 -0.3688 -0.9285
vn -0.0698 0.4900 0.8689
vn -0.1506 0.8703 0.4690
vn -0.2978 0.8018 -0.5180
vn 0.0475 -0.4373 -0.8980
vn 0.1291 -0.6147 -0.7781
vn -0.0456 0.5319 0.8456
vn 0.1513 -0.8462 0.5109
vn 0.0555 -0.4047 -0.9127
vn -0.1846 0.8542 0.4861
vn 0.1836 -0.8501 0.4935
vn 0.1450 -0.8190 -0.5552
vn -0.2057 0.9624 -0.1772
vn 0.3255 -0.9193 0.2214
vn -0.2211 0.8550 0.4691
vn 0.0874 -0.5797 -0.8102
vn 0.2253 -0.9569 -0.1833
vn 0.1032 -0.0707 0.9921
vn 0.1852 -0.5625 0.8058
vn -0.1513 0.5564 -0.8170
vn -0.0353 0.2888 0.9567
vn -0.2118 0.8863 -0.4119
vn -0.0743 0.2578 -0.9633
vn 0.0565 -0.1572 0.9859
vn 0.1627 -0.7674 -0.6202
vn -0.3069 0.9386 -0.1573
vn 0.2406 -0.8992 0.3655
vn 0.2173 -0.9216 0.3217
vn 0.1064 -0.5792 -0.8082
vn -0.0498 0.4019 0.9143
vn 0.1733 -0.9832 0.0579
vn 0.1692 -0.9386 -0.3008
vn 0.1494 -0.8328 0.5330
vn 0.0145 -0.3427 -0.9393
vn 0.1807 -0.7076 0.6831
vn 0.0178 0.0480 0.9987
vn 0.1233 -0.3724 0.9198
vn -0.0016 0.0751 0.9972
vn 0.2033 -0.9658 0.1608
vn 0.0307 -0.4328 -0.9010
vn 0.0345 0.2098 0.9771
vn -0.0214 -0.0784 -0.9967
vn -0.0349 0.3926 0.9191
vn 0.0342 -0.4253 -0.9044
vn -0.1450 0.9165 0.3727
vn -0.0494 0.4155 0.9082
vn -0.1568 0.7232 0.6726
vn -0.2110 0.9744 0.0778
vn -0.1789 0.8133 -0.5537
vn -0.0649 0.4498 0.8907
vn -0.0442 0.0183 -0.9989
vn -0.1707 0.8300 0.5311
vn -0.2001 0.9321 -0.3018
vn -0.0619 0.4187 0.9060
vn 0.0613 -0.3942 -0.9170
vn 0.1776 -0.9371 -0.3005
vn -0.1000 0.5047 0.8575
vn 0.1689 -0.7095 0.6842
vn 0.1010 -0.3790 0.9199
vn -0.2235 0.9182 -0.3269
vn -0.2402 0.5536 -0.7974
vn 0.0575 0.0313 0.9979
vn 0.1642 -0.8831 -0.4395
vn 0.2005 -0.9423 -0.2680
vn 0.0039 -0.0153 0.9999
vn 0.1571 -0.7485 -0.6442
vn 0.0514 -0.2308 0.9717
vn 0.0717 -0.2699 0.9602
vn -0.1672 0.6345 -0.7546
vn -0.0568 0.1076 -0.9926
vn 0.0576 -0.4845 -0.8729
vn 0.1187 -0.7309 -0.6721
vn 0.2030 -0.9118 0.3569
vn -0.1931 0.9652 0.1764
vn 0.2992 -0.8350 0.4618
vn -0.2923 0.9535 0.0731
vn 0.1830 -0.2038 0.9618
vn -0.0821 -0.0807 -0.9934
vn 0.0310 -0.4380 -0.8985
vn -0.0597 0.5039 0.8617
vn -0.0680 0.6071 0.7917
vn -0.1737 0.8453 -0.5053
vn -0.0490 0.4103 0.9106
vn 0.2054 -0.7699 0.6042
vn -0.2390 0.9549 0.1763
vn -0.0062 0.2056 0.9786
vn -0.0161 -0.0477 -0.9987
vn -0.1747 0.8283 0.5323
vn -0.1450 0.5907 -0.7937
vn -0.1044 0.6800 0.7257
vn 0.2814 -0.9196 -0.2740
vn -0.1496 0.6464 0.7482
vn -0.2279 0.7933 -0.5646
vn 0.0954 -0.6449 -0.7583
vn 0.2001 -0.9785 -0.0495
vn -0.2705 0.8186 -0.5067
vn 0.2106 -0.9498 -0.2314
vn -0.0709 0.1976 -0.9777
vn 0.2149 -0.9567 0.1963
vn 0.0476 -0.0007 0.9989
vn 0.0316 -0.3478 -0.9370
vn 0.1302 -0.7228 -0.6787
vn 0.0200 -0.3683 -0.9295
vn 0.0863 0.0462 0.9952
vn 0.1975 -0.6354 0.7465
vn 0.0325 -0.4444 -0.8952
vn -0.1702 0.6999 -0.6936
vn -0.0549 0.0485 -0.9973
vn -0.0986 0.3836 -0.9182
vn -0.0508 0.4082 0.9115
vn 0.2205 -0.8321 -0.5089
vn -0.2456 0.8900 0.3841
vn 0.2654 -0.9204 0.2872
vn -0.2640 0.8763 -0.4030
vn 0.2033 -0.7599 0.6174
vn 0.2219 -0.9734 -0.0574
vn 0.0307 -0.4182 -0.9078
vn 0.0941 -0.5355 0.8393
vn -0.0150 0.1558 0.9877
vn 0.0723 -0.3112 0.9476
vn 0.2941 -0.9400 0.1730
vn -0.2591 0.8621 -0.4356
vn 0.1002 -0.5969 -0.7961
vn 0.2212 -0.9176 -0.3302
vn -0.0680 0.4456 0.8927
vn -0.2099 0.9692 -0.1285
vn 0.1061 -0.5345 -0.8385
vn 0.0734 -0.4610 -0.8844
vn 0.1366 -0.5938 0.7929
vn -0.2155 0.9758 0.0372
vn -0.0820 0.6659 0.7415
vn -0.1574 0.9177 0.3648
vn 0.2772 -0.6070 0.7448
vn -0.0626 -0.1456 -0.9874
vn -0.1601 0.2165 -0.9631
vn 0.0389 0.1922 0.9806
vn 0.0095 -0.3588 -0.9334
vn -0.1377 0.8480 0.5118
vn -0.0008 0.3184 0.9479
vn 0.0621 -0.4402 -0.8958
vn -0.1797 0.8451 -0.5034
vn 0.1564 -0.8993 -0.4085
vn -0.1817 0.9833 -0.0057
vn -0.0825 0.4787 0.8741
vn 0.1341 -0.3644 0.9215
vn -0.0049 -0.1188 -0.9929
vn -0.0783 0.0152 -0.9968
vn -0.1613 0.8416 0.5155
vn 0.2591 -0.9470 0.1898
vn 0.1879 -0.8446 0.5014
vn -0.1966 0.8614 -0.4683
vn 0.0816 -0.1332 0.9877
vn 0.1207 -0.6761 -0.7269
vn -0.1024 0.3395 -0.9350
vn -0.2122 0.8304 -0.5152
vn -0.0550 0.3923 0.9182
vn 0.1562 -0.8028 -0.5754
vn -0.0863 0.4414 0.8932
vn -0.2109 0.8721 -0.4416
vn -0.1324 0.6781 -0.7229
vn 0.2735 -0.9489 -0.1575
vn 0.2087 -0.8432 -0.4954
vn -0.2676 0.9525 -0.1451
vn 0.0270 -0.4427 -0.8963
vn 0.0875 -0.4654 -0.8807
vn -0.0626 0.4206 0.9051
vn -0.1953 0.8227 -0.5338
vn 0.0556 0.0014 0.9985
vn 0.2112 -0.9770 -0.0280
vn 0.0272 -0.3648 -0.9307
vn -0.0932 0.1901 -0.9773
vn -0.0251 -0.0373 -0.9990
vn -0.1688 0.6384 -0.7510
vn -0.1677 0.7814 0.6011
vn -0.1808 0.7390 0.6490
vn 0.2704 -0.6314 0.7268
vn 0.1831 -0.2181 0.9586
vn -0.0641 0.5544 0.8298
vn -0.0225 -0.2491 -0.9682
vn -0.2201 0.9754 0.0114
vn -0.0673 0.0202 -0.9975
vn -0.0760 0.4047 0.9113
vn 0.1251 -0.5394 0.8327
vn 0.1590 -0.8373 -0.5231
vn 0.0231 -0.0259 0.9994
vn 0.0351 -0.0085 0.9993
vn -0.3283 0.9407 0.0857
vn 0.1739 -0.8710 0.4594
vn 0.1948 -0.9776 0.0796
vn -0.1899 0.9711 -0.1445
vn 0.2653 -0.9303 0.2532
vn -0.2370 0.6517 -0.7205
vn 0.0105 -0.4030 -0.9151
vn -0.1473 0.4716 -0.8694
vn -0.0591 0.3755 0.9250
vn 0.2846 -0.9220 -0.2624
vn -0.0982 0.5920 0.7999
vn 0.2403 -0.8160 0.5257
vn -0.0823 -0.6816 -0.7271
vn -0.1200 -0.7960 0.5933
vn 0.1340 -0.8959 -0.4236
vn 0.2421 -0.9621 0.1256
vn -0.1667 0.8419 0.5133
vn 0.1002 -0.4671 -0.8785
vn -0.0356 0.3251 0.9450
vn -0.1635 0.9816 0.0990
vn 0.0808 -0.4975 -0.8637
vn -0.0326 0.4356 0.8996
vn 0.2067 -0.6400 0.7401
vn -0.0061 -0.4714 -0.8819
vn 0.1457 -0.3640 0.9199
vn 0.0365 -0.3913 -0.9195
vn -0.0152 0.1536 0.9880
vn -0.1066 0.4162 -0.9030
vn 0.0780 0.8817 -0.4654
vn 0.2491 -0.5306 0.8102
vn -0.0390 -0.0186 -0.9991
vn 0.1909 -0.8902 0.4137
vn -0.0843 0.3244 -0.9422
vn -0.2138 0.3214 -0.9225
vn -0.1296 -0.4293 -0.8938
vn -0.0418 -0.0254 -0.9988
vn -0.2557 0.9502 0.1781
vn -0.1193 0.7206 0.6830
vn 0.1851 -0.8338 -0.5202
vn 0.0581 0.0671 0.9961
vn 0.0395 0.0615 0.9973
vn -0.2532 0.3213 -0.9125
vn -0.2580 0.9647 0.0526
vn 0.0406 -0.9952 -0.0888
vn -0.1472 0.2820 0.9480
vn -0.1307 -0.5592 0.8187
vn -0.4054 0.6228 0.6692
vn -0.1746 -0.9833 0.0506
vn 0.0637 0.8633 0.5007
vn 0.2293 -0.9535 -0.1955
vn -0.2573 0.9159 -0.3079
vn -0.1148 0.1121 -0.9870
vn 0.0579 -0.4367 -0.8977
vn -0.1548 -0.4722 -0.8678
vn -0.1227 0.5582 0.8206
vn 0.2045 -0.9138 -0.3509
vn 0.0120 0.0112 0.9999
vn 0.0155 0.4361 0.8998
vn 0.1417 0.9898 -0.0144
vn 0.1136 -0.6597 -0.7429
vn -0.0493 0.5118 0.8577
vn -0.2590 0.8160 -0.5168
vn -0.1492 -0.1656 -0.9748
vn 0.1919 -0.9321 -0.3071
vn 0.1693 -0.6912 0.7026
vn -0.0318 0.1706 0.9848
vn 0.1781 0.2688 -0.9466
vn -0.5837 0.7911 -0.1831
vn 0.2546 -0.8560 0.4499
vn -0.2173 0.6561 -0.7227
vn -0.0665 -0.5505 -0.8322
vn -0.4567 0.5398 -0.7071
vn -0.3068 0.9481 -0.0836
vn -0.1010 0.7895 0.6053
vn -0.0476 -0.6569 -0.7525
vn -0.6261 0.3012 -0.7192
vn 0.0294 0.5796 -0.8144
vn -0.5261 -0.7901 -0.3145
vn 0.2273 -0.8727 0.4320
vn 0.1481 -0.4169 0.8968
vn 0.0026 0.4574 0.8893
vn -0.0683 0.4460 -0.8924
vn -0.1562 0.7790 0.6072
vn -0.0367 0.3808 0.9239
vn -0.0098 -0.9936 -0.1127
vn -0.1989 -0.7822 -0.5904
vn 0.2893 -0.2078 -0.9344
vn -0.4467 -0.2948 0.8447
vn -0.5399 -0.2736 0.7960
vn -0.9431 0.1447 0.2995
vn 0.0204 0.6640 0.7474
vn -0.0124 0.7944 -0.6073
vn 0.0367 -0.4715 -0.8811
vn 0.1499 -0.2716 0.9506
vn -0.0538 0.0184 -0.9984
vn -0.4051 -0.2441 0.8811
vn 0.0455 -0.6618 0.7483
vn -0.5691 -0.2104 -0.7949
vn -0.4344 0.1526 0.8877
vn -0.2964 -0.9474 -0.1210
vn -0.0927 -0.2613 0.9608
vn -0.5234 -0.7668 -0.3717
vn -0.8818 -0.4558 0.1209
vn 0.2460 -0.9690 -0.0226
vn -0.1758 0.8299 0.5295
vn -0.1090 0.3541 0.9288
vn -0.6765 0.2557 -0.6906
vn -0.9284 0.1069 0.3559
vn -0.8353 -0.3151 -0.4506
vn -0.9273 -0.3700 0.0568
vn -0.8928 -0.4502 -0.0116
vn -0.7999 -0.5702 0.1874
vn 0.2183 0.9464 -0.2381
vn 0.1737 -0.9403 -0.2928
vn 0.1168 -0.3840 -0.9159
vn -0.0379 -0.3243 -0.9452
vn -0.5900 0.4769 0.6515
vn 0.3393 0.3180 0.8853
vn 0.2016 0.9455 0.2555
vn 0.4067 -0.8936 0.1898
vn -0.2609 0.9511 -0.1654
vn 0.2250 -0.6155 -0.7554
vn 0.1225 -0.5845 -0.8021
vn -0.1711 -0.0162 -0.9851
vn 0.1167 -0.3211 -0.9398
vn -0.2135 -0.9273 0.3076
vn -0.5578 -0.4364 -0.7060
vn -0.1791 0.6799 0.7111
vn -0.9300 -0.3639 -0.0523
vn -0.9910 -0.1271 0.0413
vn 0.5150 0.7075 -0.4840
vn 0.4741 0.8764 -0.0850
vn 0.3601 -0.7785 -0.5141
vn 0.2245 -0.6138 0.7569
vn -0.0819 0.4692 0.8793
vn 0.1401 0.1734 0.9748
vn 0.2111 -0.5174 -0.8293
vn -0.9497 -0.2813 0.1376
vn 0.0287 -0.8894 0.4563
vn 0.4029 0.5527 0.7295
vn -0.6877 0.2479 0.6823
vn 0.2555 0.5304 0.8084
vn 0.4258 -0.7599 0.4912
vn -0.3409 0.5395 -0.7699
vn 0.3614 -0.0630 -0.9303
vn -0.2653 -0.0097 -0.9641
vn 0.0359 0.0410 0.9985
vn 0.1281 -0.9300 0.3444
vn 0.7080 0.3108 -0.6341
vn 0.5714 0.6872 0.4486
vn 0.4782 0.8528 0.2097
vn 0.0271 0.2290 0.9731
vn -0.1593 -0.4345 -0.8865
vn 0.3659 0.5354 0.7612
vn -0.0207 -0.2146 -0.9765
vn 0.4005 0.4258 0.8114
vn 0.7650 0.3459 0.5433
vn 0.8172 0.5445 -0.1890
vn 0.8543 0.1726 -0.4903
vn 0.3963 0.9068 0.1436
vn -0.2217 0.7408 0.6341
vn -0.0949 -0.6890 0.7186
vn 0.7155 0.0409 -0.6974
vn 0.5009 -0.0097 -0.8655
vn -0.2862 -0.6454 -0.7082
vn -0.8963 0.1547 0.4155
vn 0.8129 -0.0966 -0.5743
vn -0.0209 0.1958 0.9804
vn 0.9495 -0.2964 -0.1029
vn 0.2919 0.8874 -0.3567
vn 0.5227 0.5939 0.6116
vn -0.3214 0.9088 0.2662
vn 0.3893 -0.3061 -0.8688
vn 0.1839 -0.9589 0.2161
vn 0.4084 -0.1283 0.9038
vn -0.4938 0.7810 0.3824
vn 0.6783 0.7347 -0.0115
vn 0.6340 0.2583 0.7289
vn 0.0198 0.3502 -0.9365
vn 0.4181 -0.8823 -0.2161
vn -0.4136 0.8730 -0.2586
vn 0.4052 -0.5430 0.7355
vn -0.2491 0.3557 0.9008
vn 0.0144 -0.5825 -0.8127
vn 0.4601 0.2428 0.8540
vn 0.9158 -0.4012 0.0204
vn -0.3640 0.7228 0.5874
vn 0.9235 0.3746 -0.0824
vn 0.8614 -0.1382 -0.4888
vn 0.5619 -0.3355 0.7561
vn 0.2666 -0.1860 -0.9457
vn -0.2899 0.8936 -0.3427
vn -0.2766 0.9156 0.2918
vn 0.0461 0.9806 0.1904
vn -0.1995 0.4137 0.8883
vn -0.5313 0.1052 -0.8406
vn 0.7422 0.3914 0.5440
vn 0.5515 -0.7459 -0.3734
vn 0.2104 -0.3569 -0.9101
vn 0.5327 0.4016 -0.7449
vn -0.1652 0.5094 -0.8446
vn 0.4479 -0.5323 -0.7184
vn -0.4855 0.6389 -0.5967
vn -0.2524 -0.8745 -0.4143
vn -0.1220 -0.2736 0.9541
vn 0.6459 0.1100 -0.7555
vn -0.5858 -0.3915 -0.7096
vn 0.1598 -0.7839 -0.5999
vn 0.3071 -0.9106 -0.2765
vn 0.3391 0.2489 0.9072
vn -0.0258 -0.1118 -0.9934
vn 0.0137 -0.0424 0.9990
vn -0.1587 0.5946 0.7882
vn 0.7610 -0.4483 -0.4689
vn -0.4906 0.8578 -0.1533
vn 0.8704 -0.1540 -0.4676
vn -0.6978 0.2367 0.6761
vn -0.5425 -0.0088 -0.8400
vn -0.2922 0.5052 -0.8120
vn 0.6589 0.6575 -0.3653
vn -0.2700 0.8856 0.3780
vn 0.2580 -0.5979 0.7589
vn 0.4013 0.3627 0.8411
vn 0.3852 0.8076 -0.4466
vn 0.2803 -0.1667 -0.9453
vn -0.8577 -0.2676 0.4391
vn 0.9048 0.4121 0.1074
vn -0.9875 -0.1526 -0.0395
vn 0.2838 0.1166 -0.9518
vn -0.3330 0.5907 -0.7350
vn -0.3645 0.6680 0.6488
vn 0.2516 0.9282 0.2742
vn 0.9679 0.2511 0.0094
vn 0.8078 0.0692 0.5853
vn 0.4729 0.4521 0.7563
vn -0.1731 0.9453 -0.2766
vn 0.3261 0.0481 -0.9441
vn 0.3233 -0.9025 0.2846
vn 0.2738 -0.6690 0.6910
vn 0.4819 0.4480 -0.7530
vn -0.8425 0.4674 -0.2678
vn -0.5656 -0.8213 -0.0748
vn 0.6757 -0.5943 -0.4362
vn -0.0745 -0.2414 0.9676
vn 0.0595 0.5920 -0.8037
vn -0.1181 0.8269 0.5499
vn 0.1342 -0.9829 -0.1258
vn 0.2057 -0.9082 0.3645
vn 0.0714 0.9401 -0.3332
vn 0.3396 -0.9088 -0.2426
vn -0.1972 -0.5788 -0.7913
vn -0.8521 -0.3990 0.3387
vn -0.3342 0.0724 0.9397
vn -0.4275 0.3125 -0.8483
vn 0.4493 0.1155 0.8859
vn 0.2546 -0.6145 -0.7467
vn 0.1872 -0.6136 0.7671
vn 0.4385 0.5781 -0.6882
vn 0.4513 0.6773 0.5811
vn 0.2852 -0.5753 -0.7666
vn 0.0609 0.0260 0.9978
vn -0.0341 0.3279 0.9441
vn 0.0250 0.3592 0.9329
vn -0.9932 -0.0949 0.0677
vn 0.5559 0.3151 0.7693
vn 0.0163 -0.1871 0.9822
vn -0.0125 -0.0208 -0.9997
vn -0.1534 0.4126 -0.8979
vn -0.2916 0.8458 0.4468
vn -0.0332 -0.0905 0.9953
vn 0.5242 -0.4581 -0.7179
vn 0.6056 0.7937 -0.0568
vn 0.0386 -0.8447 0.5339
vn 0.3385 -0.9293 -0.1475
vn 0.1930 -0.2919 -0.9368
vn 0.0200 0.0499 -0.9986
vn 0.1478 0.3201 0.9358
vn 0.4654 -0.8377 -0.2858
vn 0.6389 -0.1890 0.7457
vn 0.8486 0.1438 -0.5091
vn 0.9801 0.0384 0.1946
vn 0.1803 -0.2265 -0.9572
vn 0.0622 0.9715 0.2289
vn 0.8959 0.4407 -0.0556
vn 0.9516 -0.2462 -0.1840
vn 0.4481 -0.4705 -0.7602
vn 0.1438 -0.0930 -0.9852
vn 0.0511 0.7210 0.6911
vn 0.1517 0.5638 -0.8118
vn 0.5287 -0.2844 0.7998
vn 0.2580 -0.2985 -0.9189
vn 0.3589 0.0131 0.9333
vn 0.3238 -0.0293 0.9457
vn 0.5128 -0.8576 0.0392
vn 0.2069 -0.5097 -0.8351
vn 0.2726 -0.6523 -0.7073
vn 0.4023 -0.8577 -0.3202
vn 0.0661 0.9836 0.1678
vn 0.4285 0.0854 0.8995
vn 0.3641 0.3271 0.8720
vn 0.4127 0.2922 0.8627
vn 0.1474 -0.1039 -0.9836
vn 0.1010 0.3914 -0.9147
vn 0.0978 0.8573 -0.5055
vn -0.0073 -0.0155 0.9999
vn 0.0844 0.6427 0.7615
vn 0.1688 -0.8759 -0.4520
vn 0.2454 -0.7896 0.5624
vn 0.0089 -0.4184 -0.9082
vn -0.1441 0.5487 0.8235
vn 0.6571 0.0768 -0.7499
vn -0.1975 0.9455 0.2587
vn 0.3791 -0.8970 -0.2272
vn 0.4465 -0.8248 0.3469
vn 0.1985 -0.5534 -0.8089
vn 0.4357 -0.5606 0.7042
vn 0.2699 -0.0288 0.9625
vn -0.0433 0.0070 -0.9990
vn 0.0293 -0.1750 -0.9841
vn 0.0208 0.0986 0.9949
vn -0.1360 0.4657 -0.8745
vn -0.2179 0.9410 0.2590
vn 0.2087 -0.9175 0.3385
vn -0.2322 0.9118 -0.3387
vn -0.0511 0.4732 0.8795
vn 0.1028 -0.2399 0.9653
vn 0.2115 -0.9759 -0.0532
vn 0.1631 -0.7300 -0.6637
vn -0.2247 0.8921 -0.3920
vn 0.1447 -0.8235 -0.5485
vn -0.1547 0.8677 0.4725
vn -0.1138 0.1960 -0.9740
vn 0.1470 -0.5834 0.7987
vn 0.2234 -0.8671 0.4451
vn 0.1120 -0.4178 0.9016
vn -0.0945 0.5818 0.8078
vn 0.0900 -0.4301 0.8983
vn -0.3842 0.8739 0.2977
vn 0.1370 -0.8740 0.4662
vn -0.1765 0.3970 -0.9007
vn -0.1309 0.4503 -0.8832
vn 0.0294 0.0506 0.9983
vn 0.0066 -0.0806 -0.9967
vn 0.0067 0.0731 0.9973
vn -0.3493 0.8484 -0.3978
vn 0.0677 -0.4504 -0.8903
vn -0.4077 0.8447 0.3467
vn -0.2472 0.5196 0.8179
vn -0.1152 -0.1395 0.9835
vn -0.0942 -0.9297 -0.3561
vn -0.0863 -0.5478 -0.8321
vn 0.0844 -0.9635 -0.2542
vn -0.2491 0.2462 0.9367
vn -0.5476 -0.0432 0.8356
vn -0.5132 -0.5844 -0.6285
vn -0.1985 0.4351 -0.8782
vn -0.2832 -0.6326 0.7208
vn -0.0336 -0.4072 -0.9127
vn -0.1448 -0.3430 -0.9281
vn -0.3282 0.8441 0.4241
vn -0.3207 0.9230 -0.2129
vn -0.1788 0.0966 0.9791
vn -0.2450 0.6327 0.7347
vn -0.2898 -0.7132 -0.6383
vn -0.2031 0.1476 0.9680
vn -0.2618 -0.9129 -0.3133
vn 0.0033 -0.6639 -0.7478
vn -0.1983 -0.9800 -0.0168
vn -0.1907 -0.7094 0.6785
vn 0.0509 0.0214 0.9985
vn -0.3288 0.9426 0.0590
vn 0.1437 -0.7176 -0.6814
vn -0.0560 -0.0940 0.9940
vn 0.2354 -0.7681 -0.5956
vn -0.0508 0.2468 0.9677
vn 0.0018 -0.2364 -0.9717
vn -0.3206 0.5301 -0.7850
vn 0.3629 -0.9308 -0.0447
vn 0.2993 -0.3911 0.8703
vn 0.4644 -0.4884 -0.7388
vn 0.1722 0.5082 0.8439
vn 0.2030 -0.6069 -0.7684
vn 0.1334 -0.7196 -0.6814
vn 0.4761 -0.0597 0.8774
vn -0.2058 0.5575 0.8043
vn 0.7828 0.6089 0.1283
vn -0.7721 0.1314 -0.6218
vn 0.1662 -0.1173 0.9791
vn 0.5325 -0.8435 -0.0701
vn 0.5396 -0.7613 0.3595
vn 0.0698 -0.3376 0.9387
vn -0.7225 0.5957 0.3509
vn -0.0286 0.1115 -0.9934
vn -0.1589 -0.0985 -0.9824
vn -0.1228 0.5048 0.8545
vn 0.2190 -0.9108 0.3501
vn -0.0779 0.5378 0.8395
vn 0.1197 -0.9893 -0.0838
vn 0.1021 -0.7703 0.6294
vn -0.6606 -0.0780 -0.7466
vn -0.6522 0.4866 0.5812
vn -0.7484 0.3188 0.5817
vn -0.9065 -0.0955 -0.4112
vn -0.6607 -0.5106 -0.5502
vn -0.2849 -0.3953 -0.8733
vn -0.9960 0.0109 -0.0891
vn -0.7565 0.0628 0.6510
vn -0.7492 0.1116 0.6528
vn -0.9454 -0.0127 -0.3255
vn -0.3361 0.2438 -0.9097
vn -0.5242 -0.5949 0.6093
vn -0.8870 0.3867 -0.2524
vn -0.9760 0.0492 0.2121
vn -0.0510 -0.9695 -0.2397
vn -0.8585 -0.0938 -0.5041
vn -0.2077 0.9465 -0.2468
vn -0.4003 0.8983 0.1811
vn -0.3431 0.9376 -0.0561
vn 0.0618 -0.3478 -0.9355
vn 0.7837 -0.2556 0.5661
vn 0.7571 -0.3261 -0.5660
vn 0.5920 0.7682 0.2437
vn 0.0385 -0.2656 -0.9633
vn -0.6795 0.1051 0.7261
vn 0.2354 -0.8383 0.4918
vn 0.0653 -0.8904 -0.4506
vn 0.3554 0.3464 -0.8681
vn 0.1866 -0.7174 0.6712
vn 0.2873 -0.9531 -0.0948
vn -0.0946 0.5562 0.8257
vn -0.0577 0.5213 0.8514
vn -0.1545 0.9812 -0.1154
vn 0.2748 -0.0818 0.9580
vn -0.0213 0.6576 0.7530
vn 0.1368 0.1497 -0.9792
vn -0.0292 0.3438 0.9386
vn 0.1363 0.8875 -0.4401
vn 0.0576 0.4485 0.8919
vn 0.0965 0.0230 0.9951
vn 0.1457 -0.5020 -0.8525
vn -0.0208 -0.1753 -0.9843
vn 0.1486 0.0076 0.9889
vn -0.1332 0.4987 0.8565
vn -0.6188 0.1652 -0.7680
vn -0.0709 0.9120 0.4040
vn -0.0115 0.1220 0.9925
vn 0.0330 -0.1953 -0.9802
vn 0.0967 0.3664 0.9254
vn 0.0713 -0.1840 -0.9803
vn 0.6197 -0.3405 -0.7071
vn 0.3260 0.7868 -0.5240
vn 0.2987 0.8600 0.4136
vn 0.1376 -0.8321 -0.5373
vn 0.5534 -0.3974 -0.7320
vn 0.2388 -0.1577 -0.9582
vn 0.9416 -0.3302 0.0668
vn 0.0237 -0.2296 0.9730
vn -0.2791 -0.9421 0.1857
vn 0.8777 -0.0710 0.4740
vn 0.5779 0.8120 0.0813
vn -0.0241 -0.4861 -0.8736
vn 0.0764 -0.4195 0.9045
vn 0.0241 -0.4347 -0.9003
vn 0.4930 0.7907 -0.3631
vn 0.5346 -0.1689 -0.8281
vn 0.6890 0.6902 0.2211
vn 0.9857 0.1419 -0.0905
vn 0.7838 0.2938 0.5472
vn 0.6783 0.4857 -0.5514
vn 0.0772 -0.8263 0.5578
vn -0.0465 -0.1433 -0.9886
vn -0.2936 -0.0031 0.9559
vn -0.0709 0.4047 0.9117
vn 0.5516 0.6583 0.5123
vn -0.2276 0.4463 0.8655
vn -0.1099 0.8372 0.5357
vn -0.0477 0.4215 0.9056
vn -0.0645 -0.2708 0.9605
vn 0.6565 0.6849 0.3161
vn 0.8351 -0.3704 -0.4067
vn -0.0753 -0.6218 -0.7795
vn -0.0058 -0.1386 -0.9903
vn 0.1473 -0.8847 -0.4424
vn 0.8894 0.2965 -0.3480
vn -0.0607 0.7149 0.6966
vn -0.0665 0.2267 0.9717
vn 0.0393 -0.0911 0.9951
vn 0.0107 -0.3625 -0.9319
vn -0.1230 0.4586 -0.8801
vn 0.1726 0.0905 -0.9808
vn 0.0447 0.6536 0.7555
vn 0.5960 0.1003 -0.7967
vn 0.3701 0.7250 0.5809
vn -0.1580 -0.5258 0.8358
vn -0.1346 0.9451 -0.2977
vn 0.4337 -0.8522 0.2928
vn 0.1580 -0.9759 -0.1504
vn 0.7146 0.5252 -0.4621
vn -0.0065 -0.1504 0.9886
vn 0.8824 0.4611 -0.0936
vn 0.3611 0.9112 0.1984
vn 0.0565 -0.5493 -0.8337
vn 0.1930 -0.8086 -0.5557
vn 0.1188 0.0211 0.9927
vn 0.0226 0.2325 -0.9723
vn 0.0125 -0.4496 -0.8931
vn -0.0720 0.0371 0.9967
vn -0.1023 0.4170 0.9031
vn 0.0490 0.9910 -0.1246
vn 0.0226 0.1174 -0.9928
vn 0.5854 -0.4246 -0.6907
vn 0.2544 -0.7475 0.6137
vn -0.0308 -0.5495 -0.8349
vn -0.0084 0.5766 0.8170
vn -0.1006 0.9945 0.0296
vn -0.0015 -0.1024 0.9947
vn 0.0237 0.3112 -0.9500
vn -0.7490 0.3998 0.5284
vn -0.2345 0.9442 0.2314
vn 0.8959 -0.4431 0.0317
vn 0.7622 -0.5651 -0.3158
vn 0.7376 0.1291 0.6628
vn 0.7404 0.0216 0.6718
vn -0.1067 0.7378 -0.6665
vn 0.5349 -0.8410 0.0812
vn 0.2209 -0.7298 0.6469
vn -0.1706 0.1169 -0.9784
vn 0.0868 -0.7318 0.6759
vn 0.0278 -0.9789 0.2024
vn 0.1128 -0.3336 -0.9359
vn 0.1179 -0.8827 -0.4549
vn -0.2991 0.6547 -0.6942
vn -0.3347 0.9199 -0.2042
vn 0.0434 -0.9510 -0.3060
vn -0.1045 -0.2293 -0.9677
vn 0.1245 0.1498 0.9809
vn -0.0978 0.8377 -0.5372
vn -0.0586 0.8052 0.5901
vn -0.2097 0.3324 -0.9195
vn -0.0360 -0.7138 -0.6995
vn -0.0290 0.0051 0.9996
vn -0.1699 0.5290 0.8315
vn -0.2555 0.8527 0.4556
vn 0.2173 -0.3831 0.8978
vn 0.0675 -0.9452 0.3195
vn 0.0500 -0.4828 0.8743
vn 0.1629 -0.5629 -0.8103
vn 0.2298 -0.7553 0.6137
vn 0.2538 -0.9473 0.1954
vn -0.2116 0.9731 0.0912
vn 0.1086 -0.9442 -0.3110
vn -0.1647 0.9861 -0.0224
vn 0.0378 -0.0899 -0.9952
vn -0.1462 0.7871 0.5992
vn -0.0476 0.3882 -0.9204
vn -0.0708 -0.0398 -0.9967
vn 0.2177 -0.9316 -0.2912
vn -0.1893 0.8418 -0.5055
vn -0.0052 0.2764 0.9610
vn -0.1484 0.4605 -0.8752
vn 0.0976 -0.6498 -0.7538
vn 0.2036 -0.5855 0.7847
vn -0.1210 0.7341 0.6682
vn 0.0985 -0.5854 -0.8047
vn -0.0726 0.5578 0.8268
vn 0.1071 -0.1882 0.9763
vn -0.1483 0.8752 0.4604
vn -0.1715 0.7973 -0.5787
vn -0.0144 0.1710 0.9852
vn 0.2436 -0.9694 -0.0289
vn 0.2401 -0.8613 0.4478
vn -0.0245 -0.1277 -0.9915
vn -0.0185 0.9957 -0.0910
vn -0.1379 0.5927 -0.7935
vn -0.0367 0.0640 -0.9973
vn 0.5398 -0.8389 0.0704
vn -0.0731 0.8014 -0.5937
vn 0.3089 0.8656 0.3942
vn -0.0044 0.5358 0.8443
vn 0.2503 0.0567 0.9665
vn 0.1573 -0.4136 0.8968
vn 0.4970 0.2769 -0.8224
vn 0.2136 -0.8869 -0.4096
vn 0.5301 0.2204 -0.8188
vn 0.7669 -0.2580 -0.5876
vn 0.9468 -0.2550 -0.1965
vn 0.6267 -0.4274 0.6516
vn 0.7848 -0.3542 0.5085
vn 0.7373 0.2694 0.6196
vn 0.5625 0.5965 -0.5725
vn 0.6887 0.5030 0.5222
vn 0.6296 0.6001 0.4934
vn 0.7233 0.6757 -0.1426
vn 0.2686 -0.6084 -0.7468
vn 0.2655 0.9603 -0.0852
vn 0.7449 -0.0765 -0.6627
vn 0.8803 0.1181 0.4595
vn 0.6416 -0.7638 0.0711
vn 0.8358 -0.4240 -0.3488
vn 0.5582 0.7686 0.3127
vn 0.8271 0.4831 -0.2871
vn 0.8615 0.3969 0.3167
vn 0.9880 -0.0860 0.1280
vn -0.9672 -0.1259 0.2205
vn -0.6031 0.5030 0.6191
vn -0.8991 0.0449 0.4354
vn -0.2683 0.8352 0.4800
vn -0.8367 -0.0003 0.5477
vn -0.4120 0.4627 0.7850
vn -0.2491 0.3846 0.8888
vn -0.8241 -0.0067 0.5664
vn -0.7205 0.0311 0.6928
vn -0.1463 0.7107 0.6882
vn -0.9282 -0.1986 0.3147
vn -0.7286 0.0297 0.6843
vn -0.9579 -0.2775 0.0738
vn -0.4256 0.2155 0.8789
vn -0.0704 0.3610 0.9299
vn -0.1116 0.5757 0.8100
vn -0.8362 -0.0234 0.5479
vn -0.2384 0.2833 0.9289
vn -0.0900 0.4493 0.8889
vn -0.6683 -0.4753 -0.5723
vn -0.9631 -0.2615 0.0642
vn -0.7149 0.0326 0.6985
vn -0.6734 -0.4614 -0.5777
vn -0.9653 -0.2520 0.0680
vn -0.7086 0.0247 0.7052
vn -0.0628 0.3428 0.9373
vn -0.0634 0.3695 0.9271
vn -0.7105 0.0232 0.7033
vn -0.0673 0.3259 0.9430
vn -0.1892 0.8800 0.4357
vn -0.7792 -0.4315 -0.4546
vn -0.9760 -0.2108 0.0542
vn -0.7010 0.0502 0.7114
vn -0.0555 0.2613 0.9637
vn -0.6396 -0.4668 -0.6108
vn -0.9787 -0.1189 0.1672
vn -0.7269 0.0874 0.6812
vn -0.0557 -0.4585 -0.8870
vn 0.0381 -0.4377 -0.8983
vn -0.0591 0.2910 0.9549
vn -0.6491 -0.4361 -0.6232
vn -0.6882 -0.4110 -0.5979
vn -0.9948 -0.1002 0.0164
vn -0.7317 0.1367 0.6678
vn -0.5575 0.1824 0.8099
vn 0.0578 -0.4250 -0.9033
vn -0.9065 -0.2477 -0.3420
vn -0.7375 0.1499 0.6585
vn -0.6769 -0.4044 -0.6150
vn -0.7169 0.1913 0.6704
vn -0.0528 0.2904 0.9555
vn -0.0580 0.3562 0.9326
vn -0.7314 -0.3429 -0.5894
vn -0.7049 -0.4558 -0.5434
vn -0.7336 0.1133 0.6701
vn -0.9195 0.0394 0.3911
vn -0.6541 -0.3792 -0.6545
vn -0.2946 0.3131 0.9029
vn -0.1044 -0.5162 -0.8501
vn -0.0530 0.2927 0.9547
vn -0.0569 0.3456 0.9366
vn -0.4704 -0.8712 -0.1405
vn -0.8160 -0.4713 0.3347
vn -0.4206 -0.0829 0.9034
vn 0.0648 -0.4614 -0.8848
vn -0.0377 0.3175 0.9475
vn 0.0639 -0.4640 -0.8835
vn -0.0518 0.2716 0.9610
vn -0.2505 -0.6570 0.7111
vn -0.0549 -0.7013 -0.7108
vn 0.0777 -0.4916 -0.8674
vn 0.0637 -0.4412 -0.8951
vn -0.0615 0.3754 0.9248
vn -0.2003 0.8782 0.4343
vn 0.1457 -0.6875 0.7114
vn 0.1075 0.0093 0.9942
vn -0.0070 0.3259 0.9454
vn -0.0260 0.3272 0.9446
vn 0.0585 -0.4182 -0.9065
vn -0.0541 0.3368 0.9400
vn -0.0493 0.3314 0.9422
vn -0.0644 0.3464 0.9359
vn -0.0752 0.3861 0.9194
vn -0.0441 0.2757 0.9602
vn -0.1065 0.5457 0.8312
vn -0.1565 0.7145 0.6819
vn 0.2472 -0.9594 -0.1358
vn 0.0765 -0.4365 -0.8964
vn -0.0395 0.2878 0.9569
vn -0.0383 0.2756 0.9605
vn 0.2547 -0.7232 -0.6420
vn 0.0027 0.2898 0.9571
vn 0.0708 -0.4738 -0.8778
vn -0.0347 0.2909 0.9561
vn 0.0646 -0.4622 -0.8844
vn 0.0604 -0.4293 -0.9011
vn 0.2947 -0.8656 0.4049
vn 0.5130 -0.5171 0.6852
vn -0.0528 0.2837 0.9575
vn -0.0634 0.3496 0.9347
vn -0.0732 0.3748 0.9242
vn 0.1963 0.0814 0.9772
vn 0.5327 -0.7927 -0.2964
vn -0.0303 0.2895 0.9567
vn -0.0362 0.2462 0.9685
vn -0.0522 0.3248 0.9443
vn -0.0446 0.3079 0.9504
vn 0.6178 -0.7723 0.1481
vn -0.0560 0.3136 0.9479
vn -0.0735 0.3442 0.9360
vn -0.0898 0.4429 0.8920
vn -0.1446 0.6919 0.7074
vn -0.1973 0.8742 0.4437
vn 0.2078 -0.5424 -0.8140
vn 0.1118 0.2274 0.9674
vn -0.0102 0.2875 0.9577
vn -0.0755 0.3424 0.9365
vn 0.3900 -0.0784 0.9175
vn 0.0739 -0.4633 -0.8831
vn -0.0305 0.2623 0.9645
vn -0.0402 0.3019 0.9525
vn -0.0369 0.2542 0.9664
vn 0.4515 -0.7176 -0.5303
vn -0.0202 0.2560 0.9665
vn -0.0490 0.3403 0.9390
vn -0.0756 0.3391 0.9377
vn 0.6522 -0.4529 0.6079
vn 0.0685 -0.4624 -0.8840
vn 0.6517 -0.7398 -0.1673
vn 0.7232 -0.6444 0.2483
vn -0.0493 0.3100 0.9495
vn -0.0692 0.3355 0.9395
vn 0.2825 -0.6020 -0.7468
vn 0.6324 -0.4157 0.6536
vn 0.1433 -0.5212 -0.8413
vn 0.2837 0.0304 0.9584
vn 0.1791 0.0892 0.9798
vn -0.1005 0.4827 0.8700
vn -0.0278 0.2514 0.9675
vn 0.0627 -0.4417 -0.8950
vn -0.0415 0.2397 0.9700
vn -0.0452 0.2623 0.9639
vn -0.0766 0.3529 0.9325
vn -0.1486 0.6939 0.7045
vn -0.0040 0.2371 0.9715
vn 0.6417 -0.7425 -0.1921
vn 0.5359 -0.2886 0.7934
vn -0.0292 0.2844 0.9583
vn -0.0741 0.3286 0.9415
vn 0.0549 -0.4153 -0.9080
vn -0.0380 0.2490 0.9678
vn -0.0625 0.3070 0.9496
vn 0.6956 -0.5787 0.4257
vn 0.4013 -0.6810 -0.6125
vn 0.3002 -0.6178 -0.7268
vn -0.0209 0.2708 0.9624
vn -0.0712 0.3763 0.9238
vn 0.6711 -0.7383 -0.0673
vn 0.1080 0.1451 0.9835
vn 0.0764 -0.4615 -0.8838
vn -0.0490 0.3080 0.9501
vn -0.0634 0.3934 0.9172
vn 0.1485 -0.5042 -0.8507
vn 0.0711 -0.4588 -0.8857
vn -0.0631 0.3120 0.9480
vn -0.0973 0.5605 0.8224
vn -0.1416 0.6435 0.7523
vn 0.6505 -0.7456 -0.1446
vn 0.3529 -0.1113 0.9290
vn -0.0516 0.2843 0.9574
vn -0.0654 0.3680 0.9275
vn 0.5883 -0.3621 0.7231
vn -0.0539 0.2846 0.9571
vn -0.1958 0.7868 0.5853
vn 0.6708 -0.5152 0.5335
vn -0.0659 0.3346 0.9400
vn -0.0685 0.3696 0.9266
vn -0.0917 0.4408 0.8929
vn 0.6833 -0.7284 -0.0503
vn -0.0444 0.2854 0.9574
vn 0.4074 -0.6675 -0.6233
vn 0.6079 -0.4675 0.6418
vn -0.0015 0.2479 0.9688
vn 0.3641 -0.1079 0.9251
vn 0.0673 -0.4292 -0.9007
vn 0.1349 0.1275 0.9826
vn 0.6576 -0.7480 -0.0898
vn 0.3795 -0.6501 -0.6583
vn 0.1381 -0.4956 -0.8575
vn 0.1480 -0.4933 -0.8572
vn -0.0036 0.2422 0.9702
vn 0.1748 0.0899 0.9805
vn -0.0720 0.3841 0.9205
vn -0.0701 0.3692 0.9267
vn -0.0683 0.3641 0.9289
vn -0.0529 0.2974 0.9533
vn -0.0624 0.3448 0.9366
vn -0.0950 0.4817 0.8712
vn 0.6398 -0.5268 0.5596
vn 0.0128 0.2256 0.9741
vn -0.1214 0.6401 0.7586
vn 0.1095 0.1326 0.9851
vn -0.0662 0.3781 0.9234
vn 0.6649 -0.7399 -0.1022
vn 0.4091 -0.2018 0.8899
vn 0.3884 -0.6353 -0.6675
vn 0.0405 0.2304 0.9723
vn -0.0137 0.3138 0.9494
vn -0.0677 0.3905 0.9181
vn -0.0647 0.3731 0.9255
vn -0.0599 0.3779 0.9239
vn 0.6182 -0.4606 0.6370
vn 0.3257 -0.0581 0.9437
vn -0.0800 0.5060 0.8588
vn 0.2119 -0.5461 -0.8105
vn 0.3986 -0.6707 -0.6256
vn -0.0441 0.3412 0.9390
vn -0.0801 0.5556 0.8276
vn 0.2410 0.0332 0.9700
vn -0.0589 0.4132 0.9087
vn 0.6487 -0.7592 -0.0529
vn 0.0255 0.2536 0.9670
vn -0.0789 0.6635 0.7440
vn -0.0615 0.3772 0.9241
vn 0.6019 -0.4346 0.6699
vn -0.0535 0.3833 0.9221
vn 0.1642 0.1245 0.9785
vn -0.0621 0.4604 0.8855
vn 0.3195 -0.0395 0.9468
vn -0.0004 0.3099 0.9508
vn -0.0043 0.3263 0.9453
vn 0.4058 -0.6842 -0.6059
vn 0.4369 -0.2158 0.8733
vn 0.6363 -0.5494 0.5416
vn -0.0466 0.3935 0.9182
vn 0.6497 -0.7592 -0.0392
vn 0.2303 -0.5507 -0.8023
vn -0.0454 0.4106 0.9107
vn -0.0609 0.6664 0.7431
vn 0.1507 0.1123 0.9822
vn -0.0629 0.5063 0.8601
vn 0.1408 0.0971 0.9853
vn 0.0010 0.3241 0.9460
vn 0.3319 -0.1240 0.9351
vn 0.6389 -0.7691 0.0159
vn 0.5809 -0.4914 0.6489
vn -0.0713 0.4900 0.8688
vn -0.1295 0.5831 0.8020
vn -0.0042 0.2394 0.9709
vn -0.1405 0.8645 0.4826
vn 0.6078 -0.7941 -0.0039
vn -0.0524 0.3792 0.9238
vn 0.1362 0.0133 0.9906
vn -0.0753 0.4136 0.9073
vn 0.3232 -0.2021 0.9245
vn 0.5430 -0.5351 0.6472
vn -0.0395 0.2623 0.9642
vn 0.1214 -0.0209 0.9924
vn 0.3437 -0.2850 0.8948
vn -0.1623 0.5327 0.8306
vn 0.5146 -0.6209 0.5914
vn -0.0907 0.3413 0.9355
vn -0.2686 0.5805 0.7686
vn 0.1264 -0.0693 0.9896
vn -0.1779 0.4533 0.8734
vn 0.2764 -0.4294 0.8598
vn -0.2610 0.5361 0.8028
vn 0.5164 -0.7337 0.4415
vn 0.4228 -0.5996 0.6795
vn 0.0011 0.0824 0.9966
vn -0.0532 0.1497 0.9873
vn 0.1861 -0.3939 0.9001
vn -0.1956 0.4324 0.8802
vn -0.1269 0.5344 0.8357
vn -0.0497 0.1641 0.9852
vn 0.1873 -0.2290 0.9552
vn 0.1206 0.4421 0.8888
vn 0.3524 -0.7087 0.6112
vn 0.2005 0.3574 0.9122
vn 0.1941 0.4209 0.8861
vn 0.3760 -0.2343 0.8965
vn -0.0225 0.3334 0.9425
vn 0.1095 0.4201 0.9008
vn 0.5754 -0.6310 0.5204
vn 0.0117 0.1899 0.9817
vn 0.4395 -0.3408 0.8310
vn 0.3920 -0.8401 0.3750
vn 0.1893 -0.3295 0.9250
vn 0.0670 -0.9117 0.4054
vn 0.0325 0.3200 0.9469
vn 0.0799 -0.4413 0.8938
vn 0.6401 -0.0999 -0.7618
vn 0.1329 0.3356 -0.9326
vn -0.2787 -0.6394 0.7166
vn -0.2557 0.6954 -0.6716
vn 0.1224 -0.2497 0.9606
vn 0.0295 0.3337 0.9422
vn -0.8615 -0.2357 0.4497
vn -0.5992 -0.0679 0.7977
vn -0.9511 -0.3056 0.0455
vn -0.9952 -0.0721 0.0664
vn -0.9531 -0.2288 -0.1983
vn -0.9555 -0.0568 0.2894
vn -0.9215 -0.1531 -0.3570
vn -0.9766 -0.0432 -0.2107
vn -0.9291 0.1283 0.3469
vn -0.6392 -0.2904 -0.7121
vn -0.9434 0.1715 0.2837
vn -0.9674 0.0101 -0.2532
vn -0.0347 -0.5364 0.8432
vn -0.0517 -0.0938 -0.9942
vn -0.8656 -0.2871 0.4102
vn -0.7109 0.1318 0.6908
vn -0.7791 -0.3046 -0.5480
vn -0.7432 0.1806 0.6442
vn -0.8292 -0.1481 -0.5390
vn -0.9478 0.2198 0.2311
vn -0.9610 0.0384 -0.2738
vn -0.9442 0.2602 0.2019
vn -0.6753 -0.5626 0.4769
vn -0.5559 -0.1036 0.8248
vn -0.5984 -0.7420 0.3023
vn -0.8110 -0.5338 -0.2394
vn -0.5545 -0.2816 -0.7831
vn -0.6905 0.2508 0.6784
vn -0.7346 -0.1623 -0.6588
vn -0.4758 0.3231 0.8181
vn -0.5255 0.3567 0.7724
vn -0.5098 0.3975 0.7630
vn -0.9543 0.1847 -0.2349
vn -0.2715 -0.3620 -0.8918
vn -0.4202 -0.5522 -0.7201
vn -0.4636 -0.1095 0.8792
vn -0.3112 0.3139 0.8970
vn -0.2036 -0.3767 -0.9037
vn -0.2922 0.3086 0.9052
vn -0.3161 0.2952 0.9016
vn -0.2785 0.3077 0.9098
vn -0.7724 -0.0703 -0.6313
vn -0.9293 0.3661 0.0489
vn -0.1848 0.1563 0.9703
vn -0.0485 0.3536 0.9341
vn -0.3657 -0.9049 -0.2179
vn -0.3877 -0.6726 0.6303
vn -0.1493 -0.3590 -0.9213
vn -0.2164 0.3146 0.9242
vn -0.1458 -0.3568 -0.9227
vn -0.3165 -0.3007 -0.8996
vn -0.6822 0.4169 0.6006
vn -0.7436 -0.0203 -0.6684
vn -0.5438 -0.2584 0.7984
vn -0.2612 0.1145 0.9585
vn -0.0505 0.3491 0.9357
vn 0.0180 -0.3636 -0.9314
vn -0.0458 0.3339 0.9415
vn -0.0379 0.3348 0.9415
vn -0.3607 -0.2521 -0.8980
vn -0.0467 0.3291 0.9432
vn -0.6143 0.4601 0.6410
vn -0.9240 -0.1960 0.3284
vn 0.0979 -0.2505 0.9632
vn -0.0181 -0.9940 0.1081
vn -0.0488 0.3393 0.9394
vn 0.0363 -0.3580 -0.9330
vn 0.0165 -0.3585 -0.9334
vn -0.0374 0.3152 0.9483
vn -0.0567 0.3395 0.9389
vn -0.0484 0.2958 0.9540
vn -0.2946 -0.2532 -0.9214
vn -0.2362 0.4006 0.8853
vn -0.2950 0.4036 0.8661
vn -0.2495 0.4263 0.8695
vn -0.9746 0.1682 0.1477
vn -0.2108 0.2143 0.9537
vn 0.0831 -0.3882 0.9178
vn 0.0398 -0.1169 0.9923
vn 0.0084 -0.7746 -0.6324
vn -0.0451 0.3401 0.9393
vn -0.2964 -0.2373 -0.9251
vn -0.7797 0.1371 0.6109
vn -0.1852 0.7545 -0.6296
vn 0.0433 -0.3927 -0.9186
vn -0.0556 -0.3032 0.9513
vn 0.0328 -0.3815 -0.9238
vn -0.0301 0.3237 0.9457
vn -0.0515 0.3741 0.9259
vn -0.5326 0.3883 0.7521
vn -0.0649 0.2199 0.9734
vn 0.0230 -0.8491 0.5278
vn 0.0292 -0.3319 -0.9429
vn 0.0350 -0.3412 -0.9393
vn 0.0277 -0.3133 -0.9492
vn -0.1183 0.3953 0.9109
vn -0.0270 0.3707 0.9284
vn 0.0517 -0.1757 0.9831
vn 0.0422 -0.3663 -0.9295
vn 0.0205 -0.3477 -0.9374
vn -0.0218 0.3463 0.9379
vn 0.0516 -0.3637 -0.9301
vn 0.0371 -0.3834 -0.9228
vn -0.0372 0.3459 0.9375
vn 0.0163 -0.3339 -0.9425
vn -0.0582 0.3643 0.9294
vn -0.4051 0.3050 0.8619
vn -0.0540 0.3656 0.9292
vn -0.0694 0.3870 0.9195
vn 0.0143 0.1913 0.9814
vn 0.1725 -0.9841 0.0418
vn 0.0406 -0.3128 -0.9490
vn -0.0904 0.3493 0.9326
vn -0.0478 0.3445 0.9376
vn 0.1586 -0.8029 0.5747
vn 0.0627 -0.3861 -0.9203
vn -0.0369 0.3478 0.9369
vn -0.0421 0.4028 0.9143
vn -0.0356 0.3462 0.9375
vn 0.1131 -0.7455 -0.6568
vn 0.0057 0.2897 0.9571
vn 0.0520 -0.3521 -0.9345
vn 0.0550 -0.3556 -0.9330
vn 0.0393 -0.2592 -0.9650
vn 0.0486 -0.3451 -0.9373
vn -0.0499 0.3521 0.9346
vn 0.0643 -0.2253 0.9722
vn 0.0595 -0.3549 -0.9330
vn 0.0500 -0.3574 -0.9326
vn -0.0489 0.3922 0.9186
vn -0.0494 0.3416 0.9386
vn 0.1319 -0.3635 0.9222
vn 0.4416 -0.2289 -0.8675
vn 0.0910 0.3084 0.9469
vn -0.0547 0.3566 0.9326
vn 0.0572 -0.1629 0.9850
vn -0.0317 0.3064 0.9514
vn 0.0542 -0.2803 -0.9584
vn 0.3334 0.2870 0.8980
vn -0.0431 0.3782 0.9247
vn -0.0471 0.3650 0.9298
vn 0.3351 0.4285 0.8391
vn 0.0754 -0.3405 -0.9372
vn -0.0006 0.3282 0.9446
vn 0.0678 -0.4021 -0.9131
vn 0.1093 -0.3675 -0.9236
vn 0.0454 -0.3460 -0.9371
vn 0.3687 -0.3479 -0.8620
vn 0.0659 -0.3320 -0.9410
vn 0.3482 0.2336 0.9078
vn -0.0453 0.3383 0.9400
vn 0.3689 -0.2729 -0.8885
vn 0.1324 0.3049 0.9431
vn 0.0779 -0.3724 -0.9248
vn 0.4276 -0.7595 0.4903
vn 0.1787 -0.3611 -0.9153
vn 0.1690 0.3121 0.9349
vn 0.3081 0.2985 0.9033
vn 0.3694 0.2761 0.8873
vn 0.3728 -0.3339 -0.8657
vn 0.3572 -0.1838 -0.9158
vn 0.3926 -0.3548 -0.8485
vn 0.2235 -0.9746 -0.0111
vn 0.3828 -0.7013 -0.6014
vn 0.2938 0.3486 0.8900
vn 0.4421 -0.3636 -0.8200
vn 0.3936 -0.3357 -0.8558
vn 0.1629 0.3230 0.9323
vn 0.3134 0.3060 0.8990
vn 0.3528 -0.2367 0.9053
vn 0.2673 -0.3496 -0.8980
vn 0.5535 -0.3009 -0.7766
vn 0.7489 0.3176 0.5816
vn 0.5415 0.2612 0.7991
vn 0.4982 0.2467 0.8312
vn 0.7814 -0.1849 -0.5960
vn 0.8139 0.1570 0.5594
vn 0.8428 -0.1773 -0.5082
vn 0.8301 0.1743 0.5296
vn 0.8629 -0.2233 -0.4534
vn 0.8917 -0.2347 -0.3870
vn 0.8674 0.0719 0.4924
vn 0.8073 0.1104 0.5797
vn 0.3137 0.1970 0.9289
vn 0.2072 0.3901 0.8971
vn 0.2286 -0.0700 0.9710
vn 0.5055 -0.8553 0.1136
vn 0.8787 0.1901 -0.4380
vn 0.9660 -0.0186 -0.2578
vn 0.8483 0.1551 0.5063
vn 0.8812 0.4324 0.1912
vn 0.9718 0.1726 0.1607
vn 0.9750 0.0486 0.2167
vn 0.9894 -0.0979 -0.1071
vn 0.8961 -0.2451 -0.3700
vn 0.6517 0.1835 0.7359
vn 0.7673 -0.5249 0.3683
vn 0.9995 -0.0300 -0.0130
vn 0.9930 -0.0679 0.0970
vn 0.8674 0.0975 0.4879
vn 0.4550 0.3594 0.8147
vn 0.8660 -0.4825 -0.1314
vn 0.8589 -0.0081 -0.5121
vn 0.9967 0.0807 0.0083
vn 0.9911 -0.0736 0.1113
vn 0.9019 -0.2634 -0.3423
vn 0.8568 -0.1431 0.4954
vn 0.9808 -0.0346 0.1918
vn 0.9701 -0.0759 0.2305
vn 0.5438 -0.5640 0.6215
vn 0.2625 -0.5795 0.7715
vn 0.4276 0.1767 0.8865
vn 0.2335 -0.8927 0.3854
vn 0.8671 0.2842 0.4092
vn -0.1893 -0.4859 0.8532
vn 0.7599 0.6297 0.1613
vn -0.1658 -0.9111 0.3773
vn 0.1741 0.8044 0.5680
vn 0.0551 -0.3155 0.9473
vn 0.1730 -0.9263 -0.3346
vn 0.0670 0.1104 -0.9916
vn -0.5213 0.0966 0.8479
vn -0.0825 0.8033 -0.5898
vn -0.1343 0.9119 0.3878
vn -0.3289 0.1714 0.9287
vn -0.5795 -0.4518 0.6783
vn 0.1832 -0.9038 0.3868
vn -0.1810 0.9031 -0.3895
vn 0.7008 0.4222 0.5751
vn 0.1201 -0.6074 0.7853
vn 0.4312 -0.8336 -0.3452
vn 0.6510 -0.4145 0.6359
vn 0.0302 -0.1722 -0.9846
vn -0.1699 0.6692 -0.7234
vn -0.1742 0.9844 0.0265
vn -0.0697 0.2764 0.9585
vn 0.2923 -0.9527 -0.0829
vn -0.1774 0.9042 0.3885
vn 0.1767 -0.3881 0.9045
vn -0.4333 0.8704 -0.2339
vn -0.2090 0.4726 0.8562
vn 0.3182 -0.9344 -0.1603
vn 0.3018 -0.5054 0.8083
vn 0.5729 -0.8122 0.1099
vn -0.6052 0.4473 0.6586
vn 0.5892 -0.2199 0.7775
vn -0.7784 0.0313 0.6270
vn 0.0504 0.2569 0.9651
vn -0.2136 0.1817 0.9599
vn 0.8085 -0.3746 0.4538
vn 0.6580 -0.7367 -0.1557
vn -0.0509 -0.2370 0.9702
vn 0.1833 -0.9829 0.0168
vn 0.0064 -0.9799 -0.1992
vn -0.7892 0.1791 0.5874
vn -0.6582 0.3857 -0.6466
vn -0.8357 -0.4999 0.2273
vn -0.3955 0.8412 -0.3689
vn -0.4793 0.8775 0.0160
vn 0.5595 0.8273 -0.0508
vn -0.2930 0.2098 0.9328
vn -0.6582 -0.3357 -0.6738
vn -0.6022 -0.3312 -0.7264
vn 0.0615 0.3710 -0.9266
vn -0.4642 -0.8783 -0.1148
vn -0.4221 -0.2435 0.8732
vn -0.3330 0.9062 -0.2606
vn 0.0988 0.9659 -0.2393
vn -0.9475 -0.2584 0.1883
vn -0.1124 -0.9264 0.3592
vn 0.0216 -0.0942 0.9953
vn 0.1531 0.7646 0.6261
vn 0.2684 0.6861 -0.6762
vn 0.7699 0.6301 -0.1016
vn 0.6321 0.7745 0.0256
vn -0.8715 0.1382 0.4706
vn 0.5751 -0.1283 0.8080
vn -0.9880 0.1113 0.1067
vn -0.5185 -0.6709 -0.5301
vn 0.3745 0.8912 -0.2561
vn 0.6242 0.5124 -0.5898
vn 0.1772 0.5248 0.8326
vn 0.5559 0.2408 0.7956
vn -0.2999 0.1921 0.9344
vn -0.8011 -0.5634 -0.2020
vn -0.1280 0.4167 -0.9000
vn 0.9047 0.3271 -0.2730
vn 0.5834 0.5894 0.5588
vn 0.9639 -0.2616 0.0506
vn 0.9256 -0.3659 0.0969
vn 0.3477 0.2265 0.9098
vn 0.3199 -0.8146 -0.4838
vn -0.2024 0.9533 -0.2242
vn 0.9212 -0.0689 0.3829
vn 0.6848 -0.6426 0.3436
vn 0.1427 -0.1038 -0.9843
vn -0.8940 0.4152 -0.1686
vn 0.0489 0.3511 0.9351
vn 0.0983 -0.7837 0.6133
vn -0.5574 0.4312 0.7095
vn 0.3466 -0.0236 0.9377
vn 0.9589 -0.2698 0.0879
vn 0.7705 0.1027 0.6291
vn 0.7896 -0.0915 0.6067
vn -0.2607 0.1512 0.9535
vn 0.9857 -0.1539 -0.0693
vn -0.2268 -0.0261 0.9736
vn -0.8583 -0.5062 0.0837
vn -0.8484 -0.2292 0.4772
vn -0.8617 -0.1442 0.4866
vn -0.9215 -0.3836 0.0614
vn -0.1762 0.3037 0.9363
vn -0.7877 -0.2153 0.5773
vn -0.1599 0.2955 0.9419
vn -0.8816 -0.4442 0.1597
vn -0.6368 -0.1311 0.7598
vn 0.0549 0.3701 0.9274
vn 0.0249 0.3685 0.9293
vn -0.8117 -0.3378 0.4765
vn -0.3655 0.0968 0.9258
vn 0.0676 0.4014 0.9134
vn 0.0172 0.3742 0.9272
vn -0.8710 -0.4656 0.1571
vn -0.8010 -0.2836 0.5272
vn -0.8648 -0.4705 0.1753
vn -0.1868 0.2821 0.9410
vn -0.0048 0.3541 0.9352
vn -0.7477 -0.5697 -0.3411
vn -0.7422 -0.1931 0.6418
vn 0.0380 0.3845 0.9223
vn -0.0298 0.3343 0.9420
vn -0.0419 0.3519 0.9351
vn 0.0080 0.3773 0.9260
vn -0.7580 -0.6047 -0.2446
vn -0.1862 -0.4622 -0.8670
vn -0.8522 -0.4903 0.1827
vn -0.7153 -0.1873 0.6732
vn -0.0793 0.3346 0.9390
vn -0.1538 0.3019 0.9408
vn -0.6731 -0.1822 0.7167
vn -0.1538 -0.4113 -0.8984
vn -0.0102 0.4175 0.9086
vn -0.0890 0.3441 0.9347
vn -0.7292 -0.6112 -0.3078
vn -0.0546 0.3117 0.9486
vn -0.8296 -0.5270 0.1844
vn -0.1455 -0.4023 -0.9039
vn -0.2011 -0.4881 -0.8493
vn -0.7150 -0.6590 -0.2333
vn -0.6598 -0.2129 0.7207
vn -0.0185 0.3514 0.9360
vn -0.0537 -0.3657 -0.9292
vn -0.7466 -0.3222 0.5821
vn -0.0327 0.3223 0.9461
vn -0.8096 -0.5616 0.1707
vn -0.0915 0.2706 0.9583
vn 0.0264 0.3653 0.9305
vn -0.0011 0.3553 0.9348
vn 0.1696 0.4307 0.8864
vn 0.1812 0.4347 0.8821
vn -0.0540 -0.3846 -0.9215
vn -0.2076 0.2251 0.9520
vn 0.0077 -0.3452 -0.9385
vn -0.0127 0.3535 0.9354
vn -0.6124 -0.6473 -0.4538
vn -0.0204 -0.3657 -0.9305
vn -0.7276 -0.3517 0.5890
vn -0.0725 0.3127 0.9471
vn -0.7987 -0.5927 0.1039
vn -0.1168 0.3099 0.9436
vn -0.0429 0.3380 0.9402
vn 0.1760 0.4523 0.8743
vn -0.7641 -0.6023 0.2312
vn -0.6860 -0.2256 0.6917
vn -0.0236 -0.3783 -0.9254
vn 0.0035 0.3556 0.9346
vn 0.0178 -0.3612 -0.9323
vn -0.0930 0.2928 0.9517
vn -0.3363 0.0133 0.9416
vn 0.0237 -0.3204 -0.9470
vn 0.0283 -0.3230 -0.9460
vn 0.1937 0.4208 0.8862
vn -0.6253 -0.6846 -0.3747
vn -0.0040 -0.3655 -0.9308
vn -0.6501 -0.4491 0.6130
vn 0.0188 -0.3754 -0.9267
vn -0.0461 0.3355 0.9409
vn 0.2071 0.4471 0.8702
vn -0.1495 -0.5214 -0.8401
vn -0.6443 -0.7414 -0.1876
vn -0.0186 0.3259 0.9452
vn 0.1819 0.4782 0.8592
vn 0.2119 0.4736 0.8549
vn -0.1142 0.2531 0.9607
vn -0.0229 -0.3746 -0.9269
vn -0.0043 0.3717 0.9283
vn -0.0710 -0.3647 -0.9284
vn -0.0425 0.3388 0.9399
vn -0.6064 -0.3535 0.7123
vn -0.0650 -0.3817 -0.9220
vn 0.2436 0.4782 0.8438
vn 0.0402 0.3414 0.9391
vn 0.2496 0.4535 0.8556
vn -0.7189 -0.6508 0.2441
vn 0.0102 -0.3796 -0.9251
vn -0.5734 -0.7321 -0.3677
vn -0.0620 -0.4007 -0.9141
vn -0.0770 0.3271 0.9418
vn 0.3482 0.5092 0.7871
vn -0.0049 0.3477 0.9376
vn 0.0059 0.3425 0.9395
vn -0.1000 -0.4255 -0.8994
vn -0.1006 0.3111 0.9450
vn 0.0138 -0.3487 -0.9371
vn -0.0619 0.3161 0.9467
vn 0.1881 -0.1876 -0.9641
vn 0.1670 0.4797 0.8614
vn 0.0310 -0.3920 -0.9195
vn 0.1554 -0.2077 -0.9658
vn 0.1944 0.4860 0.8521
vn 0.4102 0.5641 0.7166
vn 0.7691 0.6297 0.1090
vn -0.4997 -0.2778 0.8205
vn 0.1341 -0.2424 -0.9609
vn -0.0524 -0.4200 -0.9060
vn -0.5538 -0.7576 -0.3455
vn -0.6812 -0.6811 0.2684
vn -0.0042 -0.3813 -0.9245
vn -0.0046 0.3490 0.9371
vn 0.1669 0.4924 0.8543
vn 0.1801 0.5059 0.8436
vn 0.0233 0.3878 0.9214
vn -0.0916 -0.4354 -0.8956
vn -0.0891 0.2880 0.9535
vn 0.7485 0.6416 0.1676
vn 0.0294 -0.3488 -0.9367
vn 0.1413 0.4861 0.8624
vn 0.1780 0.4905 0.8531
vn -0.0435 -0.4080 -0.9119
vn -0.0844 0.2920 0.9527
vn -0.0660 0.2924 0.9540
vn 0.1406 0.5109 0.8481
vn 0.6461 0.7141 0.2696
vn -0.5331 -0.7719 -0.3463
vn -0.0022 -0.4154 -0.9096
vn 0.2891 0.5609 0.7758
vn -0.5703 -0.3746 0.7310
vn -0.0593 -0.4050 -0.9124
vn 0.0155 -0.3422 -0.9395
vn 0.1642 0.5011 0.8497
vn 0.2382 -0.1084 -0.9652
vn -0.4283 -0.7940 -0.4313
vn -0.0843 0.3124 0.9462
vn 0.1515 -0.2095 -0.9660
vn 0.6749 0.4065 -0.6159
vn -0.4686 -0.2507 0.8471
vn -0.0142 0.3599 0.9329
vn 0.7056 0.7025 0.0934
vn -0.6218 -0.6679 0.4091
vn -0.0231 -0.4087 -0.9124
vn 0.0024 -0.3752 -0.9269
vn 0.1613 0.5020 0.8497
vn 0.3277 0.5767 0.7484
vn -0.0038 -0.4097 -0.9122
vn 0.6697 0.7328 0.1208
vn -0.4035 -0.7881 -0.4649
vn -0.0242 -0.3992 -0.9165
vn -0.0164 0.3719 0.9281
vn 0.1263 -0.2399 -0.9625
vn 0.3179 -0.0221 -0.9479
vn -0.2020 0.1030 0.9739
vn 0.1561 0.5163 0.8421
vn 0.6684 0.5039 -0.5471
vn 0.1826 0.5246 0.8315
vn -0.6023 -0.7305 0.3220
vn -0.5536 -0.5431 0.6314
vn 0.0008 0.3558 0.9345
vn -0.5268 -0.7674 -0.3654
vn -0.0163 0.3466 0.9379
vn 0.1306 -0.2426 -0.9613
vn -0.1292 -0.4748 -0.8706
vn -0.0616 0.2878 0.9557
vn 0.0244 -0.3814 -0.9241
vn 0.0176 0.3569 0.9340
vn 0.1340 -0.2703 -0.9534
vn -0.0401 -0.4616 -0.8862
vn 0.0170 -0.3782 -0.9256
vn 0.2172 0.5851 0.7813
vn -0.5157 -0.4862 0.7055
vn 0.0386 -0.3722 -0.9273
vn 0.1550 -0.2094 -0.9655
vn 0.3111 -0.2148 -0.9258
vn 0.5929 0.7837 0.1850
vn -0.1156 0.1944 0.9741
vn 0.6211 0.4562 -0.6373
vn -0.5580 -0.8294 -0.0285
vn 0.0536 -0.3412 -0.9384
vn -0.5401 -0.7253 0.4269
vn 0.1418 0.4986 0.8552
vn 0.5820 0.7963 0.1652
vn -0.1469 -0.5639 -0.8126
vn 0.0065 -0.3773 -0.9261
vn -0.0349 0.3095 0.9503
vn 0.0007 0.3412 0.9400
vn 0.0203 0.4002 0.9162
vn 0.0122 0.3728 0.9278
vn 0.1682 -0.1248 -0.9778
vn 0.1188 0.5140 0.8495
vn -0.3737 -0.8038 -0.4629
vn 0.5265 0.4213 -0.7384
vn 0.2359 0.6155 0.7520
vn 0.0798 -0.2602 -0.9623
vn -0.2732 -0.1030 0.9564
vn 0.0204 -0.3932 -0.9192
vn 0.0874 -0.2809 -0.9558
vn 0.0380 -0.3289 -0.9436
vn -0.5042 -0.8488 0.1591
vn -0.2786 -0.7086 -0.6483
vn -0.0666 0.2652 0.9619
vn 0.0188 0.4044 0.9144
vn 0.0615 0.4592 0.8862
vn -0.3741 -0.5130 0.7726
vn 0.0003 -0.4283 -0.9036
vn 0.5619 0.8233 0.0799
vn -0.0340 0.2998 0.9534
vn 0.0551 -0.3171 -0.9468
vn -0.0016 0.3934 0.9194
vn 0.0992 -0.2435 -0.9648
vn 0.2902 0.0533 -0.9555
vn 0.5821 0.6222 -0.5235
vn 0.1478 0.6052 0.7822
vn -0.4153 -0.9074 -0.0639
vn -0.0758 -0.4481 -0.8908
vn -0.3672 -0.4744 0.8000
vn -0.0374 0.2974 0.9540
vn 0.0323 -0.3062 -0.9514
vn -0.0893 0.2324 0.9685
vn -0.1554 -0.5653 -0.8101
vn 0.4977 0.8614 0.1017
vn -0.0302 -0.4566 -0.8891
vn 0.0065 -0.3873 -0.9219
vn 0.0992 -0.2578 -0.9611
vn 0.3180 0.1623 -0.9341
vn 0.0470 -0.3028 -0.9519
vn 0.0029 0.4101 0.9120
vn 0.0669 -0.3145 -0.9469
vn 0.0601 0.4888 0.8703
vn -0.1032 0.1678 0.9804
vn 0.4966 0.6794 -0.5402
vn -0.3416 -0.9288 -0.1439
vn -0.3347 -0.5676 0.7522
vn -0.0280 0.3539 0.9349
vn -0.3858 -0.8335 0.3954
vn -0.0098 0.4186 0.9081
vn -0.0083 0.3874 0.9219
vn 0.0398 0.5031 0.8633
vn -0.0435 0.3386 0.9399
vn 0.4250 0.8852 0.1891
vn -0.0080 -0.4065 -0.9136
vn 0.0262 -0.3740 -0.9270
vn -0.0038 -0.4335 -0.9012
vn -0.2943 -0.9454 -0.1401
vn 0.0213 -0.3850 -0.9227
vn 0.1329 0.6349 0.7611
vn -0.0190 0.3991 0.9167
vn 0.0230 0.4018 0.9154
vn 0.4629 0.8348 -0.2979
vn -0.3208 -0.6861 0.6530
vn -0.1411 0.0050 0.9900
vn -0.0670 0.2675 0.9612
vn 0.0470 0.5336 0.8445
vn 0.3915 0.5206 -0.7588
vn 0.0905 -0.2188 -0.9716
vn -0.4709 -0.7947 0.3829
vn 0.0219 -0.3706 -0.9285
vn 0.0521 0.5690 0.8207
vn 0.2093 -0.0081 -0.9778
vn 0.3452 0.9104 0.2283
vn -0.0368 -0.1586 -0.9866
vn -0.0454 0.3331 0.9418
vn 0.0353 -0.3001 -0.9533
vn 0.0729 -0.2855 -0.9556
vn -0.0523 -0.3715 -0.9270
vn 0.0042 -0.4099 -0.9121
vn 0.3880 0.6653 -0.6379
vn -0.1726 -0.5158 -0.8391
vn 0.0244 0.4841 0.8747
vn -0.3956 -0.4435 0.8043
vn -0.0242 0.3653 0.9306
vn 0.3221 0.9455 0.0487
vn -0.4420 -0.8970 0.0050
vn 0.0247 -0.3207 -0.9469
vn 0.0177 -0.3464 -0.9379
vn 0.1571 -0.0191 -0.9874
vn 0.0935 0.6717 0.7349
vn -0.0475 -0.5272 0.8484
vn -0.1078 0.2635 0.9586
vn -0.2406 0.3116 0.9192
vn -0.2985 -0.8665 0.4002
vn -0.0703 -0.9193 -0.3872
vn -0.2411 -0.1574 -0.9577
vn 0.0668 -0.2927 -0.9539
vn 0.3899 -0.9174 0.0795
vn 0.4397 -0.8130 0.3816
vn 0.0197 -0.2394 -0.9707
vn -0.2269 -0.2925 -0.9289
vn -0.0227 0.4077 0.9128
vn 0.0787 -0.2156 -0.9733
vn 0.6184 -0.0812 0.7817
vn -0.0628 -0.2554 -0.9648
vn -0.2362 -0.2536 -0.9380
vn 0.0158 -0.3744 -0.9271
vn -0.0070 0.4554 0.8903
vn 0.2633 0.7020 -0.6618
vn 0.7600 -0.4954 -0.4207
vn 0.8813 -0.4344 0.1858
vn 0.4988 -0.0209 0.8665
vn 0.0591 0.7135 0.6982
vn 0.7616 -0.5684 -0.3114
vn 0.2596 -0.7070 -0.6578
vn 0.9033 -0.3835 0.1924
vn 0.6277 -0.6565 0.4184
vn 0.2269 0.9739 -0.0028
vn 0.4953 -0.8293 0.2587
vn 0.2670 -0.3637 0.8924
vn -0.2160 -0.2862 -0.9335
vn -0.0980 -0.2151 -0.9717
vn -0.1012 0.2217 0.9699
vn -0.1890 0.4417 0.8770
vn -0.2005 0.5139 0.8341
vn -0.0598 -0.3445 -0.9369
vn 0.4161 -0.8086 -0.4160
vn 0.6525 -0.7004 0.2893
vn 0.2005 0.3977 -0.8954
vn 0.4498 -0.3816 0.8075
vn -0.1169 -0.0886 -0.9892
vn -0.1973 -0.3006 -0.9331
vn 0.0670 0.3196 0.9452
vn 0.0240 0.3900 0.9205
vn 0.1479 0.1602 -0.9759
vn 0.8263 -0.4629 -0.3207
vn 0.8286 -0.2360 0.5076
vn 0.7637 -0.0977 0.6381
vn 0.2339 0.7815 -0.5784
vn 0.2445 0.8845 -0.3972
vn 0.1816 0.9828 0.0330
vn 0.6503 -0.4606 -0.6041
vn 0.9373 -0.3135 0.1523
vn 0.9334 -0.3570 0.0351
vn -0.1966 0.7106 0.6755
vn 0.1594 -0.3967 -0.9040
vn 0.7506 0.0315 0.6600
vn -0.1477 -0.2716 -0.9510
vn 0.0076 0.3882 0.9215
vn 0.8493 -0.0984 0.5186
vn 0.7741 -0.0383 0.6319
vn 0.8920 -0.3974 -0.2154
vn 0.9418 -0.3009 0.1497
vn -0.0004 0.4651 0.8853
vn 0.5764 -0.4494 -0.6826
vn 0.1724 -0.1314 -0.9762
vn 0.8785 0.3177 -0.3568
vn 0.9119 -0.3842 -0.1441
vn 0.8040 -0.1049 0.5854
vn 0.7622 -0.0413 0.6461
vn 0.5714 0.1026 -0.8143
vn 0.8392 0.5065 -0.1978
vn 0.8697 -0.3931 -0.2984
vn 0.9295 -0.3349 0.1544
vn 0.3733 0.6350 0.6763
vn 0.8780 -0.1169 0.4641
vn 0.8298 0.5472 0.1092
vn -0.0473 0.4273 0.9029
vn -0.0650 0.3185 0.9457
vn -0.0547 0.3087 0.9496
vn -0.0709 0.3647 0.9284
vn -0.0430 0.3584 0.9326
vn -0.0531 0.3547 0.9335
vn -0.0066 0.3186 0.9479
vn -0.1245 0.3162 0.9405
vn -0.0778 0.2669 0.9606
vn 0.1571 -0.3536 -0.9221
vn 0.4934 -0.2901 -0.8200
vn -0.1295 0.3398 0.9315
vn -0.0169 -0.4923 -0.8703
vn 0.0188 0.1316 0.9911
vn -0.0552 -0.5079 -0.8596
vn 0.0335 0.1134 0.9930
vn 0.0625 -0.4199 -0.9054
vn 0.0021 0.3178 0.9482
vn -0.0310 0.3853 0.9223
vn 0.0481 0.1096 0.9928
vn 0.0470 0.0947 0.9944
vn -0.0784 0.1435 -0.9865
vn -0.0579 0.3999 0.9147
vn 0.0554 -0.3848 -0.9213
vn -0.0655 0.3991 0.9146
vn 0.0735 -0.4271 -0.9012
vn 0.0121 0.1040 0.9945
vn -0.0623 0.3897 0.9188
vn -0.0391 0.2957 0.9545
vn -0.2029 0.7628 -0.6140
vn -0.0478 0.1157 -0.9921
vn 0.0357 0.0205 0.9992
vn -0.0451 0.3051 0.9513
vn -0.0657 0.3638 0.9292
vn 0.0274 0.0142 0.9995
vn -0.0623 0.3830 0.9216
vn 0.0308 -0.2668 -0.9633
vn -0.1691 0.5651 -0.8075
vn 0.0718 -0.1447 0.9869
vn 0.0634 -0.4299 -0.9007
vn -0.0616 0.1905 0.9797
vn -0.0727 0.3703 0.9261
vn 0.0128 0.0855 0.9963
vn -0.1064 0.4270 -0.8980
vn 0.0583 -0.4112 -0.9097
vn 0.0543 0.0199 0.9983
vn -0.0817 0.3579 0.9302
vn 0.1836 -0.2155 0.9591
vn -0.0864 0.4042 0.9106
vn 0.0347 0.0101 0.9993
vn 0.0704 -0.4186 -0.9054
vn -0.0027 0.0923 0.9957
vn -0.0764 0.1496 -0.9858
vn 0.2420 -0.7048 0.6669
vn 0.3508 -0.8585 0.3739
vn -0.2010 0.8398 -0.5043
vn -0.0754 -0.0648 0.9951
vn 0.1985 -0.7833 0.5891
vn -0.0625 0.2094 -0.9758
vn 0.0219 -0.0743 0.9970
vn -0.0605 0.3382 0.9391
vn 0.0837 -0.4545 -0.8868
vn 0.0804 -0.0807 0.9935
vn -0.2129 -0.1153 0.9703
vn -0.2607 0.6029 0.7540
vn 0.2343 -0.9303 0.2822
vn -0.1291 0.3897 0.9119
vn -0.0980 0.7883 0.6074
vn 0.0169 0.0438 0.9989
vn 0.2650 0.3964 0.8790
vn -0.1747 -0.1869 -0.9667
vn -0.5022 -0.4797 -0.7196
vn -0.1031 0.4010 0.9103
vn 0.0720 -0.6502 0.7563
vn -0.4516 0.3227 0.8318
vn 0.2567 0.9664 0.0150
vn -0.0428 -0.1027 0.9938
vn -0.0267 -0.7948 0.6063
vn -0.5695 0.3170 -0.7584
vn -0.2879 -0.3056 0.9076
vn 0.6130 0.3005 0.7306
vn -0.0945 -0.9293 0.3571
vn -0.2805 -0.2478 0.9273
vn -0.3878 0.9213 -0.0285
vn 0.3293 0.2249 0.9171
vn -0.4032 0.3575 0.8424
vn 0.0867 -0.3129 0.9458
vn 0.1929 -0.8501 0.4900
vn -0.4484 0.0350 0.8931
vn -0.3110 0.9502 0.0192
vn -0.1320 -0.8879 0.4407
vn -0.0981 0.1035 0.9898
vn -0.2445 -0.5154 0.8214
vn -0.1291 0.5596 0.8187
vn -0.4344 0.5107 0.7419
vn 0.1182 -0.1165 0.9861
vn -0.0963 0.4663 0.8793
vn -0.8388 0.4330 -0.3299
vn 0.1397 -0.5991 0.7884
vn -0.6092 -0.7924 -0.0325
vn 0.0439 -0.0200 0.9988
vn 0.8914 0.0887 -0.4445
vn 0.4951 0.8633 -0.0977
vn 0.5491 0.2331 0.8026
vn 0.6581 -0.7214 0.2156
vn -0.0876 0.4493 0.8891
vn 0.3185 0.6947 0.6449
vn -0.8723 0.3225 0.3674
vn 0.4447 -0.5278 0.7236
vn 0.2813 0.2217 0.9337
vn -0.0176 0.6883 0.7252
vn 0.7930 -0.5533 0.2550
vn -0.6450 -0.3907 -0.6568
vn 0.5521 0.3105 0.7738
vn 0.1827 0.9366 0.2990
vn 0.0465 0.0891 -0.9949
vn 0.0582 0.8482 0.5265
vn 0.1305 -0.4004 -0.9070
vn -0.4092 -0.9124 -0.0023
vn -0.0415 0.9515 -0.3048
vn 0.0018 0.0700 0.9975
vn 0.0518 -0.4702 0.8810
vn -0.0377 -0.9840 -0.1741
vn -0.0927 0.4873 0.8683
vn 0.8686 -0.4107 -0.2772
vn 0.0545 -0.4784 0.8764
vn -0.0940 0.3057 0.9475
vn -0.1504 0.5983 0.7871
vn -0.1603 -0.0966 0.9823
vn -0.5936 0.6061 0.5295
vn 0.1172 -0.3478 0.9302
vn 0.2419 -0.0692 0.9678
vn -0.2061 0.4469 0.8705
vn -0.1135 0.5168 0.8486
vn 0.0444 0.0243 0.9987
vn -0.7860 0.4167 -0.4567
vn -0.3507 -0.1456 -0.9251
vn -0.0066 0.4722 0.8815
vn -0.0421 -0.7958 -0.6041
vn 0.0409 0.4710 0.8812
vn 0.0876 -0.3685 0.9255
vn 0.4740 -0.0659 0.8781
vn -0.3790 -0.6781 0.6298
vn -0.9703 -0.2411 0.0206
vn 0.5280 -0.0145 0.8491
vn 0.1536 -0.1863 0.9704
vn 0.4846 -0.0095 0.8747
vn 0.4099 0.0701 0.9094
vn 0.2927 0.2131 0.9322
vn -0.0248 0.3379 -0.9408
vn 0.5939 0.0049 0.8045
vn -0.0019 0.3974 0.9176
vn 0.0381 0.1581 0.9867
vn 0.0508 0.2986 0.9530
vn 0.2903 0.0412 0.9560
vn 0.0298 0.2152 0.9761
vn 0.1475 -0.5788 0.8020
vn -0.2028 0.2838 0.9372
vn -0.0474 0.2920 0.9553
vn -0.3476 0.2060 0.9147
vn 0.0156 0.3454 0.9383
vn -0.1139 0.2747 0.9547
vn -0.0484 0.1505 0.9874
vn -0.1215 0.2767 0.9532
vn -0.0626 0.3134 0.9476
vn -0.1184 0.5731 0.8109
vn -0.0944 0.2976 0.9500
vn -0.0983 0.2841 0.9537
vn 0.1923 0.3710 0.9085
vn 0.0581 -0.3598 0.9312
vn -0.1139 0.4897 0.8644
vn -0.9392 -0.2408 0.2450
vn -0.4712 0.8806 -0.0503
vn -0.5996 0.4039 0.6909
vn 0.0962 0.3541 0.9302
vn 0.0031 0.1548 0.9879
vn -0.3899 -0.9148 0.1053
vn -0.2594 -0.4506 0.8542
vn 0.4715 0.8509 0.2314
vn 0.9322 -0.3542 0.0740
vn 0.3730 -0.9030 0.2132
vn 0.6656 0.4155 0.6199
vn 0.8194 -0.1585 0.5509
vn 0.1989 0.4340 0.8787
vn 0.2054 0.3877 0.8986
vn 0.1760 0.3828 0.9069
vn 0.1261 0.3904 0.9120
vn 0.4071 0.4550 0.7920
vn 0.5043 0.5680 0.6504
vn -0.0641 0.3251 0.9435
vn 0.1155 -0.8669 0.4850
vn 0.3128 -0.0350 0.9492
vn 0.3978 -0.6973 0.5963
vn 0.0440 0.1138 0.9925
vn 0.1545 -0.6346 0.7573
vn 0.1815 -0.1874 0.9654
vn -0.2589 -0.1796 0.9491
vn 0.0098 0.1678 0.9858
vn -0.2439 -0.2259 0.9431
vn 0.1130 -0.1533 0.9817
vn 0.0676 -0.0829 0.9943
vt 0.499048 0.837727
vt 0.505012 0.833684
vt 0.508112 0.838661
vt 0.888778 0.001087
vt 0.897847 0.004527
vt 0.880043 0.004277
vt 0.406276 0.902858
vt 0.404661 0.904635
vt 0.404661 0.893313
vt 0.992690 0.001087
vt 0.992690 0.011597
vt 0.990193 0.001833
vt 0.510214 0.835981
vt 0.498532 0.830825
vt 0.909507 0.030521
vt 0.889167 0.023824
vt 0.905042 0.014556
vt 0.023340 0.823016
vt 0.027463 0.822813
vt 0.025341 0.825474
vt 0.491844 0.831500
vt 0.037319 0.823725
vt 0.041235 0.827294
vt 0.892717 0.034814
vt 0.910859 0.036639
vt 0.507310 0.813366
vt 0.910286 0.046796
vt 0.891558 0.043223
vt 0.047326 0.827972
vt 0.497453 0.814743
vt 0.033702 0.807788
vt 0.015581 0.821573
vt 0.029688 0.797003
vt 0.069101 0.830623
vt 0.057415 0.829115
vt 0.064392 0.826984
vt 0.061419 0.815808
vt 0.045514 0.802094
vt 0.503940 0.803341
vt 0.074906 0.828793
vt 0.056207 0.806121
vt 0.018597 0.798988
vt 0.491585 0.799672
vt 0.078311 0.820070
vt 0.495564 0.795294
vt 0.043617 0.779695
vt 0.071259 0.804511
vt 0.024359 0.780621
vt 0.066398 0.798514
vt 0.082228 0.801026
vt 0.507902 0.794160
vt 0.079870 0.796668
vt 0.063429 0.788690
vt 0.052980 0.785171
vt 0.501185 0.775581
vt 0.032439 0.766196
vt 0.503689 0.771230
vt 0.493650 0.771496
vt 0.078274 0.785816
vt 0.025708 0.757303
vt 0.489110 0.768591
vt 0.072570 0.777431
vt 0.069805 0.764706
vt 0.091381 0.781829
vt 0.059410 0.757919
vt 0.049837 0.754536
vt 0.090108 0.770664
vt 0.071486 0.745831
vt 0.035839 0.742286
vt 0.082514 0.767203
vt 0.493764 0.754860
vt 0.079688 0.757574
vt 0.096321 0.746673
vt 0.031251 0.730751
vt 0.503201 0.744102
vt 0.489535 0.741685
vt 0.495323 0.734545
vt 0.080216 0.742787
vt 0.053956 0.731647
vt 0.061630 0.735796
vt 0.042281 0.730449
vt 0.070389 0.730400
vt 0.501911 0.724082
vt 0.091415 0.734981
vt 0.052317 0.724177
vt 0.034628 0.710964
vt 0.062749 0.721262
vt 0.082541 0.728273
vt 0.043535 0.705436
vt 0.487167 0.722222
vt 0.483735 0.739613
vt 0.102066 0.725990
vt 0.079406 0.723197
vt 0.491913 0.714864
vt 0.057910 0.704276
vt 0.091118 0.722512
vt 0.063862 0.708314
vt 0.498380 0.710899
vt 0.078955 0.712741
vt 0.071283 0.708996
vt 0.078319 0.701819
vt 0.070956 0.700802
vt 0.484903 0.706054
vt 0.092428 0.702563
vt 0.490782 0.698653
vt 0.095480 0.706526
vt 0.087713 0.700785
vt 0.050087 0.685055
vt 0.098916 0.714295
vt 0.034945 0.697411
vt 0.039632 0.678652
vt 0.109531 0.711146
vt 0.070193 0.684056
vt 0.496217 0.689534
vt 0.500590 0.691463
vt 0.079856 0.687584
vt 0.486653 0.686467
vt 0.087135 0.690251
vt 0.074913 0.679607
vt 0.063491 0.674823
vt 0.480387 0.692789
vt 0.088744 0.675883
vt 0.086004 0.664180
vt 0.070347 0.673463
vt 0.051446 0.668889
vt 0.488157 0.671395
vt 0.106401 0.690222
vt 0.480464 0.676079
vt 0.101005 0.677382
vt 0.499868 0.671018
vt 0.495695 0.674775
vt 0.045005 0.658880
vt 0.086478 0.670067
vt 0.063699 0.659892
vt 0.480942 0.668250
vt 0.496646 0.664248
vt 0.100079 0.663295
vt 0.078145 0.662364
vt 0.081745 0.645728
vt 0.112651 0.662124
vt 0.486869 0.653420
vt 0.479900 0.655826
vt 0.076402 0.645358
vt 0.064734 0.643087
vt 0.493488 0.649924
vt 0.505504 0.651206
vt 0.093695 0.643242
vt 0.096355 0.657259
vt 0.099745 0.634715
vt 0.047034 0.652256
vt 0.058291 0.637871
vt 0.498603 0.647737
vt 0.100743 0.642457
vt 0.087240 0.646862
vt 0.089987 0.635938
vt 0.067739 0.629781
vt 0.485229 0.647614
vt 0.493662 0.641344
vt 0.060673 0.626985
vt 0.111662 0.641732
vt 0.499352 0.636551
vt 0.495183 0.634307
vt 0.479165 0.633814
vt 0.118663 0.661472
vt 0.079367 0.635419
vt 0.482736 0.628632
vt 0.099793 0.621986
vt 0.081026 0.616313
vt 0.067063 0.614027
vt 0.497226 0.620230
vt 0.493271 0.617907
vt 0.057726 0.609594
vt 0.089792 0.620162
vt 0.481628 0.615766
vt 0.099645 0.613447
vt 0.105969 0.616268
vt 0.313805 0.608657
vt 0.320729 0.605372
vt 0.317790 0.619150
vt 0.074219 0.603187
vt 0.055783 0.599726
vt 0.497653 0.610957
vt 0.590069 0.274420
vt 0.579879 0.292259
vt 0.576250 0.269027
vt 0.494852 0.602699
vt 0.062535 0.593969
vt 0.579353 0.262405
vt 0.096335 0.597792
vt 0.052926 0.583698
vt 0.499397 0.595786
vt 0.081762 0.602582
vt 0.100225 0.599635
vt 0.071433 0.583407
vt 0.080722 0.586044
vt 0.570915 0.254359
vt 0.085142 0.590592
vt 0.057018 0.571543
vt 0.095698 0.583899
vt 0.572393 0.237791
vt 0.587145 0.255858
vt 0.580481 0.239353
vt 0.082104 0.578639
vt 0.067378 0.565342
vt 0.591296 0.229531
vt 0.102240 0.583046
vt 0.098824 0.578752
vt 0.081998 0.562167
vt 0.581896 0.229553
vt 0.093872 0.563825
vt 0.065101 0.557425
vt 0.570770 0.214051
vt 0.567688 0.234490
vt 0.582036 0.218052
vt 0.104136 0.551722
vt 0.071648 0.549056
vt 0.092201 0.551413
vt 0.564736 0.206992
vt 0.082617 0.545320
vt 0.076248 0.542926
vt 0.600543 0.208118
vt 0.598063 0.225809
vt 0.574222 0.205383
vt 0.091089 0.546616
vt 0.105317 0.541809
vt 0.094643 0.536475
vt 0.567332 0.197096
vt 0.590169 0.194860
vt 0.573069 0.192186
vt 0.091723 0.528222
vt 0.074117 0.524096
vt 0.081773 0.525784
vt 0.106776 0.529250
vt 0.567660 0.184571
vt 0.586380 0.184527
vt 0.098585 0.523423
vt 0.083546 0.505690
vt 0.567380 0.174497
vt 0.574849 0.173560
vt 0.108302 0.519240
vt 0.219910 0.964326
vt 0.213592 0.951142
vt 0.225612 0.946416
vt 0.213201 0.931761
vt 0.208253 0.963933
vt 0.486740 0.519563
vt 0.496792 0.519722
vt 0.488922 0.522594
vt 0.590537 0.175247
vt 0.222370 0.966825
vt 0.225946 0.962944
vt 0.476654 0.523104
vt 0.473120 0.520577
vt 0.098137 0.508863
vt 0.111029 0.509210
vt 0.569819 0.168996
vt 0.578623 0.165844
vt 0.583633 0.168690
vt 0.470468 0.508592
vt 0.473546 0.505824
vt 0.505858 0.961704
vt 0.507504 0.948565
vt 0.509637 0.960585
vt 0.592286 0.169601
vt 0.489316 0.962047
vt 0.478872 0.499135
vt 0.477729 0.949491
vt 0.474228 0.961879
vt 0.092554 0.499103
vt 0.112669 0.514687
vt 0.936003 0.005122
vt 0.933840 0.018205
vt 0.923770 0.016012
vt 0.927226 0.003472
vt 0.484929 0.944324
vt 0.930503 0.021924
vt 0.937976 0.023445
vt 0.942500 0.020438
vt 0.941080 0.006988
vt 0.577502 0.163617
vt 0.104121 0.497081
vt 0.484049 0.504244
vt 0.101108 0.489403
vt 0.849320 0.271228
vt 0.842165 0.259775
vt 0.844131 0.258696
vt 0.566548 0.164104
vt 0.571786 0.155846
vt 0.496330 0.936985
vt 0.495858 0.512415
vt 0.657086 0.994442
vt 0.652106 0.994672
vt 0.646958 0.983027
vt 0.470773 0.497485
vt 0.856073 0.266338
vt 0.864144 0.270199
vt 0.848635 0.251613
vt 0.853275 0.254009
vt 0.657086 0.985636
vt 0.507339 0.937460
vt 0.567928 0.137976
vt 0.116425 0.483620
vt 0.107293 0.483143
vt 0.490833 0.927317
vt 0.479830 0.930398
vt 0.877180 0.288535
vt 0.873015 0.295646
vt 0.869991 0.286477
vt 0.375439 0.991796
vt 0.385846 0.987314
vt 0.385846 0.998248
vt 0.993450 0.512024
vt 0.985840 0.519651
vt 0.985840 0.507394
vt 0.573088 0.139646
vt 0.100410 0.479720
vt 0.487595 0.492761
vt 0.786179 0.998741
vt 0.783960 0.989040
vt 0.792848 0.989040
vt 0.872569 0.265415
vt 0.865106 0.247017
vt 0.862221 0.242766
vt 0.873380 0.276082
vt 0.473175 0.483599
vt 0.506134 0.919258
vt 0.883110 0.287805
vt 0.878927 0.298521
vt 0.470651 0.479290
vt 0.481181 0.477033
vt 0.885049 0.277122
vt 0.472586 0.471761
vt 0.484687 0.906962
vt 0.897144 0.273659
vt 0.886668 0.267470
vt 0.883274 0.254279
vt 0.506680 0.909771
vt 0.508633 0.923603
vt 0.508424 0.911758
vt 0.494230 0.908107
vt 0.884350 0.240707
vt 0.116661 0.462507
vt 0.110751 0.466940
vt 0.880296 0.235513
vt 0.878579 0.230919
vt 0.573633 0.119449
vt 0.103268 0.462315
vt 0.903101 0.262792
vt 0.893213 0.256856
vt 0.897538 0.246651
vt 0.897594 0.281996
vt 0.568614 0.112373
vt 0.123102 0.458902
vt 0.508121 0.896682
vt 0.505674 0.898413
vt 0.471572 0.456695
vt 0.479494 0.456183
vt 0.910227 0.269788
vt 0.887656 0.228673
vt 0.573283 0.100963
vt 0.113567 0.445820
vt 0.911674 0.277828
vt 0.121452 0.449638
vt 0.892341 0.218373
vt 0.916658 0.279808
vt 0.907330 0.254245
vt 0.505616 0.885790
vt 0.492876 0.889771
vt 0.907256 0.239099
vt 0.991211 0.389662
vt 0.991211 0.379696
vt 0.994539 0.383433
vt 0.917597 0.265860
vt 0.892680 0.224102
vt 0.913387 0.250813
vt 0.900603 0.218775
vt 0.123599 0.436320
vt 0.909010 0.232498
vt 0.126670 0.440614
vt 0.569458 0.093773
vt 0.507403 0.875078
vt 0.785533 0.901796
vt 0.786292 0.906646
vt 0.781439 0.914480
vt 0.915643 0.245518
vt 0.577647 0.090966
vt 0.899733 0.211527
vt 0.977033 0.649847
vt 0.985279 0.648270
vt 0.988282 0.656396
vt 0.966320 0.673001
vt 0.968179 0.657189
vt 0.972955 0.667677
vt 0.966320 0.650139
vt 0.916254 0.238789
vt 0.969061 0.680992
vt 0.329668 0.980672
vt 0.329668 0.969161
vt 0.332394 0.973050
vt 0.580547 0.086245
vt 0.588257 0.092329
vt 0.922438 0.240284
vt 0.129014 0.426430
vt 0.570085 0.079453
vt 0.923817 0.245267
vt 0.128168 0.418602
vt 0.577586 0.077522
vt 0.878106 0.617372
vt 0.883075 0.610988
vt 0.883459 0.629106
vt 0.877417 0.611209
vt 0.887386 0.612740
vt 0.887226 0.632110
vt 0.885895 0.638440
vt 0.964717 0.372200
vt 0.974017 0.382503
vt 0.971439 0.390374
vt 0.978993 0.393098
vt 0.978680 0.366038
vt 0.072206 0.936979
vt 0.076059 0.939756
vt 0.073781 0.947258
vt 0.979404 0.377234
vt 0.977328 0.385587
vt 0.075854 0.931310
vt 0.080184 0.932981
vt 0.962892 0.608522
vt 0.963726 0.614471
vt 0.960406 0.615917
vt 0.882637 0.957608
vt 0.889079 0.960140
vt 0.888142 0.963782
vt 0.981714 0.064400
vt 0.982405 0.078742
vt 0.971856 0.068513
vt 0.886744 0.955175
vt 0.878615 0.953993
vt 0.982804 0.084581
vt 0.965923 0.083855
vt 0.881962 0.950741
vt 0.872821 0.951962
vt 0.877608 0.948012
vt 0.969097 0.546820
vt 0.968697 0.541673
vt 0.979129 0.542020
vt 0.972048 0.535042
vt 0.876355 0.945487
vt 0.858524 0.949643
vt 0.977975 0.535636
vt 0.862701 0.938980
vt 0.973511 0.528883
vt 0.967072 0.539326
vt 0.037183 0.990567
vt 0.046962 0.981086
vt 0.047667 0.987324
vt 0.879021 0.939111
vt 0.036229 0.978718
vt 0.040291 0.976727
vt 0.949888 0.423998
vt 0.943843 0.421638
vt 0.947654 0.408075
vt 0.941795 0.413937
vt 0.792632 0.425900
vt 0.792632 0.419196
vt 0.795605 0.419876
vt 0.043075 0.991968
vt 0.033064 0.986873
vt 0.793088 0.410447
vt 0.031318 0.982780
vt 0.868825 0.924090
vt 0.027906 0.988683
vt 0.996827 0.997104
vt 0.993102 0.996472
vt 0.996827 0.991663
vt 0.890174 0.194685
vt 0.886681 0.190634
vt 0.888714 0.187511
vt 0.029737 0.991968
vt 0.880077 0.930419
vt 0.882684 0.182492
vt 0.877085 0.184288
vt 0.030640 0.974912
vt 0.876346 0.177481
vt 0.877421 0.424813
vt 0.864351 0.424431
vt 0.874439 0.422600
vt 0.877966 0.923321
vt 0.887234 0.933701
vt 0.863949 0.417770
vt 0.910236 0.191730
vt 0.907188 0.189887
vt 0.910236 0.185054
vt 0.867159 0.917822
vt 0.905924 0.937528
vt 0.903416 0.933177
vt 0.905017 0.927236
vt 0.963354 0.419028
vt 0.965834 0.406485
vt 0.970712 0.417609
vt 0.880283 0.920881
vt 0.392110 0.579804
vt 0.403984 0.576900
vt 0.393820 0.585083
vt 0.380754 0.581713
vt 0.401734 0.595043
vt 0.405887 0.588826
vt 0.744078 0.035078
vt 0.738298 0.042280
vt 0.742894 0.031368
vt 0.405658 0.599798
vt 0.405611 0.610961
vt 0.390477 0.607929
vt 0.744681 0.049115
vt 0.736949 0.067314
vt 0.727893 0.061783
vt 0.732378 0.051521
vt 0.406344 0.622323
vt 0.397019 0.620832
vt 0.724475 0.072816
vt 0.723724 0.080976
vt 0.720927 0.082974
vt 0.747644 0.059151
vt 0.755376 0.042819
vt 0.729266 0.089094
vt 0.758780 0.052613
vt 0.741744 0.076937
vt 0.749855 0.074601
vt 0.766765 0.050689
vt 0.762163 0.059800
vt 0.757472 0.074844
vt 0.734640 0.099658
vt 0.744629 0.087902
vt 0.778185 0.067231
vt 0.754741 0.083812
vt 0.752173 0.091421
vt 0.741620 0.105894
vt 0.773136 0.082064
vt 0.749852 0.104712
vt 0.771316 0.091184
vt 0.765579 0.113582
vt 0.779955 0.081306
vt 0.784713 0.065840
vt 0.768881 0.103075
vt 0.777400 0.097132
vt 0.787967 0.081666
vt 0.785778 0.099824
vt 0.791232 0.082800
vt 0.748008 0.114332
vt 0.772212 0.113322
vt 0.615505 0.907163
vt 0.616334 0.892665
vt 0.618137 0.898503
vt 0.617511 0.907700
vt 0.636880 0.901622
vt 0.780320 0.115041
vt 0.784714 0.112181
vt 0.617349 0.915044
vt 0.769582 0.128134
vt 0.783228 0.121081
vt 0.780676 0.128083
vt 0.480996 0.600613
vt 0.472832 0.601508
vt 0.471221 0.585439
vt 0.481526 0.590582
vt 0.488611 0.584639
vt 0.500032 0.581451
vt 0.504906 0.582799
vt 0.476173 0.570770
vt 0.490335 0.560711
vt 0.323309 0.558707
vt 0.320806 0.573981
vt 0.316992 0.567179
vt 0.575068 0.988579
vt 0.564736 0.988579
vt 0.574501 0.973490
vt 0.508699 0.561148
vt 0.062324 0.550721
vt 0.503042 0.559663
vt 0.476418 0.560212
vt 0.470468 0.558959
vt 0.503008 0.556780
vt 0.490365 0.557003
vt 0.480759 0.556928
vt 0.060678 0.544028
vt 0.510214 0.554874
vt 0.157623 0.960195
vt 0.156127 0.964850
vt 0.149205 0.956998
vt 0.153269 0.944756
vt 0.159540 0.938336
vt 0.155110 0.935310
vt 0.162779 0.920270
vt 0.151829 0.924486
vt 0.158549 0.918001
vt 0.145961 0.963915
vt 0.767117 0.966141
vt 0.765899 0.967943
vt 0.760324 0.966257
vt 0.763649 0.958969
vt 0.772520 0.963948
vt 0.779145 0.966919
vt 0.787261 0.965574
vt 0.165586 0.955441
vt 0.162748 0.965401
vt 0.796871 0.968338
vt 0.792700 0.958843
vt 0.798073 0.966682
vt 0.165467 0.938320
vt 0.060783 0.536779
vt 0.050795 0.540922
vt 0.757075 0.966147
vt 0.759081 0.968338
vt 0.757449 0.957237
vt 0.663641 0.945673
vt 0.660150 0.961846
vt 0.660968 0.949875
vt 0.661944 0.963172
vt 0.781405 0.953368
vt 0.662064 0.932244
vt 0.894136 0.629303
vt 0.889560 0.645707
vt 0.890274 0.628720
vt 0.798675 0.956395
vt 0.328809 0.533978
vt 0.328811 0.539550
vt 0.324724 0.542834
vt 0.897964 0.613278
vt 0.889560 0.610988
vt 0.050459 0.522857
vt 0.044851 0.535203
vt 0.761021 0.949629
vt 0.167740 0.965069
vt 0.794130 0.948870
vt 0.175918 0.946784
vt 0.176847 0.962459
vt 0.172300 0.952192
vt 0.334762 0.529581
vt 0.241990 0.948201
vt 0.244829 0.955359
vt 0.241990 0.963668
vt 0.987576 0.433341
vt 0.987021 0.428149
vt 0.992792 0.433987
vt 0.244201 0.935659
vt 0.674087 0.962006
vt 0.662672 0.970014
vt 0.511930 0.552473
vt 0.519663 0.539675
vt 0.520926 0.551105
vt 0.672450 0.944415
vt 0.040605 0.529805
vt 0.041660 0.527688
vt 0.757801 0.947271
vt 0.237699 0.956897
vt 0.229924 0.946038
vt 0.239816 0.936269
vt 0.417820 0.548133
vt 0.425455 0.546677
vt 0.426065 0.555169
vt 0.172670 0.963023
vt 0.168534 0.938920
vt 0.234882 0.924016
vt 0.229924 0.932891
vt 0.562404 0.793562
vt 0.558284 0.781213
vt 0.562048 0.782742
vt 0.797549 0.946923
vt 0.171706 0.941243
vt 0.177755 0.934276
vt 0.562404 0.770334
vt 0.468107 0.977410
vt 0.463262 0.987556
vt 0.463262 0.971226
vt 0.174088 0.929143
vt 0.251000 0.932008
vt 0.528036 0.541813
vt 0.676767 0.930890
vt 0.038036 0.522756
vt 0.231894 0.956274
vt 0.606415 0.990698
vt 0.606415 0.997222
vt 0.603222 0.994878
vt 0.171009 0.966850
vt 0.032192 0.526969
vt 0.034600 0.518555
vt 0.410589 0.540562
vt 0.411931 0.536415
vt 0.250566 0.967922
vt 0.254234 0.940152
vt 0.987021 0.439930
vt 0.253786 0.995499
vt 0.258282 0.990568
vt 0.258282 0.997358
vt 0.509775 0.540170
vt 0.233088 0.960222
vt 0.792955 0.939361
vt 0.332128 0.522748
vt 0.336454 0.524304
vt 0.978137 0.096646
vt 0.981459 0.100544
vt 0.978137 0.108423
vt 0.509607 0.552700
vt 0.675200 0.971467
vt 0.063567 0.514689
vt 0.760790 0.940193
vt 0.762073 0.944566
vt 0.772199 0.945455
vt 0.254835 0.965843
vt 0.254649 0.958590
vt 0.785375 0.945977
vt 0.781600 0.937624
vt 0.249401 0.923190
vt 0.257166 0.924623
vt 0.533986 0.531153
vt 0.533727 0.537134
vt 0.764651 0.932581
vt 0.404253 0.535543
vt 0.343153 0.514943
vt 0.043647 0.506991
vt 0.538370 0.531157
vt 0.759688 0.933758
vt 0.338851 0.495698
vt 0.263739 0.927511
vt 0.261768 0.934826
vt 0.511268 0.524032
vt 0.428067 0.538952
vt 0.428566 0.531067
vt 0.763560 0.925047
vt 0.263548 0.963266
vt 0.263341 0.960325
vt 0.992126 0.391837
vt 0.998452 0.400560
vt 0.991211 0.400560
vt 0.778871 0.925754
vt 0.792257 0.932341
vt 0.071920 0.983795
vt 0.079325 0.983795
vt 0.076361 0.994902
vt 0.326981 0.501643
vt 0.262973 0.948130
vt 0.689679 0.968954
vt 0.691325 0.971287
vt 0.684254 0.948979
vt 0.684663 0.931785
vt 0.524836 0.524253
vt 0.419346 0.522059
vt 0.541706 0.523337
vt 0.031638 0.513644
vt 0.044282 0.496541
vt 0.544830 0.523983
vt 0.320809 0.511865
vt 0.399685 0.527947
vt 0.792295 0.922392
vt 0.269339 0.935990
vt 0.026541 0.503757
vt 0.409801 0.517758
vt 0.349208 0.506873
vt 0.270022 0.930727
vt 0.692052 0.961093
vt 0.430133 0.523242
vt 0.539624 0.515546
vt 0.402853 0.513720
vt 0.768963 0.917158
vt 0.268923 0.958065
vt 0.786476 0.916692
vt 0.691764 0.954157
vt 0.060270 0.503133
vt 0.690621 0.942852
vt 0.548917 0.517611
vt 0.189432 0.918022
vt 0.193306 0.918413
vt 0.188921 0.924198
vt 0.275672 0.954639
vt 0.353763 0.499393
vt 0.350606 0.494123
vt 0.276780 0.937313
vt 0.074892 0.503490
vt 0.692522 0.932717
vt 0.392208 0.519827
vt 0.020893 0.497266
vt 0.023873 0.491662
vt 0.340940 0.485787
vt 0.692663 0.941116
vt 0.313029 0.494313
vt 0.543965 0.512030
vt 0.394604 0.505788
vt 0.190684 0.912921
vt 0.198138 0.908815
vt 0.210628 0.916056
vt 0.509531 0.525692
vt 0.506603 0.521701
vt 0.693696 0.971467
vt 0.199722 0.946434
vt 0.189300 0.955440
vt 0.188921 0.948519
vt 0.191448 0.935367
vt 0.202277 0.929586
vt 0.193387 0.926613
vt 0.513380 0.511782
vt 0.190399 0.927004
vt 0.528100 0.510072
vt 0.420139 0.505145
vt 0.279975 0.957260
vt 0.274914 0.961075
vt 0.986242 0.872324
vt 0.978737 0.872868
vt 0.992738 0.856170
vt 0.279166 0.935067
vt 0.191446 0.965716
vt 0.057899 0.493661
vt 0.037596 0.491060
vt 0.550879 0.512449
vt 0.404276 0.930159
vt 0.404276 0.919632
vt 0.405798 0.925123
vt 0.986522 0.851800
vt 0.977782 0.857428
vt 0.357694 0.491423
vt 0.356621 0.489300
vt 0.363384 0.484442
vt 0.508621 0.503404
vt 0.519133 0.499013
vt 0.408250 0.503503
vt 0.195195 0.904508
vt 0.967354 0.632858
vt 0.973105 0.645836
vt 0.965901 0.645836
vt 0.204754 0.905694
vt 0.985740 0.847713
vt 0.991544 0.852904
vt 0.974504 0.871173
vt 0.429318 0.511693
vt 0.433934 0.521787
vt 0.026141 0.476757
vt 0.034516 0.479655
vt 0.189535 0.897538
vt 0.387292 0.516146
vt 0.388439 0.497418
vt 0.555853 0.508342
vt 0.554737 0.503988
vt 0.561306 0.501024
vt 0.211470 0.897256
vt 0.346888 0.480097
vt 0.022407 0.474236
vt 0.018018 0.485393
vt 0.011451 0.477710
vt 0.996981 0.707719
vt 0.990356 0.709015
vt 0.996981 0.699156
vt 0.986948 0.701735
vt 0.349143 0.472724
vt 0.357427 0.478978
vt 0.363047 0.475767
vt 0.367347 0.479475
vt 0.503230 0.505090
vt 0.548999 0.497112
vt 0.405267 0.501207
vt 0.990586 0.697376
vt 0.974504 0.844709
vt 0.512389 0.812231
vt 0.513422 0.805188
vt 0.526192 0.810945
vt 0.432280 0.506586
vt 0.437405 0.515235
vt 0.427389 0.505664
vt 0.416901 0.499117
vt 0.205710 0.896199
vt 0.354211 0.470374
vt 0.373265 0.471054
vt 0.523433 0.804261
vt 0.536246 0.805823
vt 0.511469 0.495634
vt 0.054519 0.482688
vt 0.539222 0.489338
vt 0.322218 0.478833
vt 0.331264 0.476024
vt 0.193842 0.889680
vt 0.544750 0.758969
vt 0.548906 0.765854
vt 0.545249 0.768160
vt 0.375439 0.499827
vt 0.383649 0.495864
vt 0.382386 0.505262
vt 0.550821 0.755904
vt 0.555285 0.767201
vt 0.001087 0.469113
vt 0.010730 0.466362
vt 0.005027 0.462310
vt 0.525696 0.802377
vt 0.533983 0.799830
vt 0.080178 0.491854
vt 0.069494 0.488631
vt 0.403732 0.495317
vt 0.406679 0.496307
vt 0.397746 0.494807
vt 0.037663 0.464883
vt 0.024315 0.460489
vt 0.377573 0.488458
vt 0.003596 0.989424
vt 0.001998 0.993349
vt 0.003142 0.984314
vt 0.367741 0.460988
vt 0.516471 0.797769
vt 0.442009 0.499201
vt 0.063682 0.474819
vt 0.053471 0.461373
vt 0.533905 0.485963
vt 0.312094 0.478061
vt 0.045701 0.462930
vt 0.414122 0.494176
vt 0.395574 0.488804
vt 0.554852 0.488442
vt 0.552669 0.489208
vt 0.336538 0.473335
vt 0.562562 0.491752
vt 0.556109 0.755711
vt 0.359618 0.463902
vt 0.008294 0.986995
vt 0.008311 0.983423
vt 0.536493 0.798351
vt 0.001998 0.982362
vt 0.971735 0.470118
vt 0.971735 0.476537
vt 0.965405 0.472262
vt 0.526817 0.487946
vt 0.324028 0.468145
vt 0.332069 0.469556
vt 0.389961 0.480464
vt 0.555399 0.745931
vt 0.528169 0.793898
vt 0.529936 0.799518
vt 0.526498 0.801459
vt 0.513540 0.794215
vt 0.432819 0.497115
vt 0.423183 0.487555
vt 0.794618 0.978369
vt 0.787158 0.978509
vt 0.789414 0.971190
vt 0.784014 0.976153
vt 0.784553 0.978988
vt 0.783960 0.970513
vt 0.398045 0.492455
vt 0.968861 0.502399
vt 0.969597 0.505931
vt 0.968033 0.508506
vt 0.333898 0.464834
vt 0.341225 0.460809
vt 0.352808 0.456354
vt 0.007774 0.454622
vt 0.524915 0.791115
vt 0.074262 0.981026
vt 0.080414 0.972342
vt 0.080047 0.981621
vt 0.530690 0.790854
vt 0.530750 0.800133
vt 0.519298 0.788413
vt 0.091025 0.483441
vt 0.503933 0.491759
vt 0.783960 0.986866
vt 0.792300 0.985503
vt 0.205649 0.880704
vt 0.211403 0.880233
vt 0.385080 0.480436
vt 0.545962 0.745694
vt 0.074254 0.962620
vt 0.071920 0.975428
vt 0.533327 0.785586
vt 0.703163 0.414173
vt 0.710372 0.418083
vt 0.709302 0.423343
vt 0.453710 0.909504
vt 0.455698 0.923128
vt 0.451009 0.918442
vt 0.547784 0.479406
vt 0.408060 0.492279
vt 0.399925 0.492737
vt 0.401222 0.482098
vt 0.974749 0.505521
vt 0.559951 0.478343
vt 0.344925 0.457097
vt 0.536439 0.790258
vt 0.359344 0.451642
vt 0.516317 0.779600
vt 0.513868 0.480708
vt 0.710594 0.412320
vt 0.442567 0.914306
vt 0.314050 0.465087
vt 0.031413 0.460880
vt 0.188922 0.879804
vt 0.395334 0.480551
vt 0.553715 0.471886
vt 0.377146 0.478624
vt 0.562395 0.478484
vt 0.014121 0.450274
vt 0.076731 0.474053
vt 0.410215 0.476946
vt 0.413913 0.480437
vt 0.414385 0.489927
vt 0.417708 0.485490
vt 0.974746 0.494772
vt 0.071920 0.965918
vt 0.528041 0.784387
vt 0.010040 0.445718
vt 0.536342 0.781077
vt 0.494590 0.483756
vt 0.434558 0.486120
vt 0.427374 0.486014
vt 0.429208 0.491809
vt 0.551611 0.471616
vt 0.336389 0.440678
vt 0.023310 0.448559
vt 0.550984 0.741736
vt 0.512710 0.772098
vt 0.487589 0.474197
vt 0.506984 0.483721
vt 0.446929 0.489962
vt 0.062850 0.455215
vt 0.446721 0.898051
vt 0.403298 0.466155
vt 0.968273 0.494162
vt 0.192750 0.872084
vt 0.378396 0.471095
vt 0.555528 0.738335
vt 0.106770 0.953997
vt 0.106770 0.943949
vt 0.108913 0.947060
vt 0.080147 0.962611
vt 0.527519 0.781116
vt 0.523158 0.778480
vt 0.530622 0.781121
vt 0.362890 0.439416
vt 0.429185 0.479088
vt 0.039189 0.447732
vt 0.329270 0.450891
vt 0.035815 0.438732
vt 0.396860 0.470078
vt 0.709207 0.405395
vt 0.441449 0.904882
vt 0.419186 0.475283
vt 0.539278 0.463666
vt 0.559295 0.661379
vt 0.559295 0.633314
vt 0.562339 0.655437
vt 0.322258 0.449321
vt 0.386173 0.459494
vt 0.551143 0.721802
vt 0.529725 0.781108
vt 0.351419 0.438765
vt 0.077878 0.956721
vt 0.529434 0.775215
vt 0.536171 0.771368
vt 0.533600 0.771893
vt 0.518280 0.467296
vt 0.527085 0.469205
vt 0.315628 0.447449
vt 0.968033 0.483604
vt 0.211410 0.865187
vt 0.557601 0.463969
vt 0.546501 0.729932
vt 0.085039 0.459828
vt 0.501450 0.476661
vt 0.439760 0.476038
vt 0.073100 0.456169
vt 0.703322 0.397285
vt 0.425694 0.470729
vt 0.455758 0.899193
vt 0.973634 0.478801
vt 0.391978 0.465525
vt 0.204926 0.859748
vt 0.021101 0.431114
vt 0.012147 0.436242
vt 0.527893 0.771246
vt 0.356661 0.440541
vt 0.044382 0.443938
vt 0.192400 0.861500
vt 0.560627 0.462799
vt 0.380235 0.454609
vt 0.344172 0.441575
vt 0.096818 0.461176
vt 0.508578 0.465587
vt 0.532722 0.454751
vt 0.438426 0.901678
vt 0.053183 0.435948
vt 0.551376 0.461025
vt 0.555524 0.721764
vt 0.513389 0.766736
vt 0.433092 0.464292
vt 0.429635 0.467149
vt 0.709555 0.393433
vt 0.392274 0.454539
vt 0.027052 0.433615
vt 0.535191 0.764752
vt 0.360572 0.434413
vt 0.093382 0.450490
vt 0.492807 0.470047
vt 0.058953 0.440336
vt 0.441109 0.878926
vt 0.453336 0.888456
vt 0.456116 0.888097
vt 0.410414 0.452703
vt 0.398276 0.454321
vt 0.396079 0.455357
vt 0.537381 0.764497
vt 0.350794 0.432246
vt 0.519276 0.763386
vt 0.070399 0.442984
vt 0.421186 0.464299
vt 0.446620 0.877945
vt 0.414749 0.454480
vt 0.557206 0.452571
vt 0.544631 0.719565
vt 0.437140 0.450304
vt 0.443733 0.462012
vt 0.305400 0.440937
vt 0.388353 0.444407
vt 0.339142 0.426693
vt 0.521814 0.756565
vt 0.995638 0.224570
vt 0.991633 0.230838
vt 0.989617 0.224570
vt 0.500798 0.460129
vt 0.513244 0.457970
vt 0.703162 0.384508
vt 0.426820 0.457974
vt 0.453920 0.877480
vt 0.549648 0.441856
vt 0.545073 0.711989
vt 0.028227 0.425911
vt 0.525964 0.449365
vt 0.046288 0.422101
vt 0.541139 0.445107
vt 0.325669 0.434875
vt 0.551982 0.712487
vt 0.535544 0.757910
vt 0.487849 0.460582
vt 0.079536 0.440170
vt 0.419481 0.453520
vt 0.423997 0.453176
vt 0.404542 0.442210
vt 0.049956 0.420098
vt 0.315665 0.428051
vt 0.532392 0.754775
vt 0.518568 0.754283
vt 0.989133 0.940521
vt 0.994061 0.944120
vt 0.989133 0.950986
vt 0.430458 0.452111
vt 0.710264 0.378352
vt 0.308757 0.429464
vt 0.397975 0.442402
vt 0.558243 0.436182
vt 0.032055 0.422602
vt 0.497715 0.452442
vt 0.088649 0.442240
vt 0.041413 0.417257
vt 0.560247 0.444836
vt 0.554839 0.703945
vt 0.071849 0.421250
vt 0.065322 0.416161
vt 0.321285 0.416792
vt 0.395343 0.433593
vt 0.537427 0.753891
vt 0.524107 0.745022
vt 0.515663 0.762661
vt 0.515371 0.743695
vt 0.102551 0.442050
vt 0.505813 0.444154
vt 0.704425 0.371019
vt 0.428697 0.444567
vt 0.446680 0.865173
vt 0.452053 0.861987
vt 0.542735 0.434591
vt 0.380232 0.436746
vt 0.545319 0.697866
vt 0.550585 0.700008
vt 0.087190 0.431954
vt 0.443265 0.441226
vt 0.519412 0.439380
vt 0.513135 0.444143
vt 0.421555 0.439295
vt 0.454444 0.863143
vt 0.328338 0.413564
vt 0.553244 0.698267
vt 0.532125 0.742965
vt 0.475516 0.448954
vt 0.108553 0.439345
vt 0.493086 0.442726
vt 0.430473 0.445184
vt 0.710681 0.371411
vt 0.426635 0.439764
vt 0.299854 0.421830
vt 0.300044 0.440915
vt 0.532412 0.428414
vt 0.382930 0.428919
vt 0.537687 0.735517
vt 0.542430 0.703275
vt 0.344827 0.414115
vt 0.479679 0.890134
vt 0.079367 0.427796
vt 0.434902 0.438990
vt 0.059439 0.415194
vt 0.459178 0.865532
vt 0.466392 0.860490
vt 0.466133 0.873163
vt 0.548779 0.429211
vt 0.334325 0.408258
vt 0.378912 0.430956
vt 0.520056 0.736216
vt 0.481957 0.438188
vt 0.101437 0.425901
vt 0.499855 0.432917
vt 0.798008 0.418982
vt 0.802638 0.419578
vt 0.798311 0.425562
vt 0.418130 0.428749
vt 0.399149 0.426944
vt 0.314840 0.413922
vt 0.037322 0.404935
vt 0.391321 0.420685
vt 0.405573 0.869518
vt 0.404019 0.875889
vt 0.404019 0.868416
vt 0.710286 0.363959
vt 0.441609 0.853022
vt 0.446445 0.848153
vt 0.551460 0.423376
vt 0.526608 0.731037
vt 0.475092 0.434144
vt 0.525450 0.419539
vt 0.415793 0.420833
vt 0.460239 0.852009
vt 0.390629 0.414542
vt 0.545568 0.685224
vt 0.340795 0.395934
vt 0.106671 0.425922
vt 0.494375 0.427951
vt 0.510215 0.428554
vt 0.704566 0.355245
vt 0.702191 0.366327
vt 0.540045 0.415897
vt 0.405643 0.425900
vt 0.045904 0.399123
vt 0.318125 0.394845
vt 0.549785 0.684537
vt 0.516321 0.725081
vt 0.471391 0.435096
vt 0.496365 0.880919
vt 0.096614 0.420663
vt 0.504293 0.425916
vt 0.084787 0.410265
vt 0.798736 0.412287
vt 0.405278 0.862721
vt 0.305909 0.405405
vt 0.052027 0.405817
vt 0.557512 0.419409
vt 0.561347 0.430643
vt 0.553454 0.676908
vt 0.380780 0.409676
vt 0.711485 0.358162
vt 0.423323 0.427729
vt 0.426247 0.424202
vt 0.544110 0.420977
vt 0.547133 0.416350
vt 0.003034 0.908505
vt 0.007800 0.908151
vt 0.008795 0.920978
vt 0.324676 0.397888
vt 0.534528 0.727720
vt 0.522480 0.722901
vt 0.119572 0.429022
vt 0.093022 0.413180
vt 0.516786 0.427700
vt 0.440726 0.421160
vt 0.802638 0.404210
vt 0.702191 0.350770
vt 0.454635 0.851483
vt 0.465770 0.847560
vt 0.403936 0.416746
vt 0.395606 0.420734
vt 0.541475 0.686496
vt 0.385042 0.407971
vt 0.504695 0.869165
vt 0.494713 0.861826
vt 0.115178 0.416554
vt 0.486667 0.427355
vt 0.452141 0.835893
vt 0.454392 0.845195
vt 0.063967 0.398444
vt 0.310240 0.391795
vt 0.526434 0.717865
vt 0.330881 0.392483
vt 0.588802 0.083883
vt 0.596361 0.091705
vt 0.480281 0.863595
vt 0.451920 0.423916
vt 0.511642 0.412923
vt 0.711434 0.349862
vt 0.423305 0.421424
vt 0.296587 0.401670
vt 0.550451 0.408817
vt 0.542153 0.668195
vt 0.594372 0.082325
vt 0.478006 0.421460
vt 0.435218 0.423725
vt 0.079159 0.398562
vt 0.399512 0.404475
vt 0.001992 0.902446
vt 0.534915 0.712379
vt 0.122452 0.412410
vt 0.506718 0.405341
vt 0.516054 0.405226
vt 0.703882 0.343102
vt 0.531632 0.409842
vt 0.293906 0.421960
vt 0.058468 0.386329
vt 0.395989 0.408037
vt 0.554606 0.399236
vt 0.537318 0.716804
vt 0.557445 0.401096
vt 0.544979 0.668724
vt 0.584748 0.081435
vt 0.431315 0.423680
vt 0.431261 0.431979
vt 0.711064 0.339929
vt 0.427545 0.416614
vt 0.425073 0.409874
vt 0.290030 0.407706
vt 0.410817 0.405202
vt 0.007341 0.895463
vt 0.548530 0.666781
vt 0.112904 0.404957
vt 0.103135 0.403237
vt 0.439004 0.845309
vt 0.422085 0.411993
vt 0.301632 0.392102
vt 0.459910 0.827177
vt 0.545696 0.402208
vt 0.547201 0.400786
vt 0.041430 0.386681
vt 0.391934 0.401118
vt 0.516208 0.709743
vt 0.983720 0.690983
vt 0.974402 0.683166
vt 0.984774 0.684852
vt 0.485589 0.414303
vt 0.496941 0.411747
vt 0.096730 0.394609
vt 0.088953 0.388921
vt 0.445403 0.826667
vt 0.407199 0.393841
vt 0.542205 0.396211
vt 0.001845 0.888964
vt 0.337093 0.381038
vt 0.584983 0.066354
vt 0.506879 0.857489
vt 0.500807 0.403585
vt 0.445220 0.405288
vt 0.437001 0.409876
vt 0.075734 0.382283
vt 0.465254 0.833362
vt 0.053581 0.375839
vt 0.547907 0.394002
vt 0.474353 0.414711
vt 0.470777 0.417515
vt 0.430976 0.413730
vt 0.321667 0.374022
vt 0.383791 0.392052
vt 0.525213 0.702418
vt 0.492778 0.846137
vt 0.982190 0.335806
vt 0.986588 0.327362
vt 0.986588 0.346941
vt 0.441840 0.401619
vt 0.438587 0.828818
vt 0.396419 0.391167
vt 0.578409 0.063934
vt 0.452238 0.401765
vt 0.084199 0.387209
vt 0.703975 0.324974
vt 0.529288 0.390201
vt 0.429412 0.398534
vt 0.417148 0.404392
vt 0.290206 0.385119
vt 0.538651 0.391104
vt 0.006013 0.878630
vt 0.534031 0.697266
vt 0.516223 0.695649
vt 0.080414 0.922232
vt 0.966320 0.683771
vt 0.971824 0.693862
vt 0.593409 0.063974
vt 0.599231 0.073812
vt 0.595136 0.071816
vt 0.435090 0.397971
vt 0.710354 0.324097
vt 0.441184 0.819324
vt 0.425029 0.398910
vt 0.292587 0.399212
vt 0.544819 0.390491
vt 0.305898 0.373314
vt 0.313750 0.369323
vt 0.040175 0.381909
vt 0.049200 0.364885
vt 0.570251 0.058125
vt 0.588293 0.062122
vt 0.470468 0.405634
vt 0.506386 0.845603
vt 0.120747 0.397311
vt 0.476395 0.405669
vt 0.492517 0.400612
vt 0.482124 0.402829
vt 0.110699 0.387336
vt 0.522527 0.387770
vt 0.451891 0.822650
vt 0.062578 0.371033
vt 0.301315 0.376985
vt 0.465288 0.821615
vt 0.400761 0.388579
vt 0.546241 0.653469
vt 0.334174 0.367250
vt 0.551985 0.654722
vt 0.554695 0.659114
vt 0.134234 0.405751
vt 0.982813 0.365121
vt 0.075611 0.919040
vt 0.581166 0.053304
vt 0.589914 0.057811
vt 0.596936 0.060283
vt 0.474404 0.848028
vt 0.421018 0.395165
vt 0.417923 0.386234
vt 0.001087 0.868171
vt 0.542690 0.642054
vt 0.085153 0.371613
vt 0.284466 0.383356
vt 0.553620 0.377571
vt 0.393046 0.380340
vt 0.042898 0.367045
vt 0.131419 0.403336
vt 0.478755 0.402461
vt 0.474841 0.841505
vt 0.500717 0.396283
vt 0.511693 0.386986
vt 0.705630 0.317521
vt 0.450463 0.807222
vt 0.557090 0.374948
vt 0.525125 0.690162
vt 0.593403 0.051673
vt 0.472061 0.402963
vt 0.495816 0.843573
vt 0.505326 0.842940
vt 0.616234 0.988114
vt 0.615505 0.978582
vt 0.618091 0.970528
vt 0.629851 0.965857
vt 0.487694 0.842014
vt 0.626213 0.989886
vt 0.635219 0.983552
vt 0.636439 0.989576
vt 0.622849 0.989080
vt 0.628990 0.978109
vt 0.627384 0.959947
vt 0.616600 0.957601
vt 0.631304 0.976927
vt 0.632069 0.966883
vt 0.640624 0.983668
vt 0.368620 0.966033
vt 0.357180 0.963831
vt 0.367243 0.963543
vt 0.644308 0.989886
vt 0.356336 0.966112
vt 0.347832 0.963503
vt 0.630461 0.957489
vt 0.875466 0.992809
vt 0.875466 0.997013
vt 0.871833 0.993833
vt 0.445518 0.393796
vt 0.453271 0.398784
vt 0.505957 0.386343
vt 0.992969 0.333231
vt 0.988763 0.326027
vt 0.992969 0.321859
vt 0.433794 0.391226
vt 0.545609 0.378620
vt 0.398163 0.378376
vt 0.386581 0.373800
vt 0.381085 0.387450
vt 0.550803 0.637432
vt 0.135923 0.402883
vt 0.570185 0.054926
vt 0.959409 0.807517
vt 0.961788 0.801267
vt 0.961788 0.810730
vt 0.100174 0.378702
vt 0.439058 0.388034
vt 0.411262 0.379397
vt 0.402078 0.382377
vt 0.007880 0.865699
vt 0.001887 0.861301
vt 0.323904 0.360820
vt 0.516343 0.679241
vt 0.007396 0.969194
vt 0.004854 0.980187
vt 0.001998 0.971498
vt 0.129486 0.389182
vt 0.553859 0.951434
vt 0.560075 0.952616
vt 0.559033 0.957941
vt 0.362234 0.957701
vt 0.369201 0.957492
vt 0.348582 0.957742
vt 0.355018 0.958317
vt 0.454475 0.393098
vt 0.550895 0.978029
vt 0.551280 0.969221
vt 0.558213 0.973343
vt 0.430823 0.383950
vt 0.427053 0.383561
vt 0.287789 0.375834
vt 0.297226 0.369896
vt 0.540269 0.377423
vt 0.459472 0.808313
vt 0.065177 0.356649
vt 0.061882 0.344452
vt 0.547886 0.638893
vt 0.381846 0.370163
vt 0.139042 0.395097
vt 0.001998 0.961834
vt 0.005838 0.956885
vt 0.110385 0.990088
vt 0.112782 0.997679
vt 0.110385 0.998780
vt 0.980047 0.470400
vt 0.980129 0.461570
vt 0.984978 0.471672
vt 0.986304 0.463065
vt 0.983446 0.457244
vt 0.983211 0.454278
vt 0.496801 0.386947
vt 0.491324 0.397526
vt 0.487514 0.393772
vt 0.496789 0.396871
vt 0.744492 0.415990
vt 0.749168 0.425663
vt 0.743066 0.425845
vt 0.447777 0.384026
vt 0.438426 0.810649
vt 0.444244 0.806272
vt 0.280306 0.378217
vt 0.467080 0.809806
vt 0.232552 0.969219
vt 0.238769 0.970183
vt 0.237426 0.973829
vt 0.306718 0.367936
vt 0.235093 0.966154
vt 0.394335 0.373563
vt 0.046242 0.352123
vt 0.330932 0.351164
vt 0.533474 0.681970
vt 0.521042 0.680361
vt 0.569870 0.046608
vt 0.578645 0.049176
vt 0.957059 0.472341
vt 0.958598 0.470118
vt 0.963231 0.472030
vt 0.963231 0.476164
vt 0.141203 0.930076
vt 0.141703 0.923209
vt 0.143787 0.930564
vt 0.143787 0.921790
vt 0.142950 0.917685
vt 0.997335 0.863811
vt 0.994912 0.860832
vt 0.998262 0.858673
vt 0.995607 0.863721
vt 0.404691 0.944656
vt 0.406242 0.945725
vt 0.404691 0.948774
vt 0.994912 0.855383
vt 0.125090 0.380352
vt 0.995408 0.761746
vt 0.990963 0.761358
vt 0.995394 0.756213
vt 0.995408 0.751776
vt 0.980047 0.451095
vt 0.111098 0.987913
vt 0.112529 0.983328
vt 0.115387 0.984814
vt 0.501549 0.382272
vt 0.435965 0.379615
vt 0.076210 0.358178
vt 0.417694 0.381165
vt 0.423164 0.382270
vt 0.236218 0.983111
vt 0.233648 0.986704
vt 0.229924 0.978829
vt 0.008795 0.862304
vt 0.397192 0.374937
vt 0.229924 0.962396
vt 0.315080 0.360819
vt 0.555911 0.364518
vt 0.588297 0.048678
vt 0.601337 0.042791
vt 0.115387 0.991048
vt 0.956922 0.476551
vt 0.188922 0.997151
vt 0.191081 0.991634
vt 0.193935 0.997151
vt 0.990963 0.781478
vt 0.990963 0.776133
vt 0.993985 0.780148
vt 0.280194 0.975673
vt 0.279509 0.982537
vt 0.276600 0.979409
vt 0.276568 0.973771
vt 0.280194 0.970097
vt 0.013566 0.996927
vt 0.010969 0.994696
vt 0.013566 0.991101
vt 0.866690 0.993978
vt 0.863422 0.997108
vt 0.863422 0.992807
vt 0.559189 0.945012
vt 0.555019 0.945234
vt 0.367402 0.951293
vt 0.358896 0.952887
vt 0.749168 0.411633
vt 0.094383 0.371536
vt 0.280369 0.379964
vt 0.280405 0.389014
vt 0.273581 0.382195
vt 0.445737 0.793658
vt 0.285573 0.371467
vt 0.532666 0.371060
vt 0.288965 0.370069
vt 0.459477 0.798874
vt 0.325632 0.351554
vt 0.581973 0.042642
vt 0.594237 0.042157
vt 0.163674 0.910611
vt 0.168183 0.910611
vt 0.164616 0.915814
vt 0.993610 0.421762
vt 0.997602 0.422686
vt 0.992713 0.425891
vt 0.952176 0.198901
vt 0.957509 0.199124
vt 0.955084 0.207262
vt 0.489902 0.385273
vt 0.088075 0.362059
vt 0.514117 0.378180
vt 0.279402 0.370810
vt 0.410064 0.379301
vt 0.418688 0.377152
vt 0.291918 0.363523
vt 0.412562 0.371879
vt 0.994623 0.961936
vt 0.994623 0.953269
vt 0.997476 0.960734
vt 0.299458 0.360583
vt 0.055339 0.340259
vt 0.323944 0.356375
vt 0.050486 0.334072
vt 0.991269 0.181311
vt 0.986562 0.186632
vt 0.988823 0.179850
vt 0.546423 0.629044
vt 0.905718 0.840960
vt 0.903739 0.836181
vt 0.905718 0.832224
vt 0.580225 0.042126
vt 0.162600 0.978441
vt 0.159931 0.982664
vt 0.158202 0.978531
vt 0.749486 0.958569
vt 0.744963 0.960160
vt 0.745021 0.956415
vt 0.165740 0.973815
vt 0.900121 0.993692
vt 0.905339 0.994833
vt 0.899935 0.998093
vt 0.758158 0.997331
vt 0.755888 0.993951
vt 0.758158 0.989202
vt 0.166446 0.969025
vt 0.989037 0.392230
vt 0.985703 0.384310
vt 0.989037 0.379696
vt 0.899935 0.990248
vt 0.998173 0.415814
vt 0.984987 0.382300
vt 0.391918 0.979816
vt 0.392956 0.984812
vt 0.389249 0.983307
vt 0.396923 0.985139
vt 0.397216 0.978453
vt 0.111098 0.976765
vt 0.360670 0.943180
vt 0.350039 0.948526
vt 0.356864 0.941568
vt 0.343558 0.949084
vt 0.505763 0.369968
vt 0.273803 0.371458
vt 0.433168 0.367883
vt 0.523124 0.365062
vt 0.285316 0.367198
vt 0.544978 0.368770
vt 0.991269 0.192099
vt 0.387181 0.363259
vt 0.798008 0.391490
vt 0.801370 0.400250
vt 0.798522 0.402036
vt 0.132220 0.376675
vt 0.583693 0.039685
vt 0.977728 0.060305
vt 0.971646 0.061945
vt 0.978774 0.056348
vt 0.966403 0.057118
vt 0.378882 0.979144
vt 0.383158 0.978156
vt 0.383465 0.982024
vt 0.751806 0.954647
vt 0.991622 0.152479
vt 0.994458 0.154113
vt 0.989585 0.157688
vt 0.989585 0.146824
vt 0.995733 0.152433
vt 0.956923 0.436136
vt 0.963208 0.434267
vt 0.957874 0.438731
vt 0.989909 0.417585
vt 0.989909 0.423295
vt 0.121234 0.370470
vt 0.111575 0.970508
vt 0.970601 0.442563
vt 0.967041 0.428149
vt 0.553302 0.936763
vt 0.497649 0.370103
vt 0.108706 0.365713
vt 0.449986 0.791188
vt 0.069935 0.341343
vt 0.467104 0.799936
vt 0.523586 0.667552
vt 0.960931 0.063612
vt 0.578062 0.037486
vt 0.141815 0.378709
vt 0.966478 0.058200
vt 0.745806 0.947603
vt 0.699500 0.963052
vt 0.699500 0.971411
vt 0.695870 0.966827
vt 0.393683 0.974932
vt 0.395110 0.966887
vt 0.557738 0.932444
vt 0.898934 0.188063
vt 0.901641 0.177481
vt 0.903465 0.188795
vt 0.957460 0.180323
vt 0.963202 0.184614
vt 0.095967 0.356967
vt 0.279417 0.364560
vt 0.811262 0.977065
vt 0.815215 0.970428
vt 0.815610 0.975534
vt 0.427953 0.369961
vt 0.988763 0.346941
vt 0.988763 0.335405
vt 0.992736 0.342158
vt 0.421250 0.360176
vt 0.546862 0.358550
vt 0.552208 0.354051
vt 0.801120 0.389264
vt 0.320479 0.345916
vt 0.322383 0.344085
vt 0.982804 0.057409
vt 0.571172 0.030046
vt 0.944304 0.803966
vt 0.946678 0.801267
vt 0.946678 0.810751
vt 0.166446 0.988765
vt 0.748812 0.940907
vt 0.692598 0.418811
vt 0.699256 0.422167
vt 0.694644 0.425910
vt 0.364536 0.943877
vt 0.369423 0.942924
vt 0.141064 0.933791
vt 0.143787 0.938422
vt 0.141064 0.945444
vt 0.971115 0.436230
vt 0.973572 0.443271
vt 0.488687 0.369854
vt 0.350786 0.930385
vt 0.343145 0.936656
vt 0.269625 0.366003
vt 0.082809 0.347020
vt 0.291064 0.353459
vt 0.539752 0.367998
vt 0.459564 0.785519
vt 0.541560 0.631591
vt 0.551589 0.625429
vt 0.516661 0.659234
vt 0.963292 0.455989
vt 0.753829 0.947539
vt 0.753519 0.942626
vt 0.370177 0.941125
vt 0.370749 0.943693
vt 0.367249 0.941873
vt 0.519924 0.996648
vt 0.517937 0.994701
vt 0.519924 0.993068
vt 0.345735 0.996775
vt 0.343145 0.992447
vt 0.347424 0.991321
vt 0.512935 0.368824
vt 0.805989 0.380673
vt 0.806282 0.371207
vt 0.812862 0.369209
vt 0.533099 0.663428
vt 0.577804 0.018493
vt 0.383388 0.968126
vt 0.700017 0.415056
vt 0.343145 0.996964
vt 0.364673 0.930628
vt 0.560075 0.925706
vt 0.981889 0.905397
vt 0.986813 0.917778
vt 0.981889 0.924132
vt 0.347944 0.935381
vt 0.440679 0.360419
vt 0.294498 0.351941
vt 0.466134 0.784947
vt 0.798715 0.379318
vt 0.387471 0.351111
vt 0.381942 0.358150
vt 0.328000 0.331339
vt 0.321608 0.329523
vt 0.168117 0.882581
vt 0.163674 0.886399
vt 0.165287 0.879084
vt 0.699737 0.408770
vt 0.692142 0.416218
vt 0.973751 0.420868
vt 0.978540 0.410974
vt 0.979361 0.424257
vt 0.994326 0.837719
vt 0.994326 0.832985
vt 0.997228 0.836547
vt 0.019328 0.991101
vt 0.016231 0.996823
vt 0.015740 0.991101
vt 0.550895 0.937356
vt 0.552344 0.930932
vt 0.893002 0.189856
vt 0.896519 0.195792
vt 0.893453 0.194452
vt 0.369965 0.937186
vt 0.107829 0.352471
vt 0.449261 0.371623
vt 0.092139 0.349491
vt 0.271864 0.345804
vt 0.556424 0.351243
vt 0.800661 0.379064
vt 0.542005 0.618353
vt 0.802208 0.378828
vt 0.803547 0.387865
vt 0.320881 0.335103
vt 0.851626 0.947924
vt 0.140556 0.365812
vt 0.692572 0.411767
vt 0.971703 0.454017
vt 0.177647 0.994130
vt 0.176930 0.991099
vt 0.177647 0.990544
vt 0.691778 0.412276
vt 0.893944 0.195494
vt 0.141485 0.932739
vt 0.936161 0.992495
vt 0.939271 0.984225
vt 0.939015 0.989980
vt 0.977597 0.455026
vt 0.496259 0.363525
vt 0.509037 0.361538
vt 0.538808 0.354673
vt 0.293149 0.346017
vt 0.543368 0.353847
vt 0.548286 0.611380
vt 0.382299 0.347418
vt 0.571607 0.014891
vt 0.744963 0.933594
vt 0.166382 0.868677
vt 0.973469 0.412868
vt 0.996005 0.828856
vt 0.714184 0.995625
vt 0.713284 0.992693
vt 0.714983 0.993828
vt 0.711374 0.997982
vt 0.692057 0.410020
vt 0.694820 0.408583
vt 0.163685 0.996906
vt 0.158202 0.991108
vt 0.163685 0.990939
vt 0.893171 0.199999
vt 0.198482 0.993087
vt 0.196110 0.997015
vt 0.196110 0.991635
vt 0.995143 0.321859
vt 0.996902 0.324791
vt 0.995143 0.329750
vt 0.939271 0.994151
vt 0.369149 0.934974
vt 0.370749 0.933628
vt 0.985600 0.925186
vt 0.347296 0.928582
vt 0.518526 0.358590
vt 0.522027 0.351203
vt 0.286817 0.342298
vt 0.460564 0.777552
vt 0.552232 0.614690
vt 0.524937 0.651444
vt 0.042375 0.970848
vt 0.039332 0.973480
vt 0.380139 0.960144
vt 0.386627 0.959536
vt 0.164674 0.872826
vt 0.393334 0.962203
vt 0.128092 0.362196
vt 0.711374 0.990410
vt 0.836338 0.425927
vt 0.836338 0.418803
vt 0.838566 0.424957
vt 0.692835 0.406349
vt 0.692399 0.408764
vt 0.691513 0.402278
vt 0.635347 0.992061
vt 0.637861 0.994586
vt 0.635347 0.997218
vt 0.688895 0.397382
vt 0.688895 0.407366
vt 0.687936 0.403853
vt 0.369107 0.927218
vt 0.553572 0.921006
vt 0.163674 0.899981
vt 0.167197 0.896013
vt 0.167552 0.908437
vt 0.905014 0.202797
vt 0.115427 0.351804
vt 0.101921 0.346843
vt 0.263531 0.351750
vt 0.278546 0.342260
vt 0.811048 0.358071
vt 0.805721 0.365081
vt 0.854917 0.929212
vt 0.707811 0.996287
vt 0.707811 0.990410
vt 0.709199 0.993350
vt 0.935565 0.414080
vt 0.936243 0.407330
vt 0.146064 0.364155
vt 0.696832 0.402516
vt 0.753483 0.935075
vt 0.895751 0.198842
vt 0.122278 0.352676
vt 0.963583 0.171106
vt 0.357237 0.927571
vt 0.448172 0.358292
vt 0.455596 0.363930
vt 0.498798 0.354592
vt 0.087139 0.345795
vt 0.429167 0.354522
vt 0.081668 0.321788
vt 0.320452 0.313540
vt 0.943102 0.404200
vt 0.036867 0.966274
vt 0.044540 0.967676
vt 0.035152 0.964757
vt 0.040902 0.963845
vt 0.993141 0.221525
vt 0.990430 0.216999
vt 0.993978 0.211527
vt 0.989617 0.222395
vt 0.393391 0.956767
vt 0.972904 0.402823
vt 0.972432 0.464158
vt 0.893002 0.204702
vt 0.397216 0.952882
vt 0.396856 0.962250
vt 0.977873 0.458948
vt 0.163674 0.890599
vt 0.353301 0.923935
vt 0.973910 0.470118
vt 0.976511 0.474098
vt 0.973910 0.476570
vt 0.850384 0.209188
vt 0.847751 0.202279
vt 0.856047 0.207330
vt 0.180323 0.922744
vt 0.186747 0.919402
vt 0.182366 0.932012
vt 0.181283 0.917254
vt 0.506883 0.348437
vt 0.086608 0.335714
vt 0.421934 0.349193
vt 0.544187 0.344451
vt 0.552011 0.339482
vt 0.033652 0.971027
vt 0.857273 0.919773
vt 0.028599 0.955860
vt 0.028599 0.961639
vt 0.026085 0.958694
vt 0.932927 0.407420
vt 0.375439 0.953740
vt 0.381747 0.956260
vt 0.796792 0.978982
vt 0.796792 0.970513
vt 0.797863 0.972207
vt 0.997984 0.792654
vt 0.994154 0.792286
vt 0.997984 0.783653
vt 0.993522 0.787036
vt 0.669392 0.990394
vt 0.670379 0.990394
vt 0.670130 0.995751
vt 0.390951 0.951048
vt 0.163674 0.861301
vt 0.700017 0.397202
vt 0.750567 0.926140
vt 0.695683 0.397395
vt 0.364385 0.922711
vt 0.559199 0.915860
vt 0.957430 0.170348
vt 0.359235 0.921285
vt 0.487469 0.356629
vt 0.849871 0.201433
vt 0.948852 0.810674
vt 0.948852 0.801267
vt 0.952756 0.807670
vt 0.185443 0.931185
vt 0.435866 0.351041
vt 0.996057 0.061058
vt 0.996671 0.069925
vt 0.991205 0.070180
vt 0.991205 0.060317
vt 0.530511 0.345928
vt 0.072258 0.321183
vt 0.467372 0.775609
vt 0.065708 0.321935
vt 0.531580 0.648695
vt 0.567086 0.994522
vt 0.564736 0.997060
vt 0.564736 0.992458
vt 0.035982 0.966658
vt 0.564860 0.990753
vt 0.439393 0.926944
vt 0.438426 0.926944
vt 0.439253 0.925303
vt 0.965327 0.465589
vt 0.989617 0.212493
vt 0.127979 0.348886
vt 0.136397 0.350575
vt 0.976157 0.463370
vt 0.894936 0.208856
vt 0.904329 0.209330
vt 0.168155 0.892156
vt 0.111518 0.346918
vt 0.772539 0.419541
vt 0.777394 0.418764
vt 0.774116 0.422315
vt 0.772409 0.414193
vt 0.107378 0.346026
vt 0.185893 0.937694
vt 0.856290 0.205554
vt 0.856290 0.198893
vt 0.850269 0.196869
vt 0.893739 0.856527
vt 0.891404 0.844791
vt 0.898335 0.848428
vt 0.448844 0.352349
vt 0.515961 0.349712
vt 0.425765 0.345122
vt 0.535469 0.334853
vt 0.539585 0.346653
vt 0.546248 0.337581
vt 0.538736 0.641199
vt 0.539301 0.668516
vt 0.387762 0.328480
vt 0.798604 0.356707
vt 0.552337 0.601997
vt 0.949888 0.404967
vt 0.030627 0.970163
vt 0.938575 0.402707
vt 0.932254 0.405709
vt 0.035457 0.965091
vt 0.740243 0.418804
vt 0.739358 0.425211
vt 0.739358 0.418675
vt 0.381675 0.951210
vt 0.143989 0.354835
vt 0.746247 0.925978
vt 0.979361 0.403086
vt 0.981696 0.280672
vt 0.987409 0.279174
vt 0.991256 0.284447
vt 0.987696 0.287036
vt 0.551090 0.915965
vt 0.167256 0.888573
vt 0.983302 0.271993
vt 0.117880 0.349258
vt 0.961104 0.167936
vt 0.777874 0.425777
vt 0.185000 0.942307
vt 0.186747 0.942782
vt 0.182279 0.937326
vt 0.978916 0.262432
vt 0.976539 0.255952
vt 0.984128 0.264150
vt 0.777874 0.411090
vt 0.853684 0.195105
vt 0.900218 0.843607
vt 0.086372 0.325165
vt 0.286739 0.333506
vt 0.807149 0.351599
vt 0.061333 0.313610
vt 0.554511 0.330759
vt 0.541634 0.597801
vt 0.545289 0.596795
vt 0.382296 0.334700
vt 0.517574 0.638940
vt 0.579811 0.008804
vt 0.375477 0.950022
vt 0.387052 0.948308
vt 0.993195 0.290096
vt 0.997158 0.289210
vt 0.997158 0.296092
vt 0.991415 0.293384
vt 0.992199 0.299009
vt 0.890229 0.876493
vt 0.890408 0.880788
vt 0.887892 0.878089
vt 0.183414 0.952930
vt 0.183792 0.948101
vt 0.185727 0.951197
vt 0.979360 0.276897
vt 0.952176 0.165533
vt 0.973663 0.279438
vt 0.181993 0.941565
vt 0.983033 0.267525
vt 0.972002 0.276144
vt 0.973899 0.209268
vt 0.973899 0.202913
vt 0.978936 0.209058
vt 0.978916 0.203910
vt 0.201746 0.994337
vt 0.204923 0.996613
vt 0.202003 0.997140
vt 0.204923 0.991483
vt 0.971932 0.271592
vt 0.112578 0.344281
vt 0.107485 0.340912
vt 0.492651 0.353225
vt 0.502265 0.348297
vt 0.969537 0.262544
vt 0.973238 0.255016
vt 0.964717 0.278842
vt 0.896284 0.861590
vt 0.892182 0.863033
vt 0.897207 0.856593
vt 0.966070 0.257979
vt 0.986808 0.362888
vt 0.990449 0.357213
vt 0.993378 0.361397
vt 0.784993 0.414696
vt 0.781065 0.413352
vt 0.781937 0.410739
vt 0.854691 0.994531
vt 0.851626 0.997116
vt 0.851626 0.992806
vt 0.269839 0.918136
vt 0.264262 0.920951
vt 0.263201 0.917873
vt 0.443191 0.344221
vt 0.450371 0.342126
vt 0.969667 0.514145
vt 0.974078 0.513983
vt 0.968033 0.519605
vt 0.989543 0.349115
vt 0.982190 0.355446
vt 0.089834 0.997266
vt 0.083828 0.997266
vt 0.084389 0.990727
vt 0.974103 0.510680
vt 0.517645 0.343302
vt 0.993378 0.349931
vt 0.527698 0.339557
vt 0.420888 0.341711
vt 0.810377 0.350554
vt 0.801260 0.355769
vt 0.315281 0.312714
vt 0.323993 0.311437
vt 0.572409 0.006383
vt 0.977203 0.637536
vt 0.975279 0.634781
vt 0.977203 0.632858
vt 0.968671 0.467943
vt 0.897163 0.876480
vt 0.985840 0.526537
vt 0.985840 0.521825
vt 0.990052 0.523239
vt 0.399678 0.992331
vt 0.403010 0.996787
vt 0.399678 0.996888
vt 0.893388 0.868169
vt 0.897194 0.868285
vt 0.050359 0.978500
vt 0.049842 0.972762
vt 0.052415 0.971707
vt 0.256226 0.921016
vt 0.786542 0.415920
vt 0.786472 0.422232
vt 0.783714 0.419879
vt 0.983800 0.360600
vt 0.049842 0.967648
vt 0.510084 0.342955
vt 0.974103 0.526649
vt 0.964717 0.250854
vt 0.224499 0.915612
vt 0.231920 0.920575
vt 0.222050 0.921842
vt 0.102045 0.340866
vt 0.091248 0.334490
vt 0.096382 0.334137
vt 0.264116 0.333410
vt 0.515973 0.343482
vt 0.092035 0.328380
vt 0.537665 0.330850
vt 0.459805 0.761669
vt 0.525466 0.636487
vt 0.562294 0.840768
vt 0.558283 0.840284
vt 0.560937 0.836366
vt 0.899435 0.882870
vt 0.890630 0.886140
vt 0.114978 0.335458
vt 0.116773 0.341114
vt 0.790458 0.425885
vt 0.101690 0.331618
vt 0.707002 0.975914
vt 0.714034 0.971195
vt 0.710829 0.978923
vt 0.970663 0.251044
vt 0.983651 0.156379
vt 0.982902 0.160336
vt 0.977891 0.156379
vt 0.269254 0.908584
vt 0.275459 0.910304
vt 0.275656 0.914267
vt 0.584447 0.990697
vt 0.585818 0.994123
vt 0.584447 0.995272
vt 0.515959 0.340849
vt 0.285571 0.916685
vt 0.288728 0.912333
vt 0.293700 0.919764
vt 0.227237 0.912938
vt 0.433737 0.336473
vt 0.440487 0.341017
vt 0.428335 0.331589
vt 0.542912 0.329843
vt 0.860202 0.915777
vt 0.560528 0.854027
vt 0.558283 0.850920
vt 0.561636 0.850757
vt 0.861775 0.417965
vt 0.853940 0.425491
vt 0.853940 0.416622
vt 0.891955 0.890541
vt 0.989736 0.599160
vt 0.985612 0.602880
vt 0.980915 0.597037
vt 0.861087 0.409348
vt 0.854370 0.408532
vt 0.994581 0.969257
vt 0.997542 0.976241
vt 0.994581 0.978000
vt 0.666980 0.990725
vt 0.666980 0.997314
vt 0.661394 0.992537
vt 0.855633 0.402707
vt 0.981889 0.927360
vt 0.984400 0.933775
vt 0.981889 0.934772
vt 0.985519 0.927428
vt 0.121887 0.341384
vt 0.251612 0.993686
vt 0.246818 0.997376
vt 0.246818 0.990568
vt 0.250269 0.996940
vt 0.623871 0.993929
vt 0.626407 0.997299
vt 0.622051 0.997153
vt 0.701922 0.984319
vt 0.714983 0.983085
vt 0.675423 0.996622
vt 0.672553 0.998033
vt 0.672553 0.990394
vt 0.705700 0.969336
vt 0.454124 0.340627
vt 0.503642 0.342160
vt 0.979095 0.163325
vt 0.996055 0.568147
vt 0.992743 0.569970
vt 0.992743 0.560679
vt 0.218185 0.920928
vt 0.969001 0.054037
vt 0.964178 0.049911
vt 0.969001 0.040836
vt 0.096409 0.326498
vt 0.094788 0.333627
vt 0.096937 0.331560
vt 0.562339 0.595618
vt 0.558763 0.598124
vt 0.558284 0.594123
vt 0.283196 0.910517
vt 0.546236 0.798735
vt 0.544881 0.804700
vt 0.541535 0.801670
vt 0.541475 0.806595
vt 0.276522 0.325278
vt 0.810761 0.345646
vt 0.808041 0.337694
vt 0.551626 0.325711
vt 0.551757 0.590588
vt 0.995278 0.133611
vt 0.997168 0.137218
vt 0.995278 0.141208
vt 0.851626 0.911106
vt 0.576679 0.001087
vt 0.756576 0.006897
vt 0.752043 0.014248
vt 0.748207 0.010537
vt 0.985087 0.940962
vt 0.986925 0.936906
vt 0.982677 0.939541
vt 0.564736 0.970956
vt 0.570555 0.964610
vt 0.572187 0.971316
vt 0.986959 0.932920
vt 0.122154 0.339499
vt 0.701922 0.972298
vt 0.962460 0.993040
vt 0.962460 0.996691
vt 0.958880 0.994406
vt 0.577243 0.984389
vt 0.580993 0.983407
vt 0.582267 0.988733
vt 0.707550 0.988236
vt 0.891253 0.998158
vt 0.891253 0.990248
vt 0.897761 0.993363
vt 0.301221 0.918837
vt 0.305311 0.913394
vt 0.312668 0.914920
vt 0.984127 0.001087
vt 0.985975 0.008740
vt 0.983795 0.006570
vt 0.996030 0.264926
vt 0.995681 0.271449
vt 0.993430 0.269158
vt 0.790458 0.410447
vt 0.996648 0.718369
vt 0.996648 0.726256
vt 0.995161 0.723513
vt 0.993430 0.262225
vt 0.855304 0.186131
vt 0.223052 0.912119
vt 0.216925 0.903346
vt 0.295263 0.911101
vt 0.299423 0.919720
vt 0.992614 0.489076
vt 0.990814 0.485100
vt 0.992943 0.480230
vt 0.990458 0.488598
vt 0.955091 0.994557
vt 0.956706 0.993040
vt 0.956706 0.996793
vt 0.444734 0.335451
vt 0.561940 0.590431
vt 0.233169 0.915688
vt 0.226582 0.906153
vt 0.510827 0.335568
vt 0.519786 0.332972
vt 0.420351 0.336776
vt 0.466717 0.760953
vt 0.072453 0.297343
vt 0.532828 0.624556
vt 0.890735 0.900524
vt 0.892871 0.907598
vt 0.889544 0.903795
vt 0.405176 0.565704
vt 0.395285 0.570308
vt 0.396129 0.565604
vt 0.986182 0.620430
vt 0.986380 0.613568
vt 0.989736 0.616845
vt 0.402596 0.557343
vt 0.899474 0.898544
vt 0.762640 0.001087
vt 0.762815 0.008698
vt 0.583472 0.592143
vt 0.583273 0.583910
vt 0.590430 0.585480
vt 0.987600 0.015696
vt 0.988019 0.008015
vt 0.983795 0.014351
vt 0.622051 0.992061
vt 0.105000 0.916489
vt 0.105364 0.910092
vt 0.108924 0.915352
vt 0.498257 0.340829
vt 0.499623 0.338058
vt 0.547474 0.811356
vt 0.545784 0.811952
vt 0.545784 0.808770
vt 0.798506 0.982431
vt 0.796792 0.986727
vt 0.796792 0.981156
vt 0.256152 0.914500
vt 0.257510 0.907940
vt 0.299957 0.919752
vt 0.090974 0.914287
vt 0.099617 0.905391
vt 0.099422 0.913089
vt 0.213644 0.911841
vt 0.094303 0.903153
vt 0.085629 0.909190
vt 0.263175 0.906994
vt 0.990458 0.478801
vt 0.561212 0.584608
vt 0.559125 0.585843
vt 0.093271 0.320253
vt 0.544565 0.789885
vt 0.546923 0.790397
vt 0.421885 0.329768
vt 0.810230 0.338449
vt 0.283050 0.320040
vt 0.547270 0.317293
vt 0.381919 0.323238
vt 0.870589 0.912632
vt 0.864971 0.915262
vt 0.395864 0.575904
vt 0.979838 0.603907
vt 0.900218 0.891492
vt 0.984097 0.946948
vt 0.769081 0.003653
vt 0.251300 0.915498
vt 0.243287 0.917984
vt 0.245050 0.908959
vt 0.947514 0.051293
vt 0.956035 0.044860
vt 0.954043 0.054174
vt 0.582000 0.979584
vt 0.492973 0.337621
vt 0.490501 0.341591
vt 0.580119 0.979744
vt 0.311015 0.909193
vt 0.101165 0.912667
vt 0.102786 0.905579
vt 0.106684 0.977716
vt 0.106684 0.970013
vt 0.108355 0.974620
vt 0.120649 0.327141
vt 0.502713 0.324553
vt 0.292348 0.904890
vt 0.299392 0.902242
vt 0.082588 0.903458
vt 0.087458 0.903789
vt 0.441492 0.334275
vt 0.235379 0.902310
vt 0.239816 0.903962
vt 0.527429 0.324083
vt 0.533675 0.327062
vt 0.419754 0.329615
vt 0.076902 0.300303
vt 0.463228 0.753580
vt 0.388603 0.314817
vt 0.798281 0.343021
vt 0.800888 0.345631
vt 0.519019 0.626832
vt 0.516602 0.623578
vt 0.140472 0.974788
vt 0.140472 0.962415
vt 0.143787 0.966303
vt 0.980146 0.611010
vt 0.760523 0.018253
vt 0.749995 0.022462
vt 0.566763 0.954220
vt 0.129554 0.327347
vt 0.124449 0.343322
vt 0.306451 0.905376
vt 0.496509 0.333773
vt 0.454188 0.328848
vt 0.214193 0.900075
vt 0.224487 0.905822
vt 0.270313 0.891092
vt 0.227911 0.900057
vt 0.514211 0.325757
vt 0.281764 0.902061
vt 0.091657 0.316251
vt 0.088324 0.309637
vt 0.273205 0.315211
vt 0.466259 0.743656
vt 0.543246 0.312508
vt 0.541775 0.583651
vt 0.546614 0.583754
vt 0.383830 0.314130
vt 0.312567 0.302936
vt 0.528209 0.623783
vt 0.319790 0.296627
vt 0.960929 0.045808
vt 0.255244 0.902387
vt 0.579333 0.600347
vt 0.575833 0.598351
vt 0.104519 0.903489
vt 0.261762 0.899050
vt 0.450608 0.326737
vt 0.996371 0.335934
vt 0.995143 0.333378
vt 0.996371 0.331924
vt 0.286266 0.896647
vt 0.442212 0.323338
vt 0.098867 0.314540
vt 0.085001 0.299661
vt 0.067987 0.286107
vt 0.553901 0.316625
vt 0.757592 0.029985
vt 0.572643 0.958085
vt 0.582267 0.973490
vt 0.101653 0.903111
vt 0.498050 0.331837
vt 0.498092 0.327378
vt 0.499684 0.333527
vt 0.108195 0.968372
vt 0.116584 0.316474
vt 0.100372 0.898911
vt 0.083882 0.892825
vt 0.559612 0.574210
vt 0.562109 0.574025
vt 0.545747 0.781842
vt 0.426451 0.314545
vt 0.421720 0.321517
vt 0.459178 0.743419
vt 0.552719 0.581366
vt 0.767744 0.019083
vt 0.773936 0.008072
vt 0.959637 0.039272
vt 0.241990 0.902819
vt 0.243152 0.896009
vt 0.594800 0.604605
vt 0.495768 0.329029
vt 0.103436 0.900823
vt 0.980391 0.476570
vt 0.978686 0.476455
vt 0.980391 0.474012
vt 0.405184 0.992544
vt 0.408050 0.996864
vt 0.406414 0.996601
vt 0.408050 0.992331
vt 0.106003 0.311976
vt 0.292401 0.891042
vt 0.258822 0.315273
vt 0.279590 0.901463
vt 0.278109 0.889917
vt 0.282141 0.893581
vt 0.095000 0.310551
vt 0.522999 0.309556
vt 0.546296 0.309345
vt 0.543762 0.575024
vt 0.130254 0.317768
vt 0.948376 0.036090
vt 0.945072 0.045514
vt 0.492648 0.324051
vt 0.405909 0.860547
vt 0.404018 0.854684
vt 0.405909 0.846973
vt 0.849160 0.905426
vt 0.847759 0.913078
vt 0.847872 0.908061
vt 0.105695 0.898459
vt 0.100777 0.894997
vt 0.989551 0.159868
vt 0.992494 0.160178
vt 0.989551 0.162833
vt 0.224287 0.892908
vt 0.274028 0.306367
vt 0.535594 0.311631
vt 0.810148 0.325535
vt 0.538650 0.312528
vt 0.800074 0.329881
vt 0.310782 0.287602
vt 0.782392 0.014544
vt 0.498725 0.318380
vt 0.306086 0.892995
vt 0.090393 0.885291
vt 0.441043 0.313091
vt 0.543290 0.776895
vt 0.238264 0.890999
vt 0.433628 0.303029
vt 0.092232 0.296541
vt 0.529835 0.314199
vt 0.422687 0.308617
vt 0.282037 0.307718
vt 0.812862 0.317520
vt 0.812093 0.330416
vt 0.553714 0.305123
vt 0.556533 0.307877
vt 0.550239 0.567192
vt 0.767361 0.029813
vt 0.962004 0.032768
vt 0.959717 0.023318
vt 0.945826 0.028357
vt 0.311695 0.892032
vt 0.254360 0.891712
vt 0.260466 0.884114
vt 0.234028 0.884406
vt 0.282530 0.889051
vt 0.546440 0.777326
vt 0.307131 0.288042
vt 0.519460 0.610781
vt 0.956047 0.027095
vt 0.948878 0.024584
vt 0.847912 0.897638
vt 0.106654 0.888027
vt 0.573211 0.612571
vt 0.215375 0.888805
vt 0.112173 0.303640
vt 0.300121 0.886332
vt 0.104106 0.300507
vt 0.283637 0.885294
vt 0.515223 0.305056
vt 0.267819 0.304445
vt 0.059413 0.296232
vt 0.778714 0.023034
vt 0.572507 0.947438
vt 0.849451 0.897829
vt 0.582347 0.612276
vt 0.491216 0.316461
vt 0.100427 0.886973
vt 0.562339 0.562672
vt 0.546028 0.773487
vt 0.420588 0.304500
vt 0.420147 0.316739
vt 0.538860 0.296759
vt 0.390479 0.298153
vt 0.798017 0.326270
vt 0.531190 0.603003
vt 0.804955 0.895730
vt 0.804955 0.879603
vt 0.808159 0.884858
vt 0.450024 0.312976
vt 0.501857 0.307164
vt 0.267880 0.875014
vt 0.084372 0.881476
vt 0.102744 0.290964
vt 0.561031 0.554874
vt 0.273641 0.870913
vt 0.541475 0.770334
vt 0.279391 0.295761
vt 0.314377 0.278310
vt 0.774211 0.042134
vt 0.572321 0.936442
vt 0.496594 0.313879
vt 0.220919 0.884098
vt 0.453584 0.317533
vt 0.453619 0.309211
vt 0.090145 0.877830
vt 0.997921 0.794828
vt 0.997921 0.803831
vt 0.993522 0.800085
vt 0.083217 0.277413
vt 0.548238 0.295197
vt 0.554241 0.291086
vt 0.515681 0.604536
vt 0.792643 0.019183
vt 0.565924 0.944767
vt 0.130455 0.300962
vt 0.250199 0.876288
vt 0.121614 0.301081
vt 0.215424 0.877267
vt 0.508317 0.303019
vt 0.296799 0.875044
vt 0.255826 0.307520
vt 0.536179 0.296062
vt 0.467145 0.730093
vt 0.543543 0.298909
vt 0.538658 0.612912
vt 0.769094 0.044099
vt 0.583078 0.622851
vt 0.947682 0.018392
vt 0.106579 0.880258
vt 0.312668 0.882014
vt 0.310201 0.880338
vt 0.099966 0.879042
vt 0.898272 0.832994
vt 0.901564 0.829728
vt 0.900993 0.841272
vt 0.112883 0.289871
vt 0.446382 0.309461
vt 0.544877 0.993030
vt 0.547849 0.993030
vt 0.546098 0.997119
vt 0.251986 0.309411
vt 0.254942 0.305295
vt 0.256059 0.301938
vt 0.227586 0.871633
vt 0.459589 0.727682
vt 0.800868 0.323361
vt 0.309674 0.280716
vt 0.541872 0.558160
vt 0.545492 0.554874
vt 0.382308 0.299805
vt 0.785419 0.031954
vt 0.567155 0.926960
vt 0.134895 0.300570
vt 0.960864 0.015324
vt 0.849237 0.883949
vt 0.496107 0.301309
vt 0.601072 0.925642
vt 0.608381 0.936898
vt 0.601212 0.941946
vt 0.447227 0.307217
vt 0.576106 0.990908
vt 0.576106 0.996732
vt 0.574539 0.992700
vt 0.443643 0.305242
vt 0.986689 0.476360
vt 0.986689 0.474012
vt 0.988316 0.475766
vt 0.996589 0.023500
vt 0.995363 0.022521
vt 0.996589 0.019746
vt 0.252941 0.302456
vt 0.266778 0.863547
vt 0.289676 0.870942
vt 0.285717 0.876530
vt 0.264738 0.294442
vt 0.521789 0.294414
vt 0.529054 0.288014
vt 0.276067 0.288389
vt 0.387625 0.289591
vt 0.798008 0.317905
vt 0.552319 0.554980
vt 0.521673 0.598640
vt 0.314516 0.266908
vt 0.319413 0.283614
vt 0.517300 0.593410
vt 0.571611 0.930028
vt 0.846966 0.889845
vt 0.491458 0.302587
vt 0.569248 0.628386
vt 0.106195 0.874302
vt 0.121416 0.286987
vt 0.995334 0.662235
vt 0.995334 0.657784
vt 0.997071 0.660083
vt 0.996692 0.663121
vt 0.089728 0.870573
vt 0.558655 0.688143
vt 0.558697 0.676696
vt 0.561657 0.681901
vt 0.431133 0.294751
vt 0.466139 0.721766
vt 0.543194 0.290593
vt 0.556109 0.556599
vt 0.800056 0.317521
vt 0.309508 0.274710
vt 0.312320 0.267798
vt 0.776949 0.054006
vt 0.241990 0.878687
vt 0.949997 0.009839
vt 0.945072 0.016702
vt 0.604791 0.922469
vt 0.452544 0.299012
vt 0.236280 0.873073
vt 0.561537 0.676083
vt 0.080152 0.269301
vt 0.537448 0.593376
vt 0.782976 0.055538
vt 0.796390 0.032965
vt 0.845921 0.881158
vt 0.583405 0.632221
vt 0.108821 0.871573
vt 0.311680 0.871249
vt 0.217290 0.866151
vt 0.096177 0.867594
vt 0.447221 0.299031
vt 0.110696 0.279386
vt 0.108114 0.979890
vt 0.108114 0.988165
vt 0.106684 0.987015
vt 0.562339 0.768003
vt 0.559650 0.766961
vt 0.562339 0.757890
vt 0.252635 0.292371
vt 0.254514 0.291913
vt 0.088537 0.866750
vt 0.084720 0.873778
vt 0.424304 0.290703
vt 0.271138 0.284137
vt 0.092861 0.272846
vt 0.538306 0.287123
vt 0.461630 0.718037
vt 0.550052 0.287972
vt 0.777059 0.896498
vt 0.769364 0.889996
vt 0.777999 0.894469
vt 0.779264 0.900319
vt 0.773233 0.899169
vt 0.785990 0.048040
vt 0.798413 0.022168
vt 0.946302 0.007601
vt 0.501880 0.290529
vt 0.899517 0.820760
vt 0.895843 0.822859
vt 0.297394 0.864909
vt 0.106543 0.941775
vt 0.106543 0.933629
vt 0.108913 0.935006
vt 0.291671 0.862539
vt 0.446327 0.296331
vt 0.438209 0.286712
vt 0.560716 0.667621
vt 0.905965 0.911106
vt 0.905965 0.925062
vt 0.903416 0.917398
vt 0.771714 0.908814
vt 0.764605 0.910382
vt 0.765737 0.904225
vt 0.758886 0.892120
vt 0.762186 0.878593
vt 0.767896 0.870926
vt 0.761390 0.874891
vt 0.774980 0.902267
vt 0.767529 0.883175
vt 0.768184 0.862322
vt 0.758818 0.861928
vt 0.556507 0.287724
vt 0.701922 0.923214
vt 0.720646 0.919997
vt 0.709100 0.923803
vt 0.770805 0.864456
vt 0.571342 0.922538
vt 0.574195 0.921040
vt 0.247322 0.866953
vt 0.601542 0.920558
vt 0.258752 0.863831
vt 0.213644 0.866684
vt 0.303874 0.865341
vt 0.090974 0.866122
vt 0.444409 0.296219
vt 0.510586 0.285607
vt 0.233778 0.864490
vt 0.558614 0.668164
vt 0.103656 0.275437
vt 0.260924 0.274469
vt 0.422544 0.296647
vt 0.422114 0.288092
vt 0.535783 0.283248
vt 0.758546 0.914517
vt 0.757075 0.904962
vt 0.757075 0.876321
vt 0.044142 0.939407
vt 0.047667 0.951868
vt 0.043436 0.954110
vt 0.071026 0.266790
vt 0.711292 0.918531
vt 0.725762 0.916478
vt 0.528525 0.972759
vt 0.522534 0.976777
vt 0.529305 0.967119
vt 0.778608 0.907113
vt 0.517488 0.975081
vt 0.261555 0.990787
vt 0.265176 0.994468
vt 0.261555 0.996928
vt 0.301345 0.271432
vt 0.309815 0.266573
vt 0.530348 0.588178
vt 0.517427 0.582505
vt 0.804709 0.028781
vt 0.243027 0.864280
vt 0.960640 0.001087
vt 0.134044 0.283573
vt 0.949961 0.001665
vt 0.579584 0.638000
vt 0.599245 0.919798
vt 0.901564 0.819203
vt 0.097129 0.862113
vt 0.092437 0.863159
vt 0.108728 0.931412
vt 0.252251 0.295187
vt 0.247426 0.282242
vt 0.519353 0.282396
vt 0.274920 0.279898
vt 0.671115 0.927942
vt 0.680175 0.925200
vt 0.684017 0.928715
vt 0.733516 0.912464
vt 0.740052 0.914092
vt 0.699747 0.926469
vt 0.529305 0.987358
vt 0.527412 0.990894
vt 0.518818 0.984582
vt 0.512739 0.976679
vt 0.512389 0.983076
vt 0.308239 0.946257
vt 0.306580 0.953638
vt 0.303353 0.938733
vt 0.804971 0.025899
vt 0.813133 0.031839
vt 0.846913 0.870743
vt 0.566958 0.633839
vt 0.312201 0.865128
vt 0.430693 0.996754
vt 0.430693 0.993725
vt 0.432209 0.994609
vt 0.106534 0.863879
vt 0.432202 0.992331
vt 0.578280 0.996168
vt 0.579117 0.994457
vt 0.582267 0.996961
vt 0.582102 0.994992
vt 0.601480 0.916580
vt 0.257718 0.859748
vt 0.450508 0.290195
vt 0.228856 0.859748
vt 0.559364 0.701858
vt 0.562143 0.709167
vt 0.558302 0.712496
vt 0.087198 0.264678
vt 0.661653 0.926484
vt 0.667427 0.921405
vt 0.987563 0.120458
vt 0.990927 0.120028
vt 0.993007 0.122550
vt 0.741369 0.911709
vt 0.743576 0.912922
vt 0.039937 0.945942
vt 0.725803 0.912128
vt 0.993007 0.110795
vt 0.905638 0.850057
vt 0.905638 0.859598
vt 0.902392 0.851024
vt 0.312668 0.947022
vt 0.904381 0.843607
vt 0.526573 0.583155
vt 0.795444 0.044269
vt 0.789324 0.053274
vt 0.567575 0.912806
vt 0.137849 0.286714
vt 0.941601 0.993168
vt 0.943582 0.993040
vt 0.943082 0.994984
vt 0.256469 0.860928
vt 0.528114 0.993068
vt 0.529305 0.996662
vt 0.527249 0.996662
vt 0.989134 0.938347
vt 0.989134 0.927360
vt 0.993985 0.927791
vt 0.578280 0.990908
vt 0.992322 0.456143
vt 0.988478 0.457772
vt 0.989789 0.452607
vt 0.218503 0.859911
vt 0.812446 0.878810
vt 0.811262 0.870011
vt 0.816725 0.873883
vt 0.459782 0.974001
vt 0.461088 0.971226
vt 0.461088 0.978624
vt 0.537083 0.987487
vt 0.536626 0.990722
vt 0.531479 0.990856
vt 0.296469 0.859748
vt 0.447461 0.284057
vt 0.562339 0.664400
vt 0.673489 0.914171
vt 0.683305 0.915646
vt 0.691632 0.918427
vt 0.949793 0.526709
vt 0.948355 0.521657
vt 0.952702 0.519420
vt 0.037111 0.961671
vt 0.958990 0.524276
vt 0.720333 0.910651
vt 0.311688 0.962846
vt 0.117561 0.991864
vt 0.120279 0.988883
vt 0.120386 0.994716
vt 0.945072 0.158633
vt 0.952774 0.158532
vt 0.946908 0.161817
vt 0.731497 0.425891
vt 0.731497 0.418675
vt 0.737184 0.420812
vt 0.302913 0.267638
vt 0.299344 0.266458
vt 0.304483 0.264315
vt 0.312882 0.256110
vt 0.809478 0.032631
vt 0.574312 0.912456
vt 0.849451 0.862579
vt 0.843049 0.870821
vt 0.108924 0.861301
vt 0.491319 0.281218
vt 0.941601 0.996951
vt 0.547103 0.987918
vt 0.781785 0.973032
vt 0.781785 0.986937
vt 0.775278 0.972131
vt 0.771016 0.986366
vt 0.770181 0.977595
vt 0.819571 0.874762
vt 0.821411 0.868531
vt 0.118782 0.275064
vt 0.771849 0.970513
vt 0.988478 0.446102
vt 0.991188 0.449688
vt 0.558614 0.663554
vt 0.432687 0.281497
vt 0.262898 0.268829
vt 0.274928 0.272478
vt 0.527138 0.275485
vt 0.562339 0.699505
vt 0.660150 0.922417
vt 0.746205 0.905366
vt 0.746557 0.910503
vt 0.736825 0.901679
vt 0.610225 0.986927
vt 0.612948 0.986927
vt 0.612808 0.995927
vt 0.076518 0.255005
vt 0.117561 0.997459
vt 0.955432 0.511214
vt 0.964764 0.520246
vt 0.071777 0.251668
vt 0.535603 0.578414
vt 0.151919 0.915826
vt 0.145961 0.910607
vt 0.150436 0.906330
vt 0.158228 0.914252
vt 0.308658 0.254394
vt 0.578435 0.646782
vt 0.564736 0.642797
vt 0.991911 0.610879
vt 0.994893 0.617889
vt 0.991911 0.620430
vt 0.536560 0.980874
vt 0.547435 0.983995
vt 0.534751 0.981483
vt 0.813080 0.861933
vt 0.535376 0.976716
vt 0.540927 0.971272
vt 0.533420 0.973459
vt 0.531479 0.970259
vt 0.540830 0.967118
vt 0.101362 0.261861
vt 0.420498 0.278390
vt 0.535293 0.274075
vt 0.095421 0.258872
vt 0.723576 0.902374
vt 0.082388 0.256943
vt 0.292660 0.256035
vt 0.293527 0.264388
vt 0.962854 0.507975
vt 0.302115 0.256514
vt 0.945879 0.154077
vt 0.159232 0.902136
vt 0.804453 0.047138
vt 0.406242 0.932333
vt 0.406242 0.942482
vt 0.404276 0.936486
vt 0.543466 0.975189
vt 0.109956 0.269048
vt 0.664532 0.911990
vt 0.558744 0.694855
vt 0.993443 0.179850
vt 0.996116 0.180720
vt 0.993443 0.189053
vt 0.989961 0.038661
vt 0.989979 0.027834
vt 0.993459 0.035790
vt 0.746501 0.899473
vt 0.749404 0.900626
vt 0.344862 0.985056
vt 0.347289 0.982033
vt 0.348827 0.989146
vt 0.353426 0.987377
vt 0.731317 0.897684
vt 0.995364 0.468592
vt 0.994487 0.463128
vt 0.997593 0.468724
vt 0.965384 0.509114
vt 0.404019 0.804101
vt 0.406323 0.807625
vt 0.405548 0.812238
vt 0.310212 0.249284
vt 0.799095 0.056382
vt 0.793975 0.065834
vt 0.809384 0.042142
vt 0.813809 0.034515
vt 0.620603 0.845509
vt 0.617434 0.848309
vt 0.616204 0.844987
vt 0.621684 0.841886
vt 0.624695 0.841902
vt 0.984534 0.324609
vt 0.986185 0.321716
vt 0.986185 0.324773
vt 0.839597 0.866887
vt 0.547849 0.980504
vt 0.133117 0.266369
vt 0.452279 0.282115
vt 0.090401 0.259457
vt 0.541475 0.808770
vt 0.543609 0.810581
vt 0.541475 0.812135
vt 0.146236 0.899549
vt 0.531508 0.567697
vt 0.152408 0.892795
vt 0.522716 0.571773
vt 0.515049 0.575259
vt 0.802928 0.050731
vt 0.618413 0.853829
vt 0.630262 0.842593
vt 0.635678 0.853497
vt 0.576279 0.904772
vt 0.579776 0.908261
vt 0.638685 0.844280
vt 0.639123 0.857667
vt 0.846247 0.859622
vt 0.837878 0.863853
vt 0.982565 0.476318
vt 0.984515 0.474012
vt 0.984515 0.476482
vt 0.836466 0.865749
vt 0.830037 0.865390
vt 0.830909 0.860852
vt 0.596807 0.910564
vt 0.588349 0.909226
vt 0.595621 0.906419
vt 0.825460 0.866568
vt 0.610071 0.910945
vt 0.498965 0.273567
vt 0.822254 0.859296
vt 0.507813 0.266896
vt 0.451525 0.274877
vt 0.112247 0.258697
vt 0.513324 0.273217
vt 0.434977 0.269924
vt 0.529053 0.269833
vt 0.275055 0.265312
vt 0.587993 0.990696
vt 0.593670 0.990811
vt 0.589478 0.993137
vt 0.560848 0.692829
vt 0.754901 0.902126
vt 0.749975 0.895651
vt 0.753243 0.896576
vt 0.993099 0.711233
vt 0.995509 0.713775
vt 0.993099 0.716195
vt 0.088810 0.257505
vt 0.343145 0.980328
vt 0.686927 0.907897
vt 0.693863 0.912987
vt 0.716501 0.902592
vt 0.997593 0.459946
vt 0.404225 0.800042
vt 0.406323 0.795165
vt 0.147437 0.887673
vt 0.619270 0.861645
vt 0.615862 0.861068
vt 0.140717 0.275754
vt 0.993523 0.810671
vt 0.993523 0.806005
vt 0.995577 0.807395
vt 0.976686 0.993213
vt 0.974591 0.996763
vt 0.974591 0.993040
vt 0.583615 0.904334
vt 0.609404 0.900242
vt 0.520549 0.268521
vt 0.425892 0.269294
vt 0.593670 0.997335
vt 0.417413 0.271666
vt 0.743393 0.893805
vt 0.752268 0.899389
vt 0.671010 0.904738
vt 0.558302 0.690317
vt 0.278269 0.260024
vt 0.265927 0.261559
vt 0.085330 0.249019
vt 0.353115 0.973944
vt 0.949888 0.506179
vt 0.686499 0.990625
vt 0.684561 0.997423
vt 0.683753 0.990625
vt 0.505904 0.996229
vt 0.502052 0.996973
vt 0.502052 0.991324
vt 0.949573 0.141977
vt 0.301843 0.252424
vt 0.159362 0.894972
vt 0.307378 0.247333
vt 0.616107 0.864388
vt 0.628377 0.871332
vt 0.638217 0.864865
vt 0.568718 0.901482
vt 0.140007 0.266293
vt 0.849307 0.846785
vt 0.582764 0.908849
vt 0.832568 0.853363
vt 0.257783 0.264372
vt 0.633173 0.997087
vt 0.629041 0.996689
vt 0.633173 0.992061
vt 0.663149 0.905808
vt 0.749648 0.890311
vt 0.992588 0.683166
vt 0.995529 0.688115
vt 0.992588 0.692671
vt 0.415274 0.269144
vt 0.121079 0.986708
vt 0.117562 0.977247
vt 0.122012 0.973716
vt 0.736396 0.891268
vt 0.117562 0.970508
vt 0.409307 0.272678
vt 0.409566 0.262718
vt 0.411936 0.266727
vt 0.696079 0.903122
vt 0.970408 0.996758
vt 0.970408 0.993040
vt 0.972417 0.995066
vt 0.724817 0.893684
vt 0.715270 0.894513
vt 0.535626 0.564419
vt 0.947610 0.134243
vt 0.946749 0.146566
vt 0.798518 0.062851
vt 0.617936 0.871673
vt 0.800198 0.059725
vt 0.638127 0.871830
vt 0.490830 0.265436
vt 0.811841 0.854683
vt 0.442086 0.269230
vt 0.250541 0.264432
vt 0.841263 0.965366
vt 0.844528 0.955142
vt 0.846830 0.962460
vt 0.343504 0.971471
vt 0.348931 0.973296
vt 0.678996 0.898009
vt 0.282229 0.258340
vt 0.279899 0.244362
vt 0.287706 0.259093
vt 0.991846 0.884786
vt 0.991837 0.875042
vt 0.994618 0.882967
vt 0.086102 0.239150
vt 0.293408 0.249277
vt 0.513858 0.567925
vt 0.308290 0.242203
vt 0.305166 0.238573
vt 0.797010 0.067359
vt 0.615505 0.870894
vt 0.616618 0.875019
vt 0.625282 0.876496
vt 0.586655 0.893110
vt 0.095345 0.252515
vt 0.530211 0.262693
vt 0.831925 0.425928
vt 0.831925 0.418790
vt 0.834164 0.423223
vt 0.842456 0.973977
vt 0.753204 0.888593
vt 0.662823 0.899166
vt 0.743197 0.889796
vt 0.424757 0.265507
vt 0.688977 0.896566
vt 0.950665 0.495196
vt 0.275659 0.258680
vt 0.286329 0.251046
vt 0.956736 0.495136
vt 0.957336 0.139415
vt 0.558836 0.734396
vt 0.558836 0.714671
vt 0.562339 0.724395
vt 0.290702 0.246160
vt 0.068745 0.965474
vt 0.066051 0.961952
vt 0.068774 0.961982
vt 0.075487 0.238150
vt 0.963005 0.496765
vt 0.965859 0.497189
vt 0.299984 0.240213
vt 0.523522 0.564241
vt 0.616837 0.878862
vt 0.636766 0.880502
vt 0.571544 0.887338
vt 0.594450 0.887976
vt 0.131327 0.253418
vt 0.446714 0.265400
vt 0.451991 0.264913
vt 0.258714 0.259950
vt 0.846830 0.980000
vt 0.518398 0.260096
vt 0.262638 0.252145
vt 0.748031 0.887008
vt 0.425306 0.262607
vt 0.090950 0.248903
vt 0.696023 0.895238
vt 0.160431 0.885916
vt 0.794247 0.074106
vt 0.616490 0.885103
vt 0.628697 0.885332
vt 0.566296 0.892488
vt 0.846680 0.846371
vt 0.602329 0.888074
vt 0.611238 0.892582
vt 0.499577 0.264427
vt 0.821669 0.844852
vt 0.433101 0.262958
vt 0.105533 0.247402
vt 0.526398 0.249610
vt 0.531784 0.266708
vt 0.533821 0.259974
vt 0.668743 0.893907
vt 0.414897 0.255226
vt 0.353426 0.968286
vt 0.737915 0.885688
vt 0.946761 0.500741
vt 0.726088 0.883814
vt 0.065817 0.954258
vt 0.292061 0.246024
vt 0.512389 0.558213
vt 0.307261 0.232513
vt 0.831376 0.844174
vt 0.505187 0.263351
vt 0.813003 0.844735
vt 0.509046 0.263041
vt 0.117123 0.250188
vt 0.438121 0.261670
vt 0.521097 0.244801
vt 0.731550 0.881020
vt 0.409581 0.254830
vt 0.721480 0.879910
vt 0.083601 0.224307
vt 0.950643 0.128900
vt 0.157328 0.878178
vt 0.129493 0.249510
vt 0.845015 0.948992
vt 0.841513 0.950343
vt 0.845206 0.939451
vt 0.989909 0.413640
vt 0.990582 0.402823
vt 0.993767 0.413640
vt 0.981621 0.021259
vt 0.980141 0.036722
vt 0.973903 0.016501
vt 0.979120 0.010110
vt 0.966771 0.009274
vt 0.113314 0.245663
vt 0.841263 0.949868
vt 0.843801 0.934494
vt 0.970370 0.001087
vt 0.965004 0.002566
vt 0.981550 0.008499
vt 0.978710 0.001819
vt 0.249806 0.257690
vt 0.254889 0.250851
vt 0.268886 0.244452
vt 0.424426 0.244977
vt 0.946761 0.490196
vt 0.712319 0.880980
vt 0.282977 0.237596
vt 0.958989 0.131890
vt 0.068481 0.953137
vt 0.296348 0.233327
vt 0.532984 0.557208
vt 0.521456 0.555313
vt 0.160096 0.877864
vt 0.637278 0.893681
vt 0.573320 0.875408
vt 0.490834 0.262325
vt 0.488282 0.265107
vt 0.974552 0.038661
vt 0.965766 0.036068
vt 0.964178 0.020890
vt 0.964178 0.011204
vt 0.847747 0.923021
vt 0.845555 0.921838
vt 0.849234 0.915350
vt 0.845392 0.915252
vt 0.440524 0.257879
vt 0.434645 0.245748
vt 0.099260 0.235644
vt 0.531159 0.241613
vt 0.660876 0.880592
vt 0.664256 0.886276
vt 0.093590 0.235657
vt 0.672059 0.886110
vt 0.679134 0.885844
vt 0.963022 0.485913
vt 0.289285 0.237600
vt 0.945627 0.125411
vt 0.947915 0.123526
vt 0.301258 0.231247
vt 0.305204 0.229448
vt 0.307869 0.228970
vt 0.214253 0.972131
vt 0.215570 0.968999
vt 0.221574 0.969124
vt 0.568530 0.879105
vt 0.144873 0.253717
vt 0.139045 0.255018
vt 0.846507 0.843607
vt 0.505071 0.257317
vt 0.510609 0.255170
vt 0.508584 0.259625
vt 0.964717 0.247458
vt 0.967316 0.237207
vt 0.967316 0.248680
vt 0.849234 0.952968
vt 0.848455 0.939336
vt 0.964717 0.221181
vt 0.966699 0.222771
vt 0.968100 0.212977
vt 0.985825 0.162833
vt 0.985825 0.156379
vt 0.987377 0.157508
vt 0.107573 0.234750
vt 0.738276 0.874845
vt 0.091381 0.222940
vt 0.151044 0.873289
vt 0.744963 0.983117
vt 0.745063 0.971523
vt 0.747736 0.983116
vt 0.513373 0.554874
vt 0.988982 0.953269
vt 0.992448 0.963389
vt 0.988982 0.964584
vt 0.753769 0.965202
vt 0.745355 0.963396
vt 0.108913 0.957471
vt 0.106684 0.966198
vt 0.106684 0.956171
vt 0.140083 0.911052
vt 0.143242 0.915511
vt 0.135423 0.915274
vt 0.225946 0.988680
vt 0.221038 0.988728
vt 0.220724 0.975694
vt 0.216625 0.979665
vt 0.225946 0.970050
vt 0.976592 0.248075
vt 0.978243 0.231684
vt 0.976217 0.215634
vt 0.974509 0.211574
vt 0.440498 0.256672
vt 0.254607 0.236290
vt 0.668246 0.882406
vt 0.093806 0.228883
vt 0.267197 0.231467
vt 0.687555 0.883083
vt 0.415283 0.242745
vt 0.950854 0.480335
vt 0.065963 0.948342
vt 0.074191 0.230521
vt 0.960113 0.126098
vt 0.145961 0.876236
vt 0.296698 0.225924
vt 0.159848 0.869463
vt 0.160415 0.873580
vt 0.945072 0.120982
vt 0.753125 0.978324
vt 0.753769 0.986779
vt 0.161500 0.877053
vt 0.991205 0.053453
vt 0.994833 0.054112
vt 0.991205 0.058142
vt 0.751828 0.962335
vt 0.018798 0.966427
vt 0.016220 0.962518
vt 0.021851 0.965770
vt 0.112686 0.961976
vt 0.114127 0.966246
vt 0.111098 0.964960
vt 0.805197 0.942977
vt 0.806967 0.948548
vt 0.800849 0.945655
vt 0.803994 0.952399
vt 0.274600 0.990535
vt 0.274600 0.997428
vt 0.269399 0.992037
vt 0.740802 0.991839
vt 0.736227 0.998750
vt 0.736227 0.990104
vt 0.020092 0.914159
vt 0.025682 0.917636
vt 0.011830 0.915503
vt 0.013026 0.912481
vt 0.450898 0.987647
vt 0.455360 0.984625
vt 0.457594 0.987647
vt 0.605018 0.874237
vt 0.611960 0.888060
vt 0.501616 0.254123
vt 0.494775 0.256378
vt 0.979660 0.230290
vt 0.978153 0.215593
vt 0.967467 0.211527
vt 0.443541 0.236078
vt 0.102417 0.227031
vt 0.054556 0.957161
vt 0.050596 0.952108
vt 0.055017 0.942301
vt 0.724928 0.874072
vt 0.728677 0.868793
vt 0.694914 0.880826
vt 0.711552 0.874572
vt 0.068342 0.943236
vt 0.953523 0.121518
vt 0.292297 0.224442
vt 0.072264 0.220429
vt 0.077495 0.222871
vt 0.071827 0.227264
vt 0.066335 0.224549
vt 0.301456 0.226787
vt 0.127255 0.968334
vt 0.134263 0.954631
vt 0.135715 0.967575
vt 0.305628 0.221487
vt 0.121247 0.959346
vt 0.313571 0.221920
vt 0.019950 0.957458
vt 0.023550 0.959830
vt 0.114959 0.914399
vt 0.116512 0.908511
vt 0.126245 0.913342
vt 0.218327 0.989011
vt 0.143787 0.904661
vt 0.319341 0.213436
vt 0.324242 0.220994
vt 0.322414 0.223862
vt 0.320482 0.210661
vt 0.330778 0.211267
vt 0.329912 0.220326
vt 0.451354 0.980270
vt 0.804955 0.906898
vt 0.808897 0.906231
vt 0.808897 0.913618
vt 0.333579 0.218085
vt 0.135865 0.248159
vt 0.980312 0.246241
vt 0.596022 0.874141
vt 0.451660 0.242421
vt 0.448553 0.255322
vt 0.515629 0.237814
vt 0.736988 0.867366
vt 0.697821 0.878302
vt 0.411490 0.237918
vt 0.721680 0.868506
vt 0.957671 0.478801
vt 0.946761 0.594277
vt 0.948313 0.587618
vt 0.951384 0.593960
vt 0.286703 0.228051
vt 0.150713 0.870336
vt 0.070566 0.215457
vt 0.138158 0.957680
vt 0.130462 0.897357
vt 0.008795 0.952746
vt 0.004325 0.954711
vt 0.001998 0.947062
vt 0.029109 0.910936
vt 0.018815 0.906449
vt 0.013483 0.906385
vt 0.457116 0.978405
vt 0.582384 0.869049
vt 0.489894 0.254484
vt 0.488986 0.247421
vt 0.948860 0.977217
vt 0.949760 0.990866
vt 0.942717 0.989074
vt 0.941601 0.973109
vt 0.942721 0.958365
vt 0.943008 0.953961
vt 0.948412 0.956566
vt 0.122087 0.237887
vt 0.117094 0.231061
vt 0.506693 0.241995
vt 0.246754 0.236382
vt 0.257820 0.230147
vt 0.049842 0.944554
vt 0.275742 0.228743
vt 0.957095 0.593861
vt 0.954887 0.588774
vt 0.716038 0.423951
vt 0.713659 0.425954
vt 0.713659 0.418675
vt 0.965601 0.479884
vt 0.950467 0.117281
vt 0.953994 0.114953
vt 0.295766 0.223539
vt 0.022975 0.953629
vt 0.010969 0.957343
vt 0.015462 0.946318
vt 0.803551 0.931896
vt 0.319824 0.203503
vt 0.564736 0.875423
vt 0.142506 0.249321
vt 0.129303 0.236792
vt 0.244239 0.251660
vt 0.664952 0.875504
vt 0.734507 0.861732
vt 0.677563 0.872142
vt 0.727972 0.860102
vt 0.719770 0.866981
vt 0.060904 0.943992
vt 0.065486 0.942304
vt 0.957095 0.587090
vt 0.761633 0.415960
vt 0.770235 0.418324
vt 0.761593 0.422351
vt 0.765037 0.411090
vt 0.952311 0.586338
vt 0.286357 0.224047
vt 0.719985 0.420600
vt 0.955218 0.578923
vt 0.660150 0.987782
vt 0.666017 0.981370
vt 0.666980 0.988550
vt 0.768007 0.998313
vt 0.760332 0.998313
vt 0.763991 0.990477
vt 0.157374 0.861301
vt 0.302698 0.212546
vt 0.116635 0.902306
vt 0.119290 0.899993
vt 0.140203 0.898270
vt 0.142281 0.244834
vt 0.955968 0.954413
vt 0.522928 0.222871
vt 0.112027 0.221659
vt 0.661451 0.865685
vt 0.670185 0.874511
vt 0.095346 0.216682
vt 0.415068 0.231147
vt 0.056432 0.935125
vt 0.992743 0.572616
vt 0.993773 0.573903
vt 0.992743 0.575493
vt 0.716104 0.861519
vt 0.705930 0.871966
vt 0.770235 0.425861
vt 0.979542 0.980174
vt 0.988992 0.984048
vt 0.978860 0.989253
vt 0.995456 0.501319
vt 0.990458 0.500910
vt 0.993717 0.495642
vt 0.989789 0.980174
vt 0.660365 0.983185
vt 0.300202 0.216669
vt 0.994966 0.428149
vt 0.997295 0.434121
vt 0.994966 0.436520
vt 0.767992 0.989202
vt 0.161498 0.863438
vt 0.008795 0.938747
vt 0.454321 0.971226
vt 0.805719 0.897904
vt 0.571701 0.868724
vt 0.148108 0.243817
vt 0.574455 0.859125
vt 0.136377 0.242537
vt 0.959745 0.988448
vt 0.961982 0.990866
vt 0.963830 0.976140
vt 0.449236 0.236893
vt 0.423940 0.231369
vt 0.050676 0.938476
vt 0.268807 0.219769
vt 0.063066 0.938043
vt 0.985978 0.745751
vt 0.987150 0.744607
vt 0.987150 0.749544
vt 0.064545 0.937640
vt 0.066100 0.939643
vt 0.708317 0.861776
vt 0.703446 0.861030
vt 0.281231 0.231391
vt 0.273803 0.217694
vt 0.284997 0.217206
vt 0.294373 0.213979
vt 0.990458 0.491250
vt 0.994578 0.491502
vt 0.945512 0.110795
vt 0.306559 0.199599
vt 0.111981 0.946456
vt 0.315400 0.218570
vt 0.311041 0.203606
vt 0.015001 0.894901
vt 0.011417 0.898214
vt 0.325472 0.203404
vt 0.146802 0.236565
vt 0.499246 0.236742
vt 0.598494 0.858082
vt 0.434426 0.226392
vt 0.686613 0.865009
vt 0.678536 0.865560
vt 0.723905 0.860565
vt 0.720804 0.864638
vt 0.156028 0.995230
vt 0.153252 0.997070
vt 0.154737 0.994983
vt 0.807293 0.982123
vt 0.807293 0.993512
vt 0.800849 0.985066
vt 0.089398 0.214807
vt 0.063818 0.933994
vt 0.282563 0.225248
vt 0.283132 0.219147
vt 0.117708 0.892031
vt 0.019318 0.932972
vt 0.117792 0.944254
vt 0.003002 0.937454
vt 0.135432 0.890574
vt 0.023502 0.895491
vt 0.141417 0.233162
vt 0.489584 0.235196
vt 0.139115 0.228854
vt 0.589920 0.860653
vt 0.129592 0.222928
vt 0.123811 0.223619
vt 0.531467 0.226660
vt 0.669568 0.869384
vt 0.672470 0.868391
vt 0.061104 0.933277
vt 0.719425 0.860748
vt 0.153252 0.991081
vt 0.695370 0.866426
vt 0.938737 0.804375
vt 0.942130 0.807109
vt 0.940468 0.808091
vt 0.942130 0.801267
vt 0.991548 0.108383
vt 0.995688 0.103734
vt 0.995762 0.108383
vt 0.065485 0.933737
vt 0.068774 0.932253
vt 0.068564 0.939247
vt 0.990928 0.986537
vt 0.665286 0.976114
vt 0.660150 0.976210
vt 0.068219 0.211663
vt 0.075338 0.209393
vt 0.071079 0.200444
vt 0.806967 0.932295
vt 0.140169 0.882808
vt 0.143787 0.883198
vt 0.313280 0.192834
vt 0.010969 0.893765
vt 0.321458 0.199943
vt 0.137885 0.219325
vt 0.106798 0.214415
vt 0.256141 0.215292
vt 0.665111 0.863935
vt 0.049842 0.985786
vt 0.052395 0.984907
vt 0.052395 0.991448
vt 0.722824 0.859506
vt 0.050013 0.980674
vt 0.997254 0.446102
vt 0.997314 0.452447
vt 0.994496 0.451552
vt 0.941963 0.810733
vt 0.995363 0.014537
vt 0.996779 0.013772
vt 0.996779 0.017572
vt 0.994496 0.454862
vt 0.986828 0.991758
vt 0.980489 0.994598
vt 0.062913 0.930417
vt 0.283219 0.206213
vt 0.962309 0.156783
vt 0.962287 0.150853
vt 0.967047 0.150647
vt 0.660151 0.973641
vt 0.134507 0.943040
vt 0.023644 0.943324
vt 0.031370 0.901543
vt 0.505871 0.228721
vt 0.451850 0.230155
vt 0.437195 0.226552
vt 0.250061 0.222194
vt 0.252795 0.220424
vt 0.429592 0.219608
vt 0.719933 0.857570
vt 0.413739 0.219201
vt 0.699747 0.859546
vt 0.967047 0.158149
vt 0.966724 0.163325
vt 0.603721 0.988523
vt 0.603222 0.986079
vt 0.606375 0.985305
vt 0.065763 0.927575
vt 0.297103 0.196068
vt 0.804898 0.916692
vt 0.491577 0.224737
vt 0.122421 0.219256
vt 0.423388 0.217923
vt 0.417655 0.218964
vt 0.603222 0.979039
vt 0.714984 0.853170
vt 0.064726 0.924480
vt 0.061671 0.925810
vt 0.074992 0.196674
vt 0.079071 0.207591
vt 0.561622 0.746374
vt 0.562339 0.755715
vt 0.559902 0.743869
vt 0.315650 0.194896
vt 0.012329 0.886200
vt 0.569012 0.862016
vt 0.149441 0.221503
vt 0.972926 0.965442
vt 0.512216 0.225528
vt 0.450326 0.224483
vt 0.515786 0.222045
vt 0.240948 0.228644
vt 0.673308 0.859423
vt 0.096668 0.206885
vt 0.680219 0.857389
vt 0.086309 0.210116
vt 0.719808 0.850456
vt 0.701922 0.850056
vt 0.608050 0.980290
vt 0.067000 0.923433
vt 0.280067 0.209252
vt 0.062372 0.919040
vt 0.288541 0.198505
vt 0.122144 0.882693
vt 0.015964 0.930838
vt 0.006699 0.923152
vt 0.015193 0.883276
vt 0.318756 0.192672
vt 0.575665 0.846508
vt 0.129186 0.218617
vt 0.119123 0.211532
vt 0.248547 0.218378
vt 0.689393 0.855258
vt 0.263772 0.209440
vt 0.696087 0.857195
vt 0.271679 0.206846
vt 0.349598 0.997077
vt 0.349598 0.991321
vt 0.351488 0.991814
vt 0.705940 0.852642
vt 0.334816 0.976111
vt 0.338693 0.979007
vt 0.340364 0.988299
vt 0.974504 0.946714
vt 0.978403 0.947295
vt 0.975487 0.950501
vt 0.023910 0.931895
vt 0.117983 0.880607
vt 0.030618 0.884671
vt 0.022000 0.884676
vt 0.568273 0.846769
vt 0.595725 0.846154
vt 0.606216 0.845200
vt 0.505668 0.222651
vt 0.412185 0.992330
vt 0.412185 0.996848
vt 0.410225 0.993475
vt 0.533828 0.996958
vt 0.531479 0.997180
vt 0.531479 0.993030
vt 0.441447 0.222567
vt 0.983795 0.017971
vt 0.986430 0.019395
vt 0.983795 0.021950
vt 0.524386 0.996251
vt 0.522099 0.993926
vt 0.525075 0.993068
vt 0.522099 0.996608
vt 0.107242 0.206077
vt 0.664761 0.854161
vt 0.094463 0.196298
vt 0.994869 0.747035
vt 0.990126 0.749585
vt 0.990126 0.744008
vt 0.278380 0.211307
vt 0.277703 0.205736
vt 0.711333 0.848219
vt 0.086250 0.191531
vt 0.978493 0.942306
vt 0.280688 0.197526
vt 0.129864 0.931058
vt 0.136190 0.929339
vt 0.115737 0.927922
vt 0.039030 0.888400
vt 0.317130 0.181923
vt 0.312273 0.185676
vt 0.582427 0.845386
vt 0.973111 0.979159
vt 0.968231 0.954805
vt 0.995334 0.667709
vt 0.996822 0.665933
vt 0.996822 0.671502
vt 0.690601 0.991563
vt 0.688673 0.996719
vt 0.688673 0.990625
vt 0.126055 0.213443
vt 0.506926 0.223742
vt 0.510766 0.221602
vt 0.990835 0.020207
vt 0.993189 0.013772
vt 0.993189 0.024222
vt 0.990193 0.016304
vt 0.987563 0.131436
vt 0.987563 0.124887
vt 0.990616 0.127366
vt 0.986948 0.713100
vt 0.990924 0.711293
vt 0.990924 0.716195
vt 0.437363 0.220626
vt 0.244644 0.996670
vt 0.242590 0.997484
vt 0.241990 0.993470
vt 0.244644 0.990568
vt 0.996034 0.526419
vt 0.992226 0.521825
vt 0.996105 0.521825
vt 0.526045 0.215100
vt 0.253737 0.212408
vt 0.101371 0.199824
vt 0.605528 0.973729
vt 0.995117 0.748998
vt 0.608030 0.973490
vt 0.974504 0.940714
vt 0.073651 0.187076
vt 0.111098 0.932405
vt 0.308728 0.189711
vt 0.022750 0.877083
vt 0.488748 0.224300
vt 0.972918 0.988797
vt 0.134493 0.213981
vt 0.976686 0.958134
vt 0.993993 0.051174
vt 0.990415 0.046870
vt 0.993993 0.040836
vt 0.997454 0.577667
vt 0.997454 0.586467
vt 0.994485 0.581939
vt 0.502616 0.218134
vt 0.973891 0.953269
vt 0.445268 0.220818
vt 0.424574 0.961778
vt 0.413482 0.971324
vt 0.414296 0.951513
vt 0.235044 0.218837
vt 0.424175 0.986201
vt 0.426525 0.989944
vt 0.421484 0.989706
vt 0.434416 0.985329
vt 0.429405 0.972780
vt 0.421996 0.950961
vt 0.436252 0.987967
vt 0.432683 0.974607
vt 0.428093 0.951327
vt 0.431259 0.965377
vt 0.440843 0.983186
vt 0.440396 0.977685
vt 0.444064 0.979544
vt 0.448724 0.971226
vt 0.671816 0.849208
vt 0.677935 0.853473
vt 0.418515 0.213267
vt 0.260203 0.203692
vt 0.698275 0.849645
vt 0.868607 0.196192
vt 0.863540 0.194761
vt 0.865453 0.192934
vt 0.709016 0.845352
vt 0.862105 0.200842
vt 0.861346 0.193037
vt 0.975552 0.934896
vt 0.703387 0.843405
vt 0.340364 0.969161
vt 0.372569 0.989706
vt 0.372569 0.998623
vt 0.367899 0.993130
vt 0.015401 0.927576
vt 0.303837 0.184541
vt 0.047667 0.887196
vt 0.041953 0.891520
vt 0.136676 0.873477
vt 0.562339 0.736570
vt 0.010969 0.874651
vt 0.399678 0.986508
vt 0.405776 0.987226
vt 0.402557 0.989272
vt 0.975350 0.982278
vt 0.976149 0.968503
vt 0.106543 0.924354
vt 0.108712 0.918663
vt 0.108712 0.929238
vt 0.411804 0.986762
vt 0.416476 0.990156
vt 0.976632 0.963950
vt 0.401576 0.950961
vt 0.406415 0.951688
vt 0.400875 0.955749
vt 0.401245 0.961564
vt 0.891081 0.414735
vt 0.890585 0.425152
vt 0.887394 0.422847
vt 0.887394 0.412054
vt 0.527883 0.210035
vt 0.532428 0.214939
vt 0.996047 0.081319
vt 0.993714 0.072354
vt 0.998636 0.072354
vt 0.683312 0.852883
vt 0.995182 0.114253
vt 0.997020 0.110795
vt 0.997020 0.118655
vt 0.685966 0.849879
vt 0.687735 0.849231
vt 0.411384 0.216860
vt 0.412274 0.209260
vt 0.358111 0.991010
vt 0.358111 0.997047
vt 0.355601 0.993889
vt 0.692184 0.850819
vt 0.990963 0.773959
vt 0.990963 0.763920
vt 0.993761 0.767360
vt 0.868510 0.201640
vt 0.868607 0.186131
vt 0.858464 0.192575
vt 0.992987 0.718369
vt 0.992987 0.729177
vt 0.990126 0.727494
vt 0.839024 0.990673
vt 0.837529 0.997318
vt 0.833276 0.990673
vt 0.277844 0.198058
vt 0.270944 0.200480
vt 0.729323 0.419757
vt 0.722160 0.425880
vt 0.722160 0.418675
vt 0.118074 0.873585
vt 0.111098 0.874083
vt 0.021156 0.925563
vt 0.124133 0.872866
vt 0.047292 0.879403
vt 0.042412 0.883488
vt 0.140344 0.875714
vt 0.957235 0.801267
vt 0.957235 0.808984
vt 0.954930 0.806260
vt 0.027840 0.875760
vt 0.014190 0.871642
vt 0.400027 0.979923
vt 0.402480 0.972971
vt 0.399920 0.966131
vt 0.114032 0.203434
vt 0.243990 0.207105
vt 0.106049 0.201298
vt 0.757556 0.970513
vt 0.768007 0.972078
vt 0.764343 0.974764
vt 0.253289 0.207691
vt 0.533109 0.206449
vt 0.445383 0.932133
vt 0.446509 0.938148
vt 0.443321 0.938448
vt 0.690831 0.980636
vt 0.690141 0.987696
vt 0.685999 0.988450
vt 0.440397 0.929231
vt 0.683753 0.980974
vt 0.868043 0.208148
vt 0.993878 0.771656
vt 0.725499 0.996720
vt 0.724552 0.993581
vt 0.726364 0.992044
vt 0.724552 0.989899
vt 0.706054 0.841886
vt 0.710134 0.843176
vt 0.056471 0.870901
vt 0.063353 0.869140
vt 0.057913 0.874998
vt 0.056380 0.861301
vt 0.051769 0.867513
vt 0.286031 0.192097
vt 0.064766 0.863262
vt 0.134882 0.926385
vt 0.955030 0.810737
vt 0.035289 0.880221
vt 0.312046 0.174504
vt 0.147446 0.215225
vt 0.810953 0.424635
vt 0.805721 0.422056
vt 0.813782 0.417497
vt 0.812987 0.410673
vt 0.901241 0.957596
vt 0.895004 0.957942
vt 0.895566 0.952052
vt 0.806509 0.397954
vt 0.807326 0.408547
vt 0.812380 0.397235
vt 0.142397 0.214151
vt 0.811030 0.386608
vt 0.805721 0.382848
vt 0.125846 0.203622
vt 0.237099 0.210669
vt 0.758911 0.978129
vt 0.450316 0.945076
vt 0.452494 0.936556
vt 0.896668 0.409519
vt 0.887906 0.402707
vt 0.663558 0.845656
vt 0.669481 0.845587
vt 0.420865 0.208860
vt 0.425121 0.212105
vt 0.071349 0.882685
vt 0.065018 0.879996
vt 0.066962 0.879439
vt 0.096120 0.191716
vt 0.099439 0.197897
vt 0.093424 0.191820
vt 0.690831 0.973641
vt 0.685295 0.973821
vt 0.076720 0.875101
vt 0.080414 0.884057
vt 0.066575 0.874774
vt 0.063377 0.876874
vt 0.070982 0.868134
vt 0.284876 0.188701
vt 0.285278 0.197086
vt 0.148236 0.982269
vt 0.156028 0.983970
vt 0.147594 0.988906
vt 0.145961 0.980650
vt 0.131162 0.921273
vt 0.118277 0.871559
vt 0.124591 0.918294
vt 0.137199 0.206502
vt 0.898126 0.928080
vt 0.896863 0.918412
vt 0.901241 0.913432
vt 0.458749 0.952865
vt 0.449869 0.956483
vt 0.757075 0.979395
vt 0.761584 0.983008
vt 0.759402 0.986937
vt 0.464968 0.945019
vt 0.461448 0.939765
vt 0.454011 0.934808
vt 0.515167 0.211363
vt 0.519831 0.206438
vt 0.516958 0.212825
vt 0.445357 0.945268
vt 0.440396 0.989854
vt 0.447253 0.989854
vt 0.446963 0.998896
vt 0.448724 0.987680
vt 0.434912 0.211814
vt 0.103964 0.190302
vt 0.056152 0.882224
vt 0.054870 0.877094
vt 0.416328 0.206128
vt 0.083018 0.974147
vt 0.088046 0.984516
vt 0.082589 0.988553
vt 0.094615 0.181596
vt 0.291614 0.183079
vt 0.072479 0.181677
vt 0.078346 0.172520
vt 0.071932 0.183633
vt 0.121695 0.868373
vt 0.111992 0.868339
vt 0.019973 0.919810
vt 0.010969 0.920334
vt 0.040174 0.875947
vt 0.317553 0.178047
vt 0.892882 0.938240
vt 0.896923 0.938490
vt 0.497020 0.213687
vt 0.504896 0.210719
vt 0.507836 0.213657
vt 0.893617 0.922698
vt 0.894321 0.920528
vt 0.450177 0.969052
vt 0.440397 0.966205
vt 0.768007 0.987028
vt 0.905442 0.908513
vt 0.902393 0.899595
vt 0.905442 0.895199
vt 0.123684 0.989859
vt 0.130058 0.989859
vt 0.125648 0.998767
vt 0.987117 0.168627
vt 0.993082 0.171544
vt 0.986562 0.176753
vt 0.174756 0.990544
vt 0.174756 0.997376
vt 0.168620 0.995267
vt 0.893833 0.418317
vt 0.431692 0.201295
vt 0.439635 0.206999
vt 0.898821 0.403578
vt 0.424808 0.203110
vt 0.676050 0.842126
vt 0.680981 0.846888
vt 0.684326 0.841955
vt 0.086887 0.175811
vt 0.156028 0.975656
vt 0.072658 0.171121
vt 0.127146 0.864592
vt 0.068774 0.996895
vt 0.062668 0.996743
vt 0.068774 0.990746
vt 0.329668 0.993140
vt 0.329668 0.982846
vt 0.332401 0.983286
vt 0.612967 0.982561
vt 0.610225 0.984752
vt 0.610225 0.973490
vt 0.135927 0.865317
vt 0.306065 0.176831
vt 0.016936 0.867614
vt 0.957456 0.571210
vt 0.964898 0.576749
vt 0.952653 0.573017
vt 0.891357 0.951956
vt 0.558283 0.795736
vt 0.562340 0.801534
vt 0.558283 0.813959
vt 0.997549 0.125555
vt 0.995182 0.128418
vt 0.995182 0.120830
vt 0.467475 0.947727
vt 0.459786 0.959494
vt 0.453145 0.212172
vt 0.455535 0.211425
vt 0.454366 0.214496
vt 0.468107 0.945465
vt 0.805785 0.972555
vt 0.806591 0.979949
vt 0.800849 0.975093
vt 0.986873 0.558322
vt 0.992814 0.546416
vt 0.992814 0.558504
vt 0.993527 0.177676
vt 0.443790 0.213193
vt 0.993527 0.165533
vt 0.900257 0.415395
vt 0.248722 0.196933
vt 0.991617 0.235847
vt 0.997795 0.233176
vt 0.997795 0.243978
vt 0.691079 0.841886
vt 0.060032 0.886861
vt 0.265633 0.187748
vt 0.285379 0.183745
vt 0.118751 0.861301
vt 0.118081 0.917685
vt 0.044660 0.875431
vt 0.033856 0.869002
vt 0.024773 0.868463
vt 0.950086 0.561345
vt 0.958163 0.556983
vt 0.956934 0.544730
vt 0.946761 0.557856
vt 0.891253 0.937653
vt 0.949998 0.546687
vt 0.150476 0.206355
vt 0.155628 0.210768
vt 0.834495 0.644935
vt 0.822596 0.646096
vt 0.825226 0.644706
vt 0.414359 0.996774
vt 0.414359 0.992331
vt 0.416173 0.996433
vt 0.952362 0.539779
vt 0.491113 0.209704
vt 0.492832 0.199367
vt 0.984801 0.842432
vt 0.984801 0.828879
vt 0.988435 0.840480
vt 0.462891 0.963057
vt 0.958164 0.547609
vt 0.961036 0.539139
vt 0.961097 0.532007
vt 0.505607 0.202896
vt 0.453606 0.206680
vt 0.803651 0.964268
vt 0.806591 0.960353
vt 0.122176 0.190556
vt 0.974504 0.893878
vt 0.981259 0.892057
vt 0.978536 0.898663
vt 0.804459 0.954573
vt 0.521562 0.200536
vt 0.989599 0.903223
vt 0.981592 0.896857
vt 0.326555 0.991412
vt 0.323211 0.997933
vt 0.323211 0.990427
vt 0.989663 0.897231
vt 0.986655 0.886165
vt 0.985590 0.880956
vt 0.989518 0.233184
vt 0.988106 0.890357
vt 0.905764 0.819203
vt 0.905764 0.830049
vt 0.903739 0.825518
vt 0.065791 0.889283
vt 0.055923 0.894178
vt 0.053014 0.890277
vt 0.989663 0.882228
vt 0.987604 0.875042
vt 0.097836 0.182358
vt 0.273190 0.177632
vt 0.699677 0.949061
vt 0.695870 0.955999
vt 0.695870 0.947724
vt 0.697452 0.945550
vt 0.695870 0.939022
vt 0.699664 0.939736
vt 0.696875 0.932566
vt 0.699664 0.930890
vt 0.422284 0.785024
vt 0.424401 0.789013
vt 0.412703 0.787320
vt 0.946881 0.563468
vt 0.441579 0.786613
vt 0.445950 0.789013
vt 0.439058 0.788575
vt 0.990552 0.830926
vt 0.992152 0.839270
vt 0.829108 0.639436
vt 0.836769 0.643965
vt 0.453353 0.786672
vt 0.989576 0.828856
vt 0.816117 0.639504
vt 0.816428 0.645400
vt 0.459139 0.205599
vt 0.069948 0.916866
vt 0.074364 0.906371
vt 0.080414 0.907269
vt 0.062946 0.906039
vt 0.077906 0.901246
vt 0.815984 0.204075
vt 0.825972 0.206112
vt 0.821474 0.209352
vt 0.987772 0.070180
vt 0.984979 0.059871
vt 0.989031 0.063954
vt 0.049842 0.896510
vt 0.284136 0.179370
vt 0.287357 0.178513
vt 0.146947 0.969025
vt 0.154275 0.971161
vt 0.297516 0.175834
vt 0.305526 0.172043
vt 0.023795 0.861301
vt 0.306107 0.167754
vt 0.136130 0.194839
vt 0.060056 0.913351
vt 0.058279 0.915466
vt 0.052301 0.901765
vt 0.518028 0.198671
vt 0.521790 0.195655
vt 0.097709 0.177246
vt 0.089834 0.969408
vt 0.654675 0.969287
vt 0.656796 0.963096
vt 0.657976 0.974093
vt 0.966815 0.611601
vt 0.965901 0.602225
vt 0.970098 0.605359
vt 0.652593 0.959382
vt 0.657976 0.953378
vt 0.698265 0.960878
vt 0.040070 0.864705
vt 0.649379 0.955426
vt 0.427907 0.787532
vt 0.837642 0.636561
vt 0.845017 0.639941
vt 0.452879 0.776439
vt 0.485593 0.206161
vt 0.820192 0.414491
vt 0.831868 0.413778
vt 0.830624 0.416615
vt 0.834730 0.203576
vt 0.838917 0.207391
vt 0.052906 0.909262
vt 0.819084 0.196915
vt 0.442954 0.196249
vt 0.677597 0.998173
vt 0.677597 0.990394
vt 0.681579 0.990919
vt 0.108636 0.177664
vt 0.255089 0.181769
vt 0.082589 0.969136
vt 0.283835 0.177074
vt 0.650717 0.980420
vt 0.654474 0.977574
vt 0.656404 0.980853
vt 0.290754 0.170676
vt 0.969339 0.622527
vt 0.648434 0.974555
vt 0.649545 0.969236
vt 0.926943 0.988024
vt 0.919263 0.981756
vt 0.926943 0.979334
vt 0.922082 0.970504
vt 0.035431 0.862420
vt 0.646958 0.957983
vt 0.153017 0.198181
vt 0.444996 0.769310
vt 0.510458 0.191770
vt 0.654018 0.395027
vt 0.647348 0.393860
vt 0.654708 0.387537
vt 0.989031 0.056349
vt 0.735842 0.962201
vt 0.739233 0.958222
vt 0.738624 0.962968
vt 0.996765 0.287036
vt 0.993430 0.280410
vt 0.996765 0.277846
vt 0.433865 0.193823
vt 0.088289 0.170965
vt 0.098068 0.177220
vt 0.280475 0.173578
vt 0.704722 0.929374
vt 0.712226 0.936759
vt 0.704906 0.937159
vt 0.279114 0.175148
vt 0.701922 0.930426
vt 0.825207 0.990505
vt 0.828548 0.997377
vt 0.821794 0.997377
vt 0.971963 0.622090
vt 0.969126 0.628975
vt 0.976997 0.615445
vt 0.972207 0.600441
vt 0.161439 0.199957
vt 0.416741 0.775511
vt 0.153010 0.184865
vt 0.828795 0.404068
vt 0.838541 0.412432
vt 0.125707 0.178016
vt 0.523314 0.190914
vt 0.994966 0.443614
vt 0.994966 0.438694
vt 0.997170 0.440980
vt 0.436816 0.187084
vt 0.101466 0.176251
vt 0.984575 0.581713
vt 0.990877 0.577667
vt 0.992311 0.585015
vt 0.983781 0.579190
vt 0.266356 0.177408
vt 0.718753 0.932867
vt 0.725076 0.942746
vt 0.274708 0.177746
vt 0.276700 0.175870
vt 0.977664 0.624023
vt 0.975499 0.606648
vt 0.426312 0.766449
vt 0.816149 0.622012
vt 0.499972 0.186522
vt 0.134698 0.180731
vt 0.835891 0.401595
vt 0.822754 0.194804
vt 0.646395 0.383160
vt 0.224944 0.187145
vt 0.232798 0.185066
vt 0.239968 0.176722
vt 0.735024 0.955356
vt 0.729747 0.963956
vt 0.736002 0.965078
vt 0.742789 0.929862
vt 0.732518 0.936383
vt 0.733295 0.928510
vt 0.740490 0.925978
vt 0.729065 0.967162
vt 0.730286 0.952554
vt 0.725890 0.930336
vt 0.991831 0.592096
vt 0.986735 0.587091
vt 0.995117 0.489076
vt 0.995465 0.480900
vt 0.998069 0.489076
vt 0.729848 0.942209
vt 0.724205 0.954000
vt 0.721970 0.966994
vt 0.723398 0.960013
vt 0.721021 0.944281
vt 0.105718 0.179109
vt 0.105933 0.176130
vt 0.859500 0.608813
vt 0.860980 0.605895
vt 0.866329 0.606937
vt 0.097194 0.170730
vt 0.882248 0.607073
vt 0.889150 0.603468
vt 0.890867 0.607032
vt 0.717522 0.929101
vt 0.710480 0.926484
vt 0.716249 0.925978
vt 0.271389 0.174925
vt 0.091350 0.168685
vt 0.972623 0.627549
vt 0.975725 0.630683
vt 0.977664 0.597037
vt 0.843443 0.623019
vt 0.826608 0.616097
vt 0.812390 0.622237
vt 0.144150 0.180312
vt 0.815984 0.410953
vt 0.820723 0.399811
vt 0.839033 0.192641
vt 0.831507 0.190155
vt 0.449546 0.179369
vt 0.516625 0.181367
vt 0.817005 0.193691
vt 0.658175 0.381889
vt 0.665307 0.382574
vt 0.952917 0.995331
vt 0.950148 0.996819
vt 0.950148 0.993040
vt 0.245783 0.174714
vt 0.851885 0.181071
vt 0.861055 0.180121
vt 0.861867 0.182457
vt 0.426460 0.191823
vt 0.426364 0.185994
vt 0.211127 0.994020
vt 0.207263 0.991560
vt 0.211320 0.991483
vt 0.418806 0.190469
vt 0.983781 0.588951
vt 0.865193 0.601186
vt 0.872175 0.607299
vt 0.875660 0.597680
vt 0.259495 0.168647
vt 0.106408 0.171219
vt 0.885600 0.595650
vt 0.412246 0.186265
vt 0.274968 0.172502
vt 0.095806 0.958862
vt 0.094625 0.950148
vt 0.099259 0.955607
vt 0.984217 0.622605
vt 0.989326 0.632928
vt 0.986326 0.637902
vt 0.980508 0.631306
vt 0.097683 0.941164
vt 0.104369 0.944706
vt 0.289054 0.165265
vt 0.104240 0.936873
vt 0.293127 0.164383
vt 0.099119 0.928801
vt 0.094410 0.933167
vt 0.089206 0.925880
vt 0.082588 0.918663
vt 0.093329 0.921206
vt 0.162702 0.184334
vt 0.840277 0.618189
vt 0.440466 0.759211
vt 0.456047 0.188149
vt 0.652417 0.373650
vt 0.529884 0.187814
vt 0.816472 0.182977
vt 0.862372 0.172447
vt 0.865925 0.183140
vt 0.211320 0.997012
vt 0.983073 0.202913
vt 0.983073 0.209310
vt 0.981110 0.206638
vt 0.965758 0.209302
vt 0.965758 0.202913
vt 0.971725 0.204137
vt 0.857910 0.600979
vt 0.415809 0.178664
vt 0.089495 0.953420
vt 0.082588 0.960075
vt 0.985411 0.641338
vt 0.989326 0.642195
vt 0.979838 0.638561
vt 0.981314 0.643667
vt 0.158529 0.181998
vt 0.483896 0.189212
vt 0.117306 0.172562
vt 0.898461 0.809356
vt 0.895882 0.817029
vt 0.895843 0.801858
vt 0.086599 0.966962
vt 0.891703 0.593589
vt 0.993428 0.898835
vt 0.995229 0.908514
vt 0.991837 0.908514
vt 0.263932 0.168399
vt 0.893001 0.600988
vt 0.270638 0.166736
vt 0.273357 0.171916
vt 0.268448 0.171828
vt 0.934353 0.594863
vt 0.927356 0.594863
vt 0.932688 0.582699
vt 0.286980 0.158111
vt 0.280330 0.169004
vt 0.415118 0.760015
vt 0.423663 0.757025
vt 0.408573 0.775662
vt 0.410440 0.758662
vt 0.523428 0.173231
vt 0.231975 0.171556
vt 0.528975 0.172651
vt 0.412853 0.176434
vt 0.897122 0.599842
vt 0.086909 0.153794
vt 0.090093 0.166046
vt 0.081018 0.161680
vt 0.918750 0.581543
vt 0.917863 0.593127
vt 0.908456 0.592584
vt 0.144085 0.165205
vt 0.824378 0.386979
vt 0.831807 0.389926
vt 0.224106 0.173935
vt 0.869468 0.183957
vt 0.868729 0.165550
vt 0.661556 0.365246
vt 0.929117 0.988017
vt 0.929117 0.970504
vt 0.933987 0.987128
vt 0.858278 0.596164
vt 0.094483 0.167680
vt 0.094192 0.157954
vt 0.106485 0.167729
vt 0.838068 0.605718
vt 0.452289 0.761491
vt 0.811262 0.608279
vt 0.503896 0.173479
vt 0.837790 0.177590
vt 0.453690 0.174107
vt 0.648524 0.364573
vt 0.669288 0.381190
vt 0.664754 0.360169
vt 0.849372 0.592637
vt 0.851725 0.591619
vt 0.849928 0.597470
vt 0.261753 0.161958
vt 0.273133 0.144019
vt 0.940439 0.585969
vt 0.874331 0.973391
vt 0.870930 0.977111
vt 0.872820 0.970617
vt 0.524691 0.958129
vt 0.523489 0.964944
vt 0.517567 0.964231
vt 0.981561 0.181266
vt 0.975161 0.179230
vt 0.965757 0.165534
vt 0.530861 0.962253
vt 0.974889 0.165854
vt 0.977151 0.170086
vt 0.535204 0.964465
vt 0.538853 0.959878
vt 0.300958 0.160294
vt 0.293836 0.147175
vt 0.910321 0.580130
vt 0.819354 0.384895
vt 0.135190 0.162638
vt 0.831590 0.171410
vt 0.821956 0.176330
vt 0.112950 0.174195
vt 0.117445 0.159942
vt 0.902385 0.797769
vt 0.901249 0.812653
vt 0.854980 0.585960
vt 0.926937 0.805778
vt 0.935753 0.792453
vt 0.935845 0.810771
vt 0.248710 0.158209
vt 0.885003 0.588101
vt 0.415644 0.166734
vt 0.872367 0.988603
vt 0.874540 0.983935
vt 0.881218 0.990635
vt 0.920409 0.796689
vt 0.924110 0.799957
vt 0.914380 0.799695
vt 0.971686 0.194275
vt 0.970744 0.200739
vt 0.965757 0.195865
vt 0.894834 0.590209
vt 0.977065 0.193102
vt 0.928826 0.964480
vt 0.939190 0.964922
vt 0.937851 0.968329
vt 0.868864 0.982478
vt 0.879160 0.985676
vt 0.973558 0.187804
vt 0.512389 0.962125
vt 0.517545 0.960645
vt 0.266509 0.148861
vt 0.881218 0.965956
vt 0.876444 0.973310
vt 0.982054 0.186884
vt 0.940465 0.797057
vt 0.946871 0.795607
vt 0.955398 0.799092
vt 0.916044 0.963310
vt 0.913745 0.959899
vt 0.921217 0.962375
vt 0.984387 0.179133
vt 0.923551 0.572116
vt 0.546755 0.960309
vt 0.902562 0.578243
vt 0.489588 0.170625
vt 0.513826 0.167004
vt 0.431329 0.168560
vt 0.853890 0.159536
vt 0.108878 0.163363
vt 0.928462 0.795585
vt 0.410403 0.938660
vt 0.415710 0.942941
vt 0.412939 0.948786
vt 0.877526 0.586448
vt 0.423595 0.940128
vt 0.935936 0.959821
vt 0.262898 0.151750
vt 0.908223 0.798405
vt 0.912380 0.794698
vt 0.956831 0.798253
vt 0.955606 0.796565
vt 0.958846 0.794720
vt 0.398530 0.939737
vt 0.401321 0.943959
vt 0.392114 0.942447
vt 0.939672 0.792875
vt 0.817977 0.603031
vt 0.653010 0.355541
vt 0.862592 0.156851
vt 0.240392 0.159786
vt 0.848199 0.159840
vt 0.867609 0.582900
vt 0.106836 0.150647
vt 0.424989 0.160916
vt 0.413807 0.935238
vt 0.384290 0.931691
vt 0.386499 0.946134
vt 0.381249 0.944448
vt 0.898809 0.579037
vt 0.945395 0.788210
vt 0.925075 0.945704
vt 0.285782 0.145285
vt 0.916073 0.948384
vt 0.916414 0.575521
vt 0.908866 0.572997
vt 0.453231 0.746234
vt 0.449811 0.163230
vt 0.120525 0.158245
vt 0.898075 0.791439
vt 0.113581 0.148020
vt 0.254767 0.152872
vt 0.465383 0.706070
vt 0.462728 0.715863
vt 0.460649 0.709137
vt 0.098455 0.136593
vt 0.102802 0.141269
vt 0.950713 0.784699
vt 0.429752 0.745588
vt 0.847197 0.604356
vt 0.483697 0.167020
vt 0.481600 0.184306
vt 0.161298 0.159152
vt 0.812735 0.598339
vt 0.456721 0.164283
vt 0.459136 0.188113
vt 0.445021 0.154937
vt 0.233147 0.160753
vt 0.516638 0.156281
vt 0.657316 0.345516
vt 0.410403 0.930607
vt 0.460094 0.699955
vt 0.465535 0.694314
vt 0.427182 0.923864
vt 0.430203 0.939613
vt 0.521014 0.941039
vt 0.281042 0.131851
vt 0.284433 0.131921
vt 0.422202 0.741377
vt 0.440412 0.738913
vt 0.493274 0.153880
vt 0.833301 0.376771
vt 0.838265 0.383327
vt 0.221770 0.159941
vt 0.827226 0.155492
vt 0.821973 0.163360
vt 0.868008 0.152594
vt 0.851879 0.141671
vt 0.849860 0.576610
vt 0.853785 0.577893
vt 0.867983 0.571659
vt 0.261144 0.152702
vt 0.896916 0.569843
vt 0.939427 0.944531
vt 0.554221 0.898351
vt 0.551051 0.913686
vt 0.550895 0.892797
vt 0.512933 0.934976
vt 0.934379 0.567611
vt 0.542713 0.941241
vt 0.909561 0.940841
vt 0.913504 0.561726
vt 0.842938 0.600831
vt 0.120888 0.147917
vt 0.859643 0.142111
vt 0.852365 0.567504
vt 0.431414 0.912438
vt 0.945609 0.773650
vt 0.531541 0.940847
vt 0.536815 0.937811
vt 0.151625 0.159744
vt 0.489370 0.157424
vt 0.816089 0.590969
vt 0.820435 0.374597
vt 0.149734 0.149097
vt 0.502089 0.149545
vt 0.902431 0.785290
vt 0.527147 0.154629
vt 0.530719 0.162228
vt 0.860252 0.585985
vt 0.861245 0.571681
vt 0.416708 0.155002
vt 0.877083 0.566471
vt 0.881993 0.570837
vt 0.930106 0.781280
vt 0.420434 0.916487
vt 0.378108 0.927292
vt 0.917001 0.777335
vt 0.936665 0.938939
vt 0.958580 0.771149
vt 0.823713 0.361370
vt 0.838697 0.167299
vt 0.133071 0.140672
vt 0.897466 0.779619
vt 0.530033 0.150410
vt 0.847751 0.137608
vt 0.112467 0.134224
vt 0.462286 0.688110
vt 0.460334 0.685892
vt 0.255175 0.139577
vt 0.261512 0.142644
vt 0.390628 0.919440
vt 0.944587 0.550384
vt 0.395881 0.919363
vt 0.938737 0.772537
vt 0.921689 0.930361
vt 0.266502 0.124039
vt 0.926921 0.546751
vt 0.904399 0.547475
vt 0.451691 0.728838
vt 0.837322 0.361428
vt 0.646008 0.342853
vt 0.864089 0.132333
vt 0.234921 0.146417
vt 0.662708 0.338009
vt 0.432357 0.146480
vt 0.241416 0.146800
vt 0.924248 0.771859
vt 0.262506 0.136412
vt 0.099444 0.120050
vt 0.954224 0.766268
vt 0.940911 0.763853
vt 0.288715 0.116800
vt 0.424474 0.727497
vt 0.167014 0.157464
vt 0.413018 0.732849
vt 0.839514 0.584851
vt 0.165048 0.144601
vt 0.835854 0.590524
vt 0.829904 0.354480
vt 0.143943 0.143384
vt 0.226851 0.145708
vt 0.525791 0.142047
vt 0.411123 0.915349
vt 0.465695 0.686349
vt 0.246224 0.140282
vt 0.912326 0.771121
vt 0.516568 0.927612
vt 0.435203 0.724889
vt 0.485527 0.153785
vt 0.826657 0.586295
vt 0.123154 0.137725
vt 0.868093 0.130601
vt 0.902548 0.774848
vt 0.245892 0.124170
vt 0.465174 0.675906
vt 0.934514 0.545614
vt 0.274026 0.120203
vt 0.844582 0.587555
vt 0.456043 0.735975
vt 0.455567 0.145016
vt 0.215041 0.141255
vt 0.824389 0.141467
vt 0.867480 0.551372
vt 0.873263 0.553657
vt 0.913068 0.550920
vt 0.811673 0.579126
vt 0.835312 0.148098
vt 0.841461 0.154172
vt 0.501166 0.133984
vt 0.239111 0.140923
vt 0.102989 0.123151
vt 0.258006 0.124025
vt 0.962872 0.758568
vt 0.963171 0.777583
vt 0.524678 0.923593
vt 0.541106 0.924056
vt 0.548391 0.927201
vt 0.284582 0.114435
vt 0.562325 0.618440
vt 0.562339 0.631140
vt 0.558552 0.619074
vt 0.650670 0.331514
vt 0.440059 0.138131
vt 0.850327 0.554539
vt 0.119646 0.126787
vt 0.408519 0.920263
vt 0.424850 0.904498
vt 0.553416 0.881536
vt 0.556024 0.879432
vt 0.915976 0.758349
vt 0.946745 0.759073
vt 0.914966 0.926783
vt 0.421745 0.723473
vt 0.814834 0.578307
vt 0.511599 0.137145
vt 0.900480 0.765684
vt 0.931573 0.752656
vt 0.883448 0.554339
vt 0.113943 0.112899
vt 0.379116 0.910749
vt 0.462096 0.671443
vt 0.385516 0.904689
vt 0.951912 0.756573
vt 0.836392 0.572531
vt 0.141824 0.124009
vt 0.223747 0.127919
vt 0.228786 0.128332
vt 0.896620 0.759130
vt 0.855125 0.123620
vt 0.418279 0.899213
vt 0.940839 0.531074
vt 0.264927 0.107556
vt 0.534630 0.917909
vt 0.920217 0.536832
vt 0.408519 0.720752
vt 0.414386 0.714161
vt 0.528683 0.129928
vt 0.853713 0.548770
vt 0.409963 0.901490
vt 0.880666 0.542336
vt 0.429927 0.891596
vt 0.451652 0.705754
vt 0.836724 0.347660
vt 0.450567 0.130921
vt 0.216163 0.123925
vt 0.418032 0.147066
vt 0.118909 0.116889
vt 0.862506 0.543061
vt 0.459949 0.664926
vt 0.249392 0.119360
vt 0.920662 0.751604
vt 0.435168 0.904972
vt 0.959872 0.746755
vt 0.389988 0.898159
vt 0.937075 0.919202
vt 0.259809 0.099754
vt 0.276727 0.109284
vt 0.155438 0.126158
vt 0.657565 0.318747
vt 0.126737 0.121153
vt 0.902523 0.757893
vt 0.426500 0.130910
vt 0.417580 0.136605
vt 0.379898 0.897646
vt 0.550960 0.873056
vt 0.955247 0.746853
vt 0.947228 0.743669
vt 0.944486 0.752976
vt 0.916121 0.530889
vt 0.163555 0.129033
vt 0.489007 0.129000
vt 0.493941 0.136613
vt 0.825630 0.556334
vt 0.840491 0.135001
vt 0.644526 0.329189
vt 0.849409 0.118841
vt 0.236026 0.125658
vt 0.926756 0.746833
vt 0.396303 0.895752
vt 0.398754 0.910700
vt 0.841904 0.562857
vt 0.483319 0.129034
vt 0.822123 0.342318
vt 0.833745 0.132535
vt 0.649728 0.311955
vt 0.434720 0.120093
vt 0.874368 0.534819
vt 0.884506 0.541271
vt 0.254997 0.108606
vt 0.439987 0.700361
vt 0.815816 0.560128
vt 0.519298 0.120202
vt 0.898118 0.743442
vt 0.663369 0.319182
vt 0.853543 0.114054
vt 0.420332 0.121785
vt 0.107688 0.100006
vt 0.424444 0.886390
vt 0.556109 0.863743
vt 0.401844 0.899827
vt 0.920178 0.905209
vt 0.527398 0.900521
vt 0.548300 0.900241
vt 0.426378 0.707337
vt 0.457004 0.723386
vt 0.456014 0.707134
vt 0.645559 0.315950
vt 0.867853 0.109496
vt 0.122741 0.111948
vt 0.851019 0.539405
vt 0.410682 0.890902
vt 0.463825 0.654408
vt 0.553821 0.859669
vt 0.935166 0.894658
vt 0.436252 0.882633
vt 0.401286 0.879871
vt 0.518203 0.905309
vt 0.906643 0.524770
vt 0.285502 0.094260
vt 0.422462 0.699620
vt 0.836623 0.555529
vt 0.562339 0.600299
vt 0.156187 0.112324
vt 0.503730 0.113544
vt 0.832238 0.330474
vt 0.461237 0.652531
vt 0.099412 0.100330
vt 0.943292 0.733014
vt 0.914604 0.899822
vt 0.924262 0.518290
vt 0.902246 0.515133
vt 0.900983 0.544293
vt 0.826669 0.331426
vt 0.833521 0.116010
vt 0.838691 0.334616
vt 0.131572 0.110145
vt 0.861327 0.106111
vt 0.529091 0.114244
vt 0.526645 0.106473
vt 0.853822 0.538195
vt 0.123246 0.102092
vt 0.236253 0.107965
vt 0.417858 0.115093
vt 0.419840 0.113104
vt 0.411124 0.883302
vt 0.551620 0.860594
vt 0.937859 0.906749
vt 0.928501 0.892792
vt 0.951296 0.734563
vt 0.397139 0.880847
vt 0.273056 0.082740
vt 0.279730 0.085651
vt 0.543586 0.902657
vt 0.173354 0.120744
vt 0.811492 0.555665
vt 0.446690 0.121291
vt 0.224986 0.109141
vt 0.900886 0.745147
vt 0.867342 0.526558
vt 0.882015 0.525101
vt 0.383497 0.874390
vt 0.912778 0.746680
vt 0.921397 0.722941
vt 0.935745 0.515576
vt 0.270749 0.096194
vt 0.534520 0.900373
vt 0.412350 0.695675
vt 0.455209 0.121548
vt 0.825337 0.120385
vt 0.851802 0.095504
vt 0.429350 0.106665
vt 0.376996 0.881573
vt 0.914448 0.728963
vt 0.389306 0.877920
vt 0.908223 0.923664
vt 0.909220 0.902242
vt 0.425304 0.691272
vt 0.169869 0.108552
vt 0.208358 0.119052
vt 0.208605 0.131488
vt 0.836305 0.325443
vt 0.147942 0.103925
vt 0.446985 0.102981
vt 0.218102 0.104825
vt 0.128876 0.108565
vt 0.853820 0.530602
vt 0.428533 0.869772
vt 0.252673 0.096403
vt 0.840487 0.115479
vt 0.452362 0.110781
vt 0.839990 0.318920
vt 0.646212 0.300105
vt 0.137593 0.100789
vt 0.651279 0.294619
vt 0.657676 0.292734
vt 0.663745 0.295788
vt 0.929695 0.736094
vt 0.459439 0.644013
vt 0.243703 0.099176
vt 0.918781 0.710596
vt 0.957414 0.728968
vt 0.946651 0.724117
vt 0.456658 0.695024
vt 0.438289 0.103967
vt 0.133021 0.096941
vt 0.935892 0.736120
vt 0.420929 0.866547
vt 0.552347 0.846980
vt 0.555989 0.851342
vt 0.938850 0.893147
vt 0.267575 0.086034
vt 0.544074 0.887426
vt 0.546919 0.890493
vt 0.492385 0.106650
vt 0.815212 0.544196
vt 0.821798 0.322866
vt 0.458995 0.110285
vt 0.899677 0.726485
vt 0.902603 0.732903
vt 0.852097 0.518635
vt 0.849372 0.529712
vt 0.927010 0.725653
vt 0.420056 0.102442
vt 0.462431 0.633857
vt 0.465893 0.641685
vt 0.432862 0.865117
vt 0.920864 0.892313
vt 0.914904 0.506861
vt 0.487061 0.104731
vt 0.839370 0.535701
vt 0.843278 0.538534
vt 0.825640 0.314139
vt 0.866058 0.091243
vt 0.224236 0.091948
vt 0.876346 0.513653
vt 0.119018 0.085926
vt 0.399031 0.862894
vt 0.528315 0.886477
vt 0.533669 0.882819
vt 0.541740 0.880532
vt 0.421850 0.682358
vt 0.834354 0.532374
vt 0.164840 0.094584
vt 0.209514 0.104588
vt 0.512024 0.097307
vt 0.860459 0.084830
vt 0.897586 0.722526
vt 0.527927 0.093335
vt 0.850032 0.510448
vt 0.128575 0.083564
vt 0.854293 0.517722
vt 0.411080 0.870417
vt 0.234168 0.092170
vt 0.378680 0.865415
vt 0.114111 0.070764
vt 0.108248 0.067984
vt 0.962327 0.729137
vt 0.942400 0.497608
vt 0.521776 0.885863
vt 0.912265 0.890066
vt 0.448217 0.684353
vt 0.838841 0.104007
vt 0.832228 0.101275
vt 0.863431 0.506972
vt 0.868572 0.506954
vt 0.861433 0.526497
vt 0.936562 0.716505
vt 0.931596 0.716557
vt 0.465668 0.633927
vt 0.460366 0.627048
vt 0.241780 0.082262
vt 0.247431 0.107124
vt 0.249880 0.078818
vt 0.955395 0.711656
vt 0.949601 0.708078
vt 0.905717 0.495614
vt 0.204363 0.131247
vt 0.203329 0.104011
vt 0.151057 0.081175
vt 0.433161 0.092777
vt 0.514396 0.887697
vt 0.925701 0.498105
vt 0.454390 0.679146
vt 0.452627 0.093234
vt 0.137470 0.084119
vt 0.903423 0.719429
vt 0.554575 0.837453
vt 0.247825 0.083295
vt 0.940404 0.716038
vt 0.451319 0.663815
vt 0.831502 0.307438
vt 0.824992 0.102097
vt 0.216829 0.091015
vt 0.136149 0.078051
vt 0.133173 0.090392
vt 0.410885 0.858656
vt 0.884415 0.509017
vt 0.238598 0.083919
vt 0.937647 0.496134
vt 0.448002 0.088886
vt 0.838351 0.308783
vt 0.206516 0.090142
vt 0.516716 0.078680
vt 0.525004 0.089666
vt 0.852504 0.082318
vt 0.663071 0.282613
vt 0.938292 0.878748
vt 0.913863 0.712789
vt 0.962411 0.712952
vt 0.918385 0.875243
vt 0.520156 0.872096
vt 0.267949 0.063041
vt 0.416945 0.667605
vt 0.427493 0.666132
vt 0.181285 0.093678
vt 0.494744 0.088133
vt 0.456902 0.092559
vt 0.820395 0.311555
vt 0.828950 0.093433
vt 0.899318 0.714475
vt 0.901978 0.713779
vt 0.244100 0.069562
vt 0.935088 0.870339
vt 0.391636 0.856394
vt 0.255541 0.068504
vt 0.925554 0.868446
vt 0.262661 0.063057
vt 0.278607 0.065922
vt 0.272344 0.055990
vt 0.821889 0.522174
vt 0.813994 0.526549
vt 0.157489 0.084403
vt 0.837781 0.087887
vt 0.644368 0.290149
vt 0.654326 0.278691
vt 0.852522 0.505630
vt 0.854711 0.505964
vt 0.129203 0.060509
vt 0.552249 0.832588
vt 0.940982 0.704539
vt 0.528126 0.872097
vt 0.547599 0.867340
vt 0.909411 0.887007
vt 0.912970 0.866913
vt 0.913499 0.484408
vt 0.424926 0.663368
vt 0.488898 0.083770
vt 0.171327 0.080150
vt 0.844250 0.090045
vt 0.825351 0.297296
vt 0.647418 0.280069
vt 0.642900 0.274233
vt 0.824925 0.084977
vt 0.419048 0.094658
vt 0.420369 0.848777
vt 0.463057 0.620582
vt 0.465267 0.615242
vt 0.430063 0.847964
vt 0.175534 0.086984
vt 0.836033 0.519483
vt 0.830498 0.294605
vt 0.864694 0.074143
vt 0.874819 0.496188
vt 0.926966 0.706950
vt 0.228740 0.070541
vt 0.554616 0.823227
vt 0.512389 0.870477
vt 0.537674 0.869030
vt 0.543879 0.861050
vt 0.843126 0.517584
vt 0.198858 0.089415
vt 0.836387 0.292725
vt 0.852650 0.491371
vt 0.423228 0.074472
vt 0.879272 0.495608
vt 0.411196 0.851610
vt 0.419084 0.075966
vt 0.379518 0.851538
vt 0.385199 0.846169
vt 0.399913 0.851402
vt 0.534089 0.862749
vt 0.167625 0.069901
vt 0.207026 0.079818
vt 0.830357 0.080409
vt 0.211987 0.075095
vt 0.432230 0.072718
vt 0.659976 0.268335
vt 0.221408 0.077772
vt 0.459661 0.607357
vt 0.945308 0.694893
vt 0.924724 0.477604
vt 0.507070 0.071005
vt 0.141387 0.064134
vt 0.897165 0.699862
vt 0.526181 0.070683
vt 0.858587 0.066485
vt 0.851384 0.067910
vt 0.408721 0.844119
vt 0.230905 0.060478
vt 0.237225 0.063089
vt 0.924095 0.695132
vt 0.552329 0.819896
vt 0.938675 0.866059
vt 0.392730 0.839136
vt 0.523232 0.852825
vt 0.515173 0.861007
vt 0.949306 0.690787
vt 0.814591 0.507878
vt 0.455856 0.073890
vt 0.648278 0.262653
vt 0.850666 0.485048
vt 0.135303 0.059062
vt 0.867095 0.491225
vt 0.934945 0.700785
vt 0.410684 0.838541
vt 0.928712 0.692123
vt 0.382333 0.833203
vt 0.241795 0.056047
vt 0.957783 0.691664
vt 0.964146 0.691504
vt 0.920135 0.859503
vt 0.915494 0.855734
vt 0.531365 0.850621
vt 0.906881 0.478025
vt 0.432863 0.646463
vt 0.838154 0.508872
vt 0.202808 0.077551
vt 0.450409 0.075246
vt 0.146283 0.059273
vt 0.522958 0.072133
vt 0.654741 0.263759
vt 0.900761 0.702312
vt 0.215735 0.060942
vt 0.404018 0.883601
vt 0.406275 0.878064
vt 0.406275 0.891139
vt 0.878121 0.486229
vt 0.884987 0.495169
vt 0.460887 0.603240
vt 0.238157 0.058708
vt 0.242153 0.075615
vt 0.424029 0.830269
vt 0.914813 0.691274
vt 0.119397 0.048281
vt 0.399240 0.834243
vt 0.935672 0.474950
vt 0.264655 0.049611
vt 0.909092 0.860630
vt 0.181118 0.076203
vt 0.494957 0.070745
vt 0.903421 0.699067
vt 0.462948 0.602275
vt 0.936951 0.853349
vt 0.539252 0.851456
vt 0.825514 0.499434
vt 0.824974 0.286809
vt 0.844006 0.079504
vt 0.828463 0.072661
vt 0.555419 0.809554
vt 0.939427 0.852200
vt 0.433700 0.838404
vt 0.428761 0.825595
vt 0.929269 0.850056
vt 0.940400 0.687385
vt 0.902187 0.484589
vt 0.840608 0.072480
vt 0.834542 0.069418
vt 0.204818 0.067233
vt 0.641669 0.260801
vt 0.153418 0.060490
vt 0.868162 0.061673
vt 0.863428 0.059167
vt 0.886999 0.476930
vt 0.466096 0.599621
vt 0.552977 0.806028
vt 0.940673 0.467959
vt 0.254544 0.049817
vt 0.179031 0.063992
vt 0.414999 0.650664
vt 0.410939 0.662387
vt 0.411119 0.639245
vt 0.840975 0.497302
vt 0.489007 0.063429
vt 0.830289 0.273272
vt 0.835349 0.279194
vt 0.899916 0.691703
vt 0.853323 0.478996
vt 0.408519 0.831739
vt 0.869936 0.477773
vt 0.430976 0.056655
vt 0.375439 0.842776
vt 0.377803 0.831234
vt 0.386224 0.832446
vt 0.113059 0.038708
vt 0.432444 0.816101
vt 0.425450 0.640740
vt 0.831613 0.491759
vt 0.173724 0.054832
vt 0.843607 0.063330
vt 0.824291 0.270718
vt 0.520316 0.061818
vt 0.857182 0.053815
vt 0.134102 0.046422
vt 0.420293 0.060379
vt 0.923413 0.677525
vt 0.519668 0.838683
vt 0.945800 0.681355
vt 0.259568 0.030055
vt 0.903534 0.456108
vt 0.451311 0.651765
vt 0.197632 0.077304
vt 0.448153 0.057663
vt 0.453086 0.056878
vt 0.206063 0.055731
vt 0.442680 0.059576
vt 0.657926 0.252503
vt 0.650114 0.247399
vt 0.935967 0.687302
vt 0.513786 0.838669
vt 0.920906 0.841873
vt 0.923685 0.469238
vt 0.545498 0.841631
vt 0.910232 0.462788
vt 0.505212 0.054694
vt 0.643754 0.246621
vt 0.832030 0.061879
vt 0.904195 0.680738
vt 0.896707 0.681573
vt 0.851043 0.052000
vt 0.138954 0.044814
vt 0.852264 0.470361
vt 0.877638 0.466622
vt 0.883124 0.474807
vt 0.462506 0.591905
vt 0.240529 0.047097
vt 0.910262 0.841203
vt 0.267015 0.027997
vt 0.839144 0.059478
vt 0.828055 0.059967
vt 0.144780 0.046123
vt 0.867454 0.049016
vt 0.527005 0.052385
vt 0.861497 0.038262
vt 0.222393 0.051463
vt 0.862276 0.482542
vt 0.863733 0.462394
vt 0.555127 0.800566
vt 0.392498 0.821838
vt 0.952524 0.670133
vt 0.931858 0.450219
vt 0.417561 0.633336
vt 0.180096 0.045712
vt 0.834850 0.484499
vt 0.164825 0.049080
vt 0.837081 0.054453
vt 0.517571 0.044999
vt 0.900859 0.676720
vt 0.411763 0.824366
vt 0.870594 0.466193
vt 0.921014 0.668639
vt 0.913211 0.674860
vt 0.123582 0.030670
vt 0.957574 0.673060
vt 0.398510 0.817623
vt 0.939393 0.670765
vt 0.493944 0.054354
vt 0.450007 0.633601
vt 0.200349 0.056397
vt 0.653206 0.237630
vt 0.445698 0.040003
vt 0.855738 0.035244
vt 0.855163 0.471695
vt 0.420856 0.051599
vt 0.219902 0.036258
vt 0.883526 0.458122
vt 0.466437 0.590826
vt 0.937652 0.839246
vt 0.384198 0.818210
vt 0.239365 0.036138
vt 0.945366 0.656284
vt 0.529317 0.832539
vt 0.535798 0.834083
vt 0.914626 0.450955
vt 0.427232 0.626022
vt 0.815856 0.487620
vt 0.195686 0.059108
vt 0.812753 0.490982
vt 0.161448 0.042049
vt 0.866337 0.034819
vt 0.210763 0.041377
vt 0.138944 0.038817
vt 0.929697 0.671964
vt 0.228276 0.032566
vt 0.553105 0.792632
vt 0.237745 0.039607
vt 0.963777 0.675038
vt 0.917678 0.822541
vt 0.525442 0.820311
vt 0.545750 0.829977
vt 0.829429 0.253406
vt 0.838879 0.265354
vt 0.851727 0.034247
vt 0.136545 0.024857
vt 0.416378 0.810760
vt 0.377865 0.814540
vt 0.460803 0.579165
vt 0.550895 0.793098
vt 0.934518 0.831696
vt 0.250756 0.029258
vt 0.836165 0.253528
vt 0.157896 0.034315
vt 0.657465 0.234748
vt 0.854746 0.461256
vt 0.430769 0.039097
vt 0.425886 0.806680
vt 0.116587 0.022013
vt 0.909999 0.829543
vt 0.922379 0.439231
vt 0.195113 0.046881
vt 0.827835 0.045744
vt 0.831582 0.042427
vt 0.851189 0.464541
vt 0.876530 0.451922
vt 0.411017 0.813944
vt 0.465862 0.577338
vt 0.232756 0.035240
vt 0.962087 0.656606
vt 0.922448 0.822032
vt 0.916072 0.659134
vt 0.837044 0.474049
vt 0.488111 0.040073
vt 0.496250 0.037878
vt 0.842363 0.045021
vt 0.822996 0.252562
vt 0.203610 0.037771
vt 0.646884 0.224167
vt 0.904140 0.664060
vt 0.897829 0.663152
vt 0.868936 0.440564
vt 0.390115 0.802586
vt 0.516972 0.819301
vt 0.939243 0.655825
vt 0.536580 0.820654
vt 0.261100 0.013449
vt 0.419363 0.617806
vt 0.832618 0.471454
vt 0.451341 0.029326
vt 0.837219 0.037417
vt 0.152908 0.031338
vt 0.524156 0.033207
vt 0.527341 0.033966
vt 0.851157 0.450383
vt 0.413126 0.803278
vt 0.420038 0.038083
vt 0.217469 0.025505
vt 0.398368 0.802682
vt 0.940354 0.450892
vt 0.911843 0.438256
vt 0.176658 0.036792
vt 0.503681 0.030778
vt 0.641361 0.235053
vt 0.148208 0.029801
vt 0.463660 0.565087
vt 0.466437 0.563688
vt 0.937184 0.827409
vt 0.551222 0.781267
vt 0.553715 0.777926
vt 0.235011 0.025134
vt 0.909982 0.656554
vt 0.237275 0.022011
vt 0.124180 0.007612
vt 0.949627 0.654040
vt 0.901681 0.440648
vt 0.410447 0.621253
vt 0.432850 0.612228
vt 0.811872 0.463488
vt 0.816189 0.468698
vt 0.161561 0.027902
vt 0.864499 0.011849
vt 0.857480 0.015005
vt 0.142006 0.024987
vt 0.459178 0.564425
vt 0.935021 0.819177
vt 0.958645 0.652127
vt 0.936935 0.437098
vt 0.910688 0.818615
vt 0.544210 0.819019
vt 0.832864 0.236737
vt 0.642524 0.218341
vt 0.653047 0.220814
vt 0.906049 0.655159
vt 0.656269 0.212324
vt 0.211524 0.031258
vt 0.851449 0.011789
vt 0.852286 0.445040
vt 0.410390 0.797765
vt 0.423205 0.024507
vt 0.927150 0.651574
vt 0.133878 0.010048
vt 0.382393 0.796462
vt 0.226938 0.021372
vt 0.429277 0.791892
vt 0.434955 0.796655
vt 0.944161 0.435254
vt 0.994910 0.345192
vt 0.997589 0.338447
vt 0.997589 0.346941
vt 0.251675 0.011724
vt 0.930057 0.436751
vt 0.168642 0.029039
vt 0.196567 0.036568
vt 0.831772 0.028569
vt 0.869391 0.017474
vt 0.997790 0.655610
vt 0.995334 0.649908
vt 0.997790 0.648270
vt 0.934140 0.650096
vt 0.882309 0.441809
vt 0.920176 0.649560
vt 0.426205 0.792908
vt 0.550914 0.770334
vt 0.554869 0.770483
vt 0.937139 0.816474
vt 0.234345 0.017632
vt 0.938737 0.652550
vt 0.917728 0.817378
vt 0.951830 0.649942
vt 0.930080 0.402707
vt 0.927779 0.418194
vt 0.923935 0.415392
vt 0.927190 0.422408
vt 0.530165 0.816005
vt 0.923713 0.406120
vt 0.421953 0.606322
vt 0.493782 0.026813
vt 0.838325 0.237039
vt 0.517761 0.027020
vt 0.900647 0.652133
vt 0.143709 0.019893
vt 0.418180 0.791188
vt 0.411083 0.795981
vt 0.962470 0.648270
vt 0.390932 0.795165
vt 0.396108 0.796022
vt 0.921128 0.814704
vt 0.926286 0.813780
vt 0.401844 0.799476
vt 0.522281 0.816079
vt 0.991911 0.597037
vt 0.996499 0.606616
vt 0.993645 0.605877
vt 0.996499 0.597844
vt 0.918597 0.433298
vt 0.450711 0.621616
vt 0.826034 0.231358
vt 0.155075 0.021759
vt 0.441462 0.025135
vt 0.148621 0.020801
vt 0.895843 0.652323
vt 0.888031 0.440210
vt 0.908223 0.648270
vt 0.234759 0.009556
vt 0.513124 0.814405
vt 0.418347 0.992330
vt 0.421576 0.992330
vt 0.418874 0.996687
vt 0.930080 0.424692
vt 0.907493 0.434153
vt 0.426564 0.591289
vt 0.833211 0.460576
vt 0.178259 0.018932
vt 0.839482 0.028949
vt 0.845576 0.023936
vt 0.869468 0.009779
vt 0.526449 0.023134
vt 0.147570 0.017448
vt 0.146723 0.012881
vt 0.593670 0.980586
vt 0.590497 0.977726
vt 0.592964 0.977009
vt 0.862067 0.442000
vt 0.865810 0.436478
vt 0.419998 0.019243
vt 0.420186 0.025806
vt 0.460462 0.557343
vt 0.817073 0.990505
vt 0.819619 0.995728
vt 0.817073 0.997486
vt 0.963994 0.587051
vt 0.960694 0.585980
vt 0.959269 0.578923
vt 0.933350 0.812946
vt 0.983720 0.730584
vt 0.979886 0.723603
vt 0.987371 0.726590
vt 0.978985 0.718369
vt 0.930102 0.428273
vt 0.260779 0.006831
vt 0.915166 0.428237
vt 0.184806 0.018471
vt 0.842828 0.460653
vt 0.448301 0.601598
vt 0.504387 0.021335
vt 0.200818 0.018520
vt 0.162292 0.019363
vt 0.586538 0.980689
vt 0.590575 0.985085
vt 0.877735 0.436800
vt 0.584441 0.973490
vt 0.813106 0.990505
vt 0.814459 0.997827
vt 0.811262 0.997827
vt 0.859528 0.438835
vt 0.223540 0.011747
vt 0.978985 0.742426
vt 0.981676 0.736209
vt 0.984537 0.737332
vt 0.987952 0.729777
vt 0.595844 0.990856
vt 0.600218 0.990856
vt 0.596327 0.996917
vt 0.227185 0.014106
vt 0.229566 0.015507
vt 0.229497 0.021572
vt 0.701922 0.990410
vt 0.705492 0.992376
vt 0.701922 0.995286
vt 0.245594 0.007271
vt 0.410997 0.593703
vt 0.437519 0.588911
vt 0.190688 0.027425
vt 0.815712 0.453642
vt 0.154981 0.015107
vt 0.449031 0.015898
vt 0.521921 0.014427
vt 0.584441 0.988522
vt 0.922942 0.998737
vt 0.919263 0.990198
vt 0.924726 0.990198
vt 0.734053 0.992127
vt 0.728641 0.998632
vt 0.728641 0.989899
vt 0.888201 0.433417
vt 0.798618 0.989040
vt 0.798618 0.997555
vt 0.795022 0.992765
vt 0.959269 0.594529
vt 0.705472 0.997945
vt 0.126866 0.001087
vt 0.940700 0.428286
vt 0.250578 0.002885
vt 0.257752 0.001324
vt 0.907590 0.428149
vt 0.648176 0.208436
vt 0.905326 0.648270
vt 0.438485 0.012697
vt 0.214739 0.011037
vt 0.423668 0.011704
vt 0.694806 0.981628
vt 0.699480 0.987546
vt 0.693006 0.988180
vt 0.229154 0.011137
vt 0.237344 0.007047
vt 0.903482 0.626579
vt 0.914710 0.636653
vt 0.910705 0.643111
vt 0.901191 0.633905
vt 0.903429 0.610752
vt 0.909427 0.604019
vt 0.907275 0.616805
vt 0.900983 0.618816
vt 0.496906 0.014540
vt 0.835476 0.217538
vt 0.151105 0.007902
vt 0.159333 0.009525
vt 0.872875 0.432195
vt 0.876844 0.432806
vt 0.141649 0.004369
vt 0.879489 0.428149
vt 0.419740 0.011502
vt 0.698868 0.979415
vt 0.931432 0.598710
vt 0.922416 0.600039
vt 0.925717 0.598274
vt 0.663890 0.423323
vt 0.672034 0.423403
vt 0.672703 0.425699
vt 0.912903 0.610846
vt 0.839320 0.451034
vt 0.167054 0.010894
vt 0.830680 0.222617
vt 0.195832 0.015413
vt 0.864302 0.006512
vt 0.860424 0.007082
vt 0.857553 0.004966
vt 0.932219 0.606769
vt 0.934176 0.604505
vt 0.936347 0.597185
vt 0.921198 0.609785
vt 0.925423 0.645052
vt 0.988478 0.459946
vt 0.992312 0.467859
vt 0.988478 0.471672
vt 0.995779 0.989489
vt 0.993102 0.980255
vt 0.995779 0.980174
vt 0.419935 0.590900
vt 0.831231 0.448955
vt 0.447154 0.591094
vt 0.505139 0.009894
vt 0.455188 0.019691
vt 0.188921 0.017075
vt 0.839827 0.017090
vt 0.199931 0.013724
vt 0.830903 0.020815
vt 0.697892 0.998209
vt 0.693006 0.995272
vt 0.697892 0.990354
vt 0.658885 0.201477
vt 0.662528 0.205172
vt 0.660571 0.215305
vt 0.854026 0.001087
vt 0.935280 0.644148
vt 0.932922 0.633186
vt 0.936622 0.638951
vt 0.865249 0.428667
vt 0.926505 0.636035
vt 0.857595 0.002309
vt 0.935924 0.606337
vt 0.693006 0.973641
vt 0.972118 0.781478
vt 0.980690 0.779024
vt 0.984566 0.781478
vt 0.927380 0.613992
vt 0.969290 0.777718
vt 0.670464 0.415089
vt 0.680984 0.422741
vt 0.492581 0.982293
vt 0.492952 0.989530
vt 0.486233 0.990505
vt 0.490999 0.017114
vt 0.943489 0.646044
vt 0.520120 0.007889
vt 0.524446 0.010768
vt 0.650723 0.200697
vt 0.823580 0.017172
vt 0.827551 0.011048
vt 0.209389 0.002833
vt 0.939987 0.636659
vt 0.928331 0.628767
vt 0.937176 0.625444
vt 0.816753 0.009673
vt 0.820779 0.009134
vt 0.943489 0.597037
vt 0.180323 0.984961
vt 0.186698 0.982535
vt 0.185800 0.991563
vt 0.987302 0.394405
vt 0.987302 0.400642
vt 0.984987 0.394585
vt 0.679947 0.411069
vt 0.177545 0.013627
vt 0.820734 0.445341
vt 0.822638 0.216786
vt 0.811262 0.450126
vt 0.643411 0.199153
vt 0.165231 0.004124
vt 0.154551 0.006434
vt 0.997608 0.005105
vt 0.994865 0.011597
vt 0.994865 0.003028
vt 0.834134 0.010710
vt 0.664639 0.202421
vt 0.985355 0.766036
vt 0.645399 0.425636
vt 0.640210 0.418198
vt 0.641987 0.417746
vt 0.630355 0.421248
vt 0.180323 0.993509
vt 0.973627 0.769437
vt 0.477715 0.992196
vt 0.475463 0.978312
vt 0.484861 0.978098
vt 0.663571 0.416005
vt 0.186747 0.004849
vt 0.835202 0.439160
vt 0.176648 0.003522
vt 0.651543 0.197432
vt 0.431842 0.003650
vt 0.823374 0.006777
vt 0.427863 0.003566
vt 0.663390 0.194765
vt 0.424289 0.005345
vt 0.217866 0.001087
vt 0.224396 0.007061
vt 0.815984 0.007878
vt 0.644266 0.403158
vt 0.639703 0.410807
vt 0.638095 0.403989
vt 0.966519 0.766290
vt 0.417507 0.580207
vt 0.491486 0.005113
vt 0.502275 0.004276
vt 0.816535 0.436709
vt 0.843873 0.009256
vt 0.839022 0.218009
vt 0.449902 0.002675
vt 0.442122 0.004980
vt 0.510693 0.005074
vt 0.984581 0.053820
vt 0.984581 0.040836
vt 0.988241 0.050792
vt 0.834733 0.974507
vt 0.839024 0.971931
vt 0.836483 0.981291
vt 0.202110 0.003695
vt 0.092354 0.990479
vt 0.097744 0.996770
vt 0.092354 0.997779
vt 0.994085 0.626021
vt 0.991500 0.630169
vt 0.991500 0.622604
vt 0.830723 0.971992
vt 0.833036 0.978951
vt 0.423750 0.995458
vt 0.427314 0.992331
vt 0.427314 0.996620
vt 0.836856 0.970428
vt 0.976923 0.513237
vt 0.980343 0.507394
vt 0.983666 0.510113
vt 0.655541 0.195074
vt 0.646648 0.945374
vt 0.643925 0.951203
vt 0.641685 0.943438
vt 0.221695 0.002192
vt 0.490235 0.964221
vt 0.664794 0.397804
vt 0.181029 0.003661
vt 0.728823 0.978524
vt 0.734052 0.985401
vt 0.723873 0.987725
vt 0.551369 0.989133
vt 0.552983 0.993414
vt 0.550412 0.990960
vt 0.433852 0.001087
vt 0.984979 0.093174
vt 0.985351 0.088218
vt 0.989738 0.095416
vt 0.821304 0.001087
vt 0.634040 0.397202
vt 0.470468 0.990085
vt 0.974062 0.754221
vt 0.428854 0.581485
vt 0.436727 0.580321
vt 0.843557 0.448379
vt 0.838244 0.435049
vt 0.492734 0.001087
vt 0.499055 0.002762
vt 0.822416 0.436854
vt 0.828256 0.214435
vt 0.506896 0.002206
vt 0.837290 0.985411
vt 0.830723 0.988499
vt 0.396609 0.987313
vt 0.388820 0.998086
vt 0.388020 0.987313
vt 0.647265 0.195572
vt 0.995334 0.679169
vt 0.996916 0.673676
vt 0.996916 0.680992
vt 0.550412 0.997350
vt 0.438047 0.002354
vt 0.988814 0.101560
vt 0.984979 0.097722
vt 0.980701 0.517964
vt 0.651445 0.194216
vt 0.653509 0.196736
vt 0.658538 0.186470
vt 0.647220 0.939506
vt 0.652876 0.945218
vt 0.649747 0.947636
vt 0.653308 0.946739
vt 0.627247 0.412137
vt 0.630848 0.409782
vt 0.671992 0.400847
vt 0.984979 0.086044
vt 0.984979 0.072354
vt 0.991540 0.075026
vt 0.263417 0.985044
vt 0.266960 0.986084
vt 0.266215 0.988613
vt 0.267225 0.981000
vt 0.824815 0.211526
vt 0.815984 0.214350
vt 0.835048 0.214556
vt 0.838855 0.212402
vt 0.261555 0.975838
vt 0.726828 0.974827
vt 0.733313 0.970950
vt 0.734052 0.972416
vt 0.267225 0.970097
vt 0.638760 0.193933
vt 0.993464 0.632447
vt 0.425360 0.578360
vt 0.889079 0.980952
vt 0.885658 0.985770
vt 0.884352 0.971841
vt 0.836315 0.434765
vt 0.887741 0.974289
vt 0.723034 0.975957
vt 0.832563 0.836903
vt 0.833973 0.831597
vt 0.842728 0.837058
vt 0.889079 0.970211
vt 0.885753 0.965956
vt 0.822375 0.832381
vt 0.622924 0.399905
vt 0.680984 0.399261
vt 0.483971 0.964285
vt 0.909834 0.203056
vt 0.907576 0.209330
vt 0.907188 0.200341
vt 0.909834 0.195147
vt 0.888731 0.984508
vt 0.717157 0.978166
vt 0.724812 0.969336
vt 0.846222 0.826575
vt 0.641516 0.182810
vt 0.637124 0.189300
vt 0.650504 0.185163
vt 0.647733 0.930407
vt 0.475414 0.964321
vt 0.627762 0.197086
vt 0.625912 0.188302
vt 0.631397 0.193705
vt 0.983666 0.526596
vt 0.977265 0.516820
vt 0.816469 0.833254
vt 0.821951 0.816820
vt 0.826956 0.821560
vt 0.656075 0.927981
vt 0.665089 0.179617
vt 0.644768 0.928455
vt 0.624736 0.409820
vt 0.622978 0.408164
vt 0.982170 0.752862
vt 0.667420 0.397382
vt 0.435086 0.572146
vt 0.427710 0.566086
vt 0.846533 0.839710
vt 0.850062 0.833475
vt 0.852627 0.841432
vt 0.439462 0.571479
vt 0.835741 0.428149
vt 0.845456 0.839032
vt 0.650965 0.925826
vt 0.966320 0.754442
vt 0.294170 0.968865
vt 0.296044 0.966844
vt 0.302770 0.965020
vt 0.634898 0.181696
vt 0.618984 0.415727
vt 0.994485 0.594832
vt 0.994485 0.588642
vt 0.996985 0.590896
vt 0.966730 0.993997
vt 0.968234 0.993040
vt 0.968234 0.996706
vt 0.988788 0.754173
vt 0.619313 0.397202
vt 0.470916 0.964221
vt 0.296796 0.989805
vt 0.293981 0.989736
vt 0.289291 0.981660
vt 0.310577 0.974682
vt 0.309911 0.967751
vt 0.850364 0.821504
vt 0.643341 0.920346
vt 0.648702 0.924502
vt 0.646175 0.928387
vt 0.663312 0.171619
vt 0.667852 0.179391
vt 0.618778 0.410121
vt 0.977734 0.751776
vt 0.304626 0.989348
vt 0.312668 0.971615
vt 0.856381 0.827022
vt 0.859351 0.830692
vt 0.831340 0.813033
vt 0.655858 0.171693
vt 0.654691 0.920836
vt 0.312289 0.986242
vt 0.312668 0.988858
vt 0.308549 0.990445
vt 0.300522 0.992808
vt 0.438542 0.560847
vt 0.853675 0.821658
vt 0.822840 0.809673
vt 0.624092 0.177815
vt 0.637518 0.176834
vt 0.642621 0.168006
vt 0.137399 0.990968
vt 0.137399 0.998678
vt 0.133200 0.996121
vt 0.849993 0.816986
vt 0.840764 0.811829
vt 0.846907 0.814271
vt 0.658750 0.164053
vt 0.643873 0.912601
vt 0.431850 0.557343
vt 0.132232 0.990106
vt 0.103576 0.993911
vt 0.099919 0.997841
vt 0.099919 0.990479
vt 0.628179 0.174336
vt 0.826263 0.418789
vt 0.829751 0.418798
vt 0.826263 0.425879
vt 0.595844 0.977770
vt 0.600851 0.978100
vt 0.601048 0.988681
vt 0.637117 0.168766
vt 0.635512 0.173857
vt 0.986084 0.372127
vt 0.993481 0.368240
vt 0.993481 0.377522
vt 0.836098 0.805158
vt 0.831327 0.804269
vt 0.651089 0.912958
vt 0.657031 0.913314
vt 0.628462 0.168190
vt 0.652544 0.162838
vt 0.859641 0.810562
vt 0.858810 0.821150
vt 0.467626 0.927057
vt 0.463136 0.926783
vt 0.465443 0.919330
vt 0.468107 0.920964
vt 0.856045 0.812171
vt 0.631904 0.165671
vt 0.601048 0.973490
vt 0.635802 0.163091
vt 0.845986 0.805519
vt 0.753350 0.992717
vt 0.753350 0.998758
vt 0.746510 0.993386
vt 0.752866 0.990019
vt 0.840209 0.803642
vt 0.984987 0.365121
vt 0.644786 0.161131
vt 0.459714 0.916437
vt 0.946761 0.467119
vt 0.950087 0.472091
vt 0.947295 0.472880
vt 0.172210 0.915079
vt 0.171832 0.907040
vt 0.179225 0.906223
vt 0.744963 0.988954
vt 0.615505 0.992060
vt 0.619876 0.992060
vt 0.619289 0.997466
vt 0.954681 0.462184
vt 0.951424 0.476626
vt 0.840574 0.787878
vt 0.647331 0.150398
vt 0.656594 0.894234
vt 0.643630 0.895958
vt 0.855895 0.803515
vt 0.463501 0.908211
vt 0.950023 0.451169
vt 0.631330 0.149686
vt 0.657566 0.147459
vt 0.627670 0.155228
vt 0.175302 0.887113
vt 0.848085 0.785328
vt 0.650142 0.892264
vt 0.864701 0.793200
vt 0.170396 0.887083
vt 0.946761 0.450404
vt 0.634095 0.146458
vt 0.459178 0.898359
vt 0.467701 0.907974
vt 0.954748 0.452663
vt 0.184787 0.888860
vt 0.183701 0.907239
vt 0.186747 0.907303
vt 0.464157 0.892878
vt 0.857586 0.794098
vt 0.626391 0.143719
vt 0.641417 0.143109
vt 0.835617 0.785660
vt 0.651331 0.142658
vt 0.466934 0.896386
vt 0.642094 0.134910
vt 0.644163 0.872507
vt 0.181162 0.881073
vt 0.657054 0.876341
vt 0.656630 0.124020
vt 0.954539 0.440056
vt 0.627883 0.135131
vt 0.843708 0.773330
vt 0.646379 0.133717
vt 0.650725 0.872987
vt 0.865635 0.782008
vt 0.948465 0.432104
vt 0.186747 0.880874
vt 0.840566 0.768459
vt 0.650423 0.125823
vt 0.860361 0.781800
vt 0.644489 0.125060
vt 0.634542 0.128057
vt 0.176003 0.871060
vt 0.849799 0.767758
vt 0.857015 0.771040
vt 0.460372 0.879094
vt 0.468107 0.887973
vt 0.629390 0.124050
vt 0.183562 0.869243
vt 0.637515 0.123902
vt 0.871360 0.775099
vt 0.953935 0.428475
vt 0.179714 0.869027
vt 0.657976 0.865459
vt 0.465598 0.877391
vt 0.867370 0.773340
vt 0.861185 0.770019
vt 0.850758 0.762137
vt 0.656638 0.117492
vt 0.647452 0.864428
vt 0.624766 0.124815
vt 0.949882 0.428149
vt 0.644887 0.118197
vt 0.842121 0.757553
vt 0.652400 0.117499
vt 0.641685 0.865917
vt 0.170822 0.865436
vt 0.634233 0.115969
vt 0.990126 0.741834
vt 0.990126 0.731351
vt 0.993690 0.737742
vt 0.874089 0.772051
vt 0.460898 0.875337
vt 0.176691 0.861301
vt 0.996135 0.921548
vt 0.993519 0.925186
vt 0.991515 0.919338
vt 0.988987 0.925146
vt 0.988987 0.914225
vt 0.866465 0.763926
vt 0.636101 0.110522
vt 0.644948 0.848824
vt 0.875708 0.765093
vt 0.878432 0.771119
vt 0.618778 0.119895
vt 0.620910 0.116672
vt 0.864029 0.751649
vt 0.857348 0.765648
vt 0.644774 0.093490
vt 0.658635 0.100216
vt 0.854832 0.745426
vt 0.656373 0.849825
vt 0.983361 0.490769
vt 0.984792 0.505118
vt 0.980150 0.505220
vt 0.988284 0.502818
vt 0.988284 0.494373
vt 0.969221 0.153504
vt 0.975716 0.150737
vt 0.975716 0.163325
vt 0.976923 0.499510
vt 0.870310 0.752156
vt 0.627864 0.104188
vt 0.845682 0.742352
vt 0.877748 0.749037
vt 0.881965 0.756685
vt 0.619952 0.108497
vt 0.863285 0.740520
vt 0.635071 0.104795
vt 0.655191 0.090797
vt 0.281775 0.993288
vt 0.280904 0.987638
vt 0.287117 0.989209
vt 0.657193 0.841886
vt 0.623038 0.097789
vt 0.643603 0.992061
vt 0.644308 0.997255
vt 0.640035 0.997255
vt 0.281373 0.998071
vt 0.277276 0.998428
vt 0.277276 0.987246
vt 0.929782 0.204555
vt 0.932066 0.197252
vt 0.930827 0.208732
vt 0.638509 0.093051
vt 0.659951 0.093735
vt 0.644225 0.842385
vt 0.875933 0.741536
vt 0.180323 0.978604
vt 0.185484 0.968595
vt 0.184948 0.980361
vt 0.461465 0.998887
vt 0.461465 0.989730
vt 0.468107 0.990806
vt 0.848517 0.733451
vt 0.843995 0.733562
vt 0.647312 0.085102
vt 0.883649 0.743866
vt 0.987847 0.478801
vt 0.620999 0.093281
vt 0.626541 0.095200
vt 0.916027 0.191930
vt 0.928237 0.195166
vt 0.919426 0.205912
vt 0.837041 0.727751
vt 0.668884 0.088476
vt 0.978364 0.140977
vt 0.975476 0.148472
vt 0.962477 0.146905
vt 0.962287 0.137794
vt 0.966507 0.130757
vt 0.977453 0.128856
vt 0.176140 0.982479
vt 0.168620 0.988370
vt 0.169370 0.984037
vt 0.826850 0.720758
vt 0.823089 0.719140
vt 0.827309 0.718746
vt 0.966286 0.122414
vt 0.173006 0.979522
vt 0.177859 0.975432
vt 0.811262 0.711195
vt 0.818437 0.717087
vt 0.811791 0.715376
vt 0.172936 0.973543
vt 0.025583 0.985116
vt 0.022857 0.988927
vt 0.015518 0.988350
vt 0.172945 0.969465
vt 0.168620 0.969024
vt 0.981739 0.151962
vt 0.986513 0.150454
vt 0.987411 0.153944
vt 0.316384 0.984844
vt 0.323888 0.985563
vt 0.314877 0.988253
vt 0.013376 0.977934
vt 0.010969 0.984908
vt 0.011627 0.988590
vt 0.180514 0.962207
vt 0.722378 0.998745
vt 0.717157 0.998745
vt 0.719030 0.989899
vt 0.631437 0.086728
vt 0.632046 0.103087
vt 0.868182 0.748451
vt 0.870740 0.734401
vt 0.861196 0.731891
vt 0.967158 0.096646
vt 0.975963 0.099175
vt 0.967158 0.108363
vt 0.848655 0.718427
vt 0.978364 0.124942
vt 0.969497 0.119352
vt 0.964952 0.118430
vt 0.973286 0.110795
vt 0.984434 0.144718
vt 0.688509 0.082017
vt 0.700017 0.079004
vt 0.698050 0.082760
vt 0.936707 0.192624
vt 0.940066 0.201673
vt 0.934240 0.208190
vt 0.975208 0.106077
vt 0.286952 0.944896
vt 0.292773 0.949309
vt 0.286606 0.958727
vt 0.295561 0.958528
vt 0.654566 0.077714
vt 0.664488 0.073802
vt 0.676903 0.085300
vt 0.314842 0.990427
vt 0.321037 0.991616
vt 0.314842 0.997816
vt 0.198856 0.989460
vt 0.188922 0.986335
vt 0.195647 0.980887
vt 0.683956 0.068240
vt 0.684978 0.083035
vt 0.982817 0.222080
vt 0.987443 0.231002
vt 0.982486 0.230124
vt 0.323653 0.978349
vt 0.688668 0.072853
vt 0.885102 0.734990
vt 0.793099 0.408273
vt 0.784769 0.405441
vt 0.789769 0.404312
vt 0.763985 0.407381
vt 0.769497 0.396596
vt 0.776571 0.408916
vt 0.775228 0.394134
vt 0.748401 0.409459
vt 0.748742 0.399238
vt 0.756600 0.405412
vt 0.855323 0.718414
vt 0.778890 0.395143
vt 0.191224 0.979175
vt 0.987170 0.216696
vt 0.626108 0.083995
vt 0.183829 0.957190
vt 0.793392 0.399335
vt 0.641474 0.078160
vt 0.762826 0.398357
vt 0.743066 0.400535
vt 0.839239 0.712595
vt 0.677782 0.067561
vt 0.817100 0.703177
vt 0.199572 0.987368
vt 0.198921 0.979352
vt 0.321938 0.969779
vt 0.814811 0.695687
vt 0.698191 0.064575
vt 0.872020 0.725294
vt 0.831174 0.701594
vt 0.834752 0.703332
vt 0.980538 0.137657
vt 0.314842 0.969161
vt 0.987411 0.134797
vt 0.021055 0.969147
vt 0.010969 0.970410
vt 0.943061 0.206487
vt 0.943392 0.193676
vt 0.622086 0.085011
vt 0.922569 0.185920
vt 0.990569 0.560679
vt 0.989072 0.567932
vt 0.983781 0.569286
vt 0.013219 0.968602
vt 0.886672 0.725063
vt 0.931526 0.183180
vt 0.865910 0.719322
vt 0.192868 0.971458
vt 0.820308 0.696236
vt 0.982486 0.211527
vt 0.189776 0.970110
vt 0.327494 0.969161
vt 0.687946 0.062904
vt 0.997648 0.305576
vt 0.997648 0.314444
vt 0.994116 0.306618
vt 0.817629 0.694451
vt 0.982771 0.133611
vt 0.941137 0.180865
vt 0.876200 0.729870
vt 0.880428 0.727619
vt 0.180323 0.955104
vt 0.515763 0.996632
vt 0.513558 0.996632
vt 0.514665 0.993068
vt 0.632377 0.079607
vt 0.926015 0.183607
vt 0.635365 0.079187
vt 0.768734 0.384386
vt 0.669851 0.061904
vt 0.683887 0.064794
vt 0.624443 0.071481
vt 0.874039 0.729500
vt 0.764173 0.384292
vt 0.646565 0.066483
vt 0.777038 0.384913
vt 0.199572 0.968999
vt 0.679644 0.063356
vt 0.826538 0.698154
vt 0.068371 0.970473
vt 0.062789 0.967866
vt 0.068774 0.967648
vt 0.571759 0.994331
vt 0.569261 0.997032
vt 0.569261 0.990753
vt 0.063672 0.972469
vt 0.990569 0.575493
vt 0.059814 0.987176
vt 0.058877 0.981241
vt 0.068774 0.984465
vt 0.057760 0.976621
vt 0.057383 0.984774
vt 0.055796 0.974707
vt 0.054603 0.977428
vt 0.880604 0.717327
vt 0.753737 0.378617
vt 0.743599 0.378590
vt 0.238458 0.997386
vt 0.232733 0.996534
vt 0.233475 0.989554
vt 0.998048 0.471050
vt 0.998048 0.478726
vt 0.995117 0.472822
vt 0.436251 0.992331
vt 0.436251 0.996798
vt 0.434384 0.993636
vt 0.063689 0.988572
vt 0.913033 0.183024
vt 0.919914 0.172387
vt 0.624964 0.063816
vt 0.925343 0.175391
vt 0.932066 0.170086
vt 0.865995 0.708068
vt 0.758475 0.379657
vt 0.854697 0.703070
vt 0.295431 0.927485
vt 0.652650 0.059428
vt 0.846403 0.701185
vt 0.662002 0.061082
vt 0.229925 0.998812
vt 0.230717 0.994985
vt 0.229925 0.988878
vt 0.945157 0.178423
vt 0.619221 0.069881
vt 0.631710 0.071396
vt 0.793936 0.385177
vt 0.789031 0.380255
vt 0.637657 0.065889
vt 0.291966 0.927346
vt 0.833405 0.700370
vt 0.249026 0.970097
vt 0.256645 0.971217
vt 0.243324 0.980685
vt 0.893669 0.720372
vt 0.936950 0.176016
vt 0.784530 0.379891
vt 0.284597 0.934624
vt 0.244920 0.986791
vt 0.257630 0.979766
vt 0.774819 0.374822
vt 0.250635 0.988394
vt 0.355664 0.916296
vt 0.346937 0.919111
vt 0.348528 0.914109
vt 0.259381 0.986817
vt 0.882348 0.712913
vt 0.877245 0.708616
vt 0.630182 0.061122
vt 0.860165 0.700016
vt 0.750349 0.370616
vt 0.287037 0.924688
vt 0.241990 0.988394
vt 0.655774 0.056329
vt 0.618778 0.063994
vt 0.913050 0.165533
vt 0.643215 0.047747
vt 0.364234 0.918697
vt 0.361442 0.916995
vt 0.367589 0.914253
vt 0.360253 0.912930
vt 0.817645 0.418789
vt 0.819469 0.419477
vt 0.815984 0.423001
vt 0.295561 0.921938
vt 0.508078 0.991586
vt 0.510028 0.991324
vt 0.510028 0.997056
vt 0.891308 0.710181
vt 0.947517 0.171019
vt 0.950001 0.172744
vt 0.872903 0.696005
vt 0.766791 0.370316
vt 0.819469 0.425965
vt 0.743635 0.373039
vt 0.352281 0.911824
vt 0.761593 0.362511
vt 0.790431 0.363755
vt 0.637469 0.048115
vt 0.757573 0.362348
vt 0.542703 0.993030
vt 0.542554 0.996941
vt 0.539581 0.993030
vt 0.350109 0.907785
vt 0.940113 0.165533
vt 0.885062 0.706352
vt 0.618873 0.057220
vt 0.627851 0.057606
vt 0.787420 0.370008
vt 0.357291 0.911180
vt 0.934240 0.166986
vt 0.948466 0.165922
vt 0.984801 0.820757
vt 0.990535 0.812945
vt 0.993680 0.820825
vt 0.669154 0.988220
vt 0.676806 0.976694
vt 0.677115 0.983165
vt 0.630670 0.047797
vt 0.759419 0.369799
vt 0.864526 0.691811
vt 0.986948 0.695202
vt 0.986948 0.683166
vt 0.990413 0.691496
vt 0.367800 0.905152
vt 0.952091 0.099792
vt 0.955909 0.099461
vt 0.953356 0.108072
vt 0.958473 0.108620
vt 0.993680 0.826682
vt 0.985280 0.825205
vt 0.680489 0.974467
vt 0.681579 0.983956
vt 0.781178 0.378629
vt 0.783018 0.362611
vt 0.752071 0.362166
vt 0.747087 0.362358
vt 0.654345 0.050046
vt 0.362308 0.897481
vt 0.355477 0.896692
vt 0.669154 0.973641
vt 0.882190 0.694918
vt 0.872625 0.683556
vt 0.980538 0.131436
vt 0.980538 0.110794
vt 0.985388 0.120202
vt 0.958757 0.098054
vt 0.786114 0.353356
vt 0.770930 0.354586
vt 0.765609 0.355400
vt 0.366350 0.896291
vt 0.878798 0.687478
vt 0.795526 0.356172
vt 0.794983 0.371000
vt 0.636686 0.039726
vt 0.863420 0.682263
vt 0.646269 0.037825
vt 0.653789 0.036525
vt 0.347572 0.894226
vt 0.903416 0.953771
vt 0.903416 0.942260
vt 0.906030 0.945559
vt 0.775558 0.350185
vt 0.775070 0.362789
vt 0.322274 0.965701
vt 0.329581 0.957625
vt 0.333614 0.966464
vt 0.340364 0.966987
vt 0.337734 0.957784
vt 0.750231 0.351431
vt 0.949872 0.083101
vt 0.953503 0.082495
vt 0.351772 0.882671
vt 0.314842 0.960144
vt 0.320528 0.954585
vt 0.790287 0.343997
vt 0.630955 0.039305
vt 0.754730 0.348120
vt 0.946514 0.087291
vt 0.650633 0.027002
vt 0.781065 0.348178
vt 0.758031 0.347771
vt 0.871710 0.674548
vt 0.957920 0.074085
vt 0.744136 0.338463
vt 0.359426 0.883773
vt 0.641001 0.019862
vt 0.868444 0.664074
vt 0.366973 0.877428
vt 0.887282 0.684828
vt 0.882833 0.672425
vt 0.334752 0.947054
vt 0.795834 0.340763
vt 0.766159 0.340015
vt 0.749359 0.341725
vt 0.646205 0.016227
vt 0.338809 0.941480
vt 0.633883 0.022775
vt 0.793996 0.331316
vt 0.784749 0.339288
vt 0.772508 0.337440
vt 0.323493 0.940027
vt 0.328403 0.936624
vt 0.875559 0.665334
vt 0.656879 0.024782
vt 0.353868 0.865163
vt 0.782380 0.327952
vt 0.754969 0.333156
vt 0.953572 0.059920
vt 0.361615 0.865829
vt 0.764321 0.330349
vt 0.651661 0.004709
vt 0.769661 0.323500
vt 0.773708 0.321381
vt 0.777322 0.327084
vt 0.877014 0.648270
vt 0.946151 0.064152
vt 0.316907 0.931715
vt 0.891778 0.662027
vt 0.752733 0.321169
vt 0.747188 0.321962
vt 0.958757 0.057277
vt 0.332498 0.920999
vt 0.758057 0.327555
vt 0.951106 0.058150
vt 0.743066 0.321700
vt 0.346937 0.862339
vt 0.635208 0.001087
vt 0.628644 0.002348
vt 0.366735 0.859748
vt 0.370748 0.859881
vt 0.641520 0.002632
vt 0.646959 0.003179
vt 0.357491 0.860441
vt 0.888437 0.653451
vt 0.788322 0.319189
vt 0.884753 0.648734
vt 0.778890 0.319302
vt 0.945072 0.056349
vt 0.966320 0.794462
vt 0.969913 0.796324
vt 0.966557 0.803746
vt 0.971457 0.794158
vt 0.972919 0.789222
vt 0.971789 0.784428
vt 0.975633 0.783653
vt 0.323497 0.921527
vt 0.893669 0.651312
vt 0.315949 0.920999
vt 0.766308 0.317827
vt 0.977170 0.787207
vt 0.969959 0.802609
vt 0.794454 0.318657
vt 0.781065 0.318032
vt 0.772949 0.317521
vt 0.758580 0.317520
vt 0.980461 0.783653
vt 0.985537 0.785262
vt 0.982220 0.788091
vt 0.974702 0.807191
vt 0.969533 0.808055
vt 0.975844 0.810109
vt 0.981430 0.805029
vt 0.986472 0.792069
vt 0.991348 0.792436
vt 0.984797 0.807811
vt 0.989423 0.796952
vt 0.991091 0.801695
vt 0.785642 0.317520
vt 0.986034 0.799289
vt 0.877616 0.012723
vt 0.875164 0.011824
vt 0.873833 0.018215
vt 0.354358 0.825049
vt 0.360162 0.820916
vt 0.361911 0.825320
vt 0.490324 0.839331
vt 0.872421 0.027900
vt 0.348182 0.826981
vt 0.338571 0.827965
vt 0.346953 0.825767
vt 0.333347 0.825678
vt 0.871906 0.033928
vt 0.871643 0.042117
vt 0.332552 0.828337
vt 0.348995 0.794188
vt 0.488359 0.834741
vt 0.324418 0.829239
vt 0.874501 0.056213
vt 0.872217 0.051169
vt 0.910522 0.058578
vt 0.898038 0.052125
vt 0.871998 0.057272
vt 0.315996 0.814618
vt 0.339796 0.801638
vt 0.873599 0.064155
vt 0.309132 0.829168
vt 0.302536 0.832103
vt 0.301714 0.830193
vt 0.315415 0.830263
vt 0.329307 0.803294
vt 0.910758 0.071364
vt 0.895448 0.068052
vt 0.873686 0.073951
vt 0.292840 0.833518
vt 0.910859 0.082644
vt 0.890801 0.078819
vt 0.081751 0.832510
vt 0.874389 0.080227
vt 0.302923 0.815188
vt 0.321493 0.806827
vt 0.875279 0.087828
vt 0.292315 0.817601
vt 0.355179 0.793883
vt 0.487144 0.807285
vt 0.910011 0.090997
vt 0.892196 0.096330
vt 0.876576 0.097201
vt 0.283862 0.816921
vt 0.286610 0.834371
vt 0.910790 0.097125
vt 0.880859 0.111798
vt 0.877700 0.105721
vt 0.107150 0.836953
vt 0.101074 0.836106
vt 0.100542 0.831872
vt 0.092839 0.834712
vt 0.096897 0.821596
vt 0.279090 0.835597
vt 0.269789 0.836927
vt 0.273040 0.822829
vt 0.910247 0.109383
vt 0.909315 0.118289
vt 0.893369 0.122842
vt 0.879934 0.122668
vt 0.878383 0.113512
vt 0.090797 0.813774
vt 0.905997 0.140567
vt 0.881681 0.142750
vt 0.908920 0.127506
vt 0.880608 0.132262
vt 0.259820 0.816777
vt 0.261460 0.839136
vt 0.305320 0.799793
vt 0.907026 0.154977
vt 0.906714 0.161968
vt 0.883192 0.161774
vt 0.883977 0.151086
vt 0.907655 0.145666
vt 0.217432 0.853478
vt 0.207158 0.857338
vt 0.215794 0.851431
vt 0.154194 0.851356
vt 0.149174 0.850326
vt 0.145433 0.844882
vt 0.225558 0.850973
vt 0.136589 0.846010
vt 0.254278 0.820454
vt 0.295822 0.790607
vt 0.904564 0.173589
vt 0.891054 0.172348
vt 0.883478 0.168091
vt 0.127681 0.843069
vt 0.135817 0.830304
vt 0.119089 0.840148
vt 0.230581 0.825167
vt 0.244935 0.843860
vt 0.235666 0.847140
vt 0.113382 0.819904
vt 0.253725 0.840157
vt 0.276713 0.805131
vt 0.889670 0.175307
vt 0.169790 0.857743
vt 0.179314 0.855772
vt 0.181313 0.859127
vt 0.163018 0.855626
vt 0.170878 0.839975
vt 0.103372 0.799367
vt 0.310668 0.795137
vt 0.486129 0.788198
vt 0.193439 0.857574
vt 0.189574 0.849301
vt 0.197803 0.846864
vt 0.200761 0.857122
vt 0.210697 0.834772
vt 0.219537 0.831094
vt 0.086446 0.803387
vt 0.291682 0.800456
vt 0.284792 0.798031
vt 0.315399 0.789186
vt 0.321736 0.786191
vt 0.351411 0.775145
vt 0.262074 0.802400
vt 0.331121 0.777548
vt 0.344708 0.773124
vt 0.186747 0.845097
vt 0.854528 0.975944
vt 0.866360 0.981319
vt 0.851626 0.990632
vt 0.155119 0.826665
vt 0.244210 0.825507
vt 0.277482 0.795054
vt 0.183864 0.842061
vt 0.866690 0.990401
vt 0.219215 0.815407
vt 0.138852 0.805156
vt 0.244865 0.810625
vt 0.115473 0.806875
vt 0.096917 0.791245
vt 0.863106 0.975759
vt 0.188922 0.835302
vt 0.269136 0.804953
vt 0.301720 0.785197
vt 0.308599 0.781158
vt 0.866690 0.967508
vt 0.200928 0.828729
vt 0.185736 0.835213
vt 0.235787 0.811133
vt 0.249654 0.798687
vt 0.269078 0.788744
vt 0.281916 0.781139
vt 0.855372 0.966656
vt 0.859989 0.965956
vt 0.283489 0.773910
vt 0.312414 0.770377
vt 0.319311 0.764923
vt 0.341306 0.763016
vt 0.485176 0.760798
vt 0.171323 0.817974
vt 0.207780 0.817174
vt 0.225634 0.797895
vt 0.306975 0.771674
vt 0.201174 0.817999
vt 0.153927 0.810864
vt 0.242487 0.789542
vt 0.251682 0.788891
vt 0.263678 0.790156
vt 0.178001 0.820457
vt 0.233470 0.789812
vt 0.270543 0.778904
vt 0.298633 0.766865
vt 0.971431 0.362947
vt 0.972985 0.351835
vt 0.980016 0.344265
vt 0.346698 0.748123
vt 0.561978 0.856202
vt 0.561978 0.872735
vt 0.558284 0.870261
vt 0.964717 0.361469
vt 0.123905 0.784363
vt 0.974504 0.831450
vt 0.976869 0.826223
vt 0.982627 0.842535
vt 0.982627 0.820763
vt 0.969790 0.340369
vt 0.275921 0.774960
vt 0.291337 0.768258
vt 0.167289 0.804638
vt 0.194250 0.822661
vt 0.199983 0.808543
vt 0.160016 0.794346
vt 0.207458 0.807538
vt 0.217183 0.791048
vt 0.319555 0.745269
vt 0.975181 0.339666
vt 0.236185 0.783040
vt 0.108856 0.773303
vt 0.253217 0.771418
vt 0.256552 0.772191
vt 0.300275 0.753534
vt 0.337956 0.748769
vt 0.239880 0.768097
vt 0.172418 0.799906
vt 0.178613 0.815209
vt 0.206638 0.795318
vt 0.258386 0.764457
vt 0.292026 0.755338
vt 0.100339 0.758269
vt 0.262650 0.767436
vt 0.282052 0.755373
vt 0.975283 0.812945
vt 0.974857 0.327770
vt 0.164028 0.791357
vt 0.155746 0.777313
vt 0.246474 0.763416
vt 0.307802 0.747091
vt 0.964717 0.330201
vt 0.978870 0.327362
vt 0.170090 0.792000
vt 0.226283 0.771640
vt 0.123576 0.759951
vt 0.267898 0.758170
vt 0.308579 0.736105
vt 0.555157 0.989132
vt 0.562144 0.997118
vt 0.555157 0.998283
vt 0.140058 0.762451
vt 0.116222 0.748544
vt 0.280092 0.737431
vt 0.322025 0.729299
vt 0.329165 0.718681
vt 0.342736 0.727268
vt 0.164467 0.778311
vt 0.219159 0.775511
vt 0.268385 0.744772
vt 0.297304 0.735507
vt 0.132232 0.981045
vt 0.138158 0.970508
vt 0.138158 0.987932
vt 0.610567 0.425093
vt 0.612369 0.413772
vt 0.614296 0.425975
vt 0.210802 0.781687
vt 0.271078 0.739949
vt 0.336268 0.709860
vt 0.599458 0.411311
vt 0.610340 0.409123
vt 0.287890 0.736822
vt 0.306756 0.723801
vt 0.311862 0.720819
vt 0.599640 0.403879
vt 0.258170 0.747841
vt 0.151131 0.758515
vt 0.143787 0.989056
vt 0.140423 0.986571
vt 0.143787 0.976962
vt 0.212150 0.776551
vt 0.217687 0.762279
vt 0.249695 0.750414
vt 0.227935 0.751617
vt 0.109598 0.736429
vt 0.231350 0.754243
vt 0.343858 0.709439
vt 0.155038 0.751972
vt 0.161707 0.769925
vt 0.591688 0.395478
vt 0.611875 0.396621
vt 0.143357 0.740966
vt 0.130047 0.746882
vt 0.119160 0.729052
vt 0.255646 0.734869
vt 0.340802 0.693480
vt 0.237203 0.738928
vt 0.296629 0.720283
vt 0.301876 0.711156
vt 0.597765 0.388162
vt 0.287134 0.718497
vt 0.273943 0.720249
vt 0.281848 0.713420
vt 0.311414 0.706160
vt 0.224786 0.742605
vt 0.258868 0.719605
vt 0.324769 0.691477
vt 0.609300 0.379272
vt 0.245788 0.721767
vt 0.290337 0.709497
vt 0.334907 0.680973
vt 0.148361 0.733546
vt 0.616604 0.388758
vt 0.613804 0.374141
vt 0.138594 0.730186
vt 0.596243 0.371988
vt 0.230983 0.735776
vt 0.262899 0.708227
vt 0.273392 0.704062
vt 0.288955 0.697710
vt 0.295753 0.699228
vt 0.300841 0.694264
vt 0.610057 0.361326
vt 0.238779 0.724459
vt 0.309766 0.692216
vt 0.232342 0.722212
vt 0.119754 0.705788
vt 0.132814 0.713039
vt 0.280519 0.695359
vt 0.309568 0.678537
vt 0.248751 0.708616
vt 0.302943 0.688303
vt 0.140303 0.709849
vt 0.272436 0.689561
vt 0.321146 0.669445
vt 0.292900 0.688769
vt 0.236135 0.712588
vt 0.291151 0.676508
vt 0.259835 0.693013
vt 0.332273 0.664472
vt 0.595979 0.351053
vt 0.303866 0.676650
vt 0.609583 0.352914
vt 0.251374 0.690202
vt 0.278602 0.682005
vt 0.281712 0.672762
vt 0.586674 0.356021
vt 0.584414 0.331791
vt 0.246331 0.691637
vt 0.605682 0.335813
vt 0.124448 0.685858
vt 0.287117 0.985071
vt 0.282399 0.970882
vt 0.287117 0.965020
vt 0.292913 0.669575
vt 0.594948 0.332091
vt 0.116033 0.685518
vt 0.294242 0.659935
vt 0.305975 0.648682
vt 0.330216 0.656929
vt 0.267625 0.672185
vt 0.302079 0.661981
vt 0.270278 0.657380
vt 0.282802 0.660547
vt 0.256085 0.668831
vt 0.594480 0.318425
vt 0.605722 0.314553
vt 0.610537 0.335068
vt 0.296941 0.647692
vt 0.583619 0.309623
vt 0.249830 0.669595
vt 0.296991 0.630299
vt 0.320441 0.646226
vt 0.278719 0.641133
vt 0.479002 0.644795
vt 0.591940 0.301503
vt 0.288301 0.643559
vt 0.314537 0.636153
vt 0.271249 0.642133
vt 0.287766 0.626441
vt 0.262794 0.643305
vt 0.604280 0.287582
vt 0.257952 0.639750
vt 0.278600 0.620842
vt 0.314523 0.624960
vt 0.273313 0.627553
vt 0.476108 0.617814
vt 0.267783 0.627540
vt 0.295622 0.616255
vt 0.600722 0.267257
vt 0.610786 0.278111
vt 0.282730 0.608391
vt 0.305469 0.602823
vt 0.317831 0.591055
vt 0.274563 0.603208
vt 0.615039 0.256146
vt 0.291482 0.599171
vt 0.613142 0.255088
vt 0.304426 0.585153
vt 0.597151 0.248905
vt 0.603774 0.246532
vt 0.276603 0.594065
vt 0.272597 0.602605
vt 0.278632 0.584699
vt 0.273338 0.582158
vt 0.291979 0.571901
vt 0.614441 0.235432
vt 0.301759 0.555636
vt 0.277137 0.566721
vt 0.269842 0.558035
vt 0.290248 0.554727
vt 0.611186 0.208164
vt 0.616604 0.211176
vt 0.277990 0.554886
vt 0.283927 0.548286
vt 0.614018 0.200598
vt 0.268685 0.547412
vt 0.278206 0.532763
vt 0.295388 0.545327
vt 0.611626 0.196528
vt 0.271842 0.540703
vt 0.613360 0.196419
vt 0.269528 0.542890
vt 0.607332 0.188323
vt 0.613510 0.183770
vt 0.269811 0.529780
vt 0.603483 0.172870
vt 0.277932 0.519221
vt 0.612244 0.171850
vt 0.266465 0.518326
vt 0.225946 0.931307
vt 0.218360 0.926373
vt 0.460400 0.522759
vt 0.467379 0.520302
vt 0.468294 0.523002
vt 0.602671 0.167766
vt 0.470468 0.959183
vt 0.472454 0.947020
vt 0.263786 0.505809
vt 0.276298 0.506860
vt 0.921474 0.005377
vt 0.918160 0.006367
vt 0.598146 0.168736
vt 0.916708 0.002921
vt 0.928979 0.001087
vt 0.930656 0.153091
vt 0.927360 0.133668
vt 0.933032 0.138381
vt 0.923528 0.139136
vt 0.934854 0.125962
vt 0.932690 0.117655
vt 0.920365 0.121592
vt 0.940918 0.126942
vt 0.921276 0.108136
vt 0.933222 0.099433
vt 0.605289 0.160523
vt 0.465338 0.505368
vt 0.468131 0.508143
vt 0.920301 0.156153
vt 0.914854 0.148047
vt 0.938624 0.140028
vt 0.915728 0.134436
vt 0.938713 0.111985
vt 0.922532 0.089886
vt 0.933354 0.086613
vt 0.924123 0.079995
vt 0.923787 0.030423
vt 0.916290 0.022010
vt 0.927249 0.162481
vt 0.937868 0.156732
vt 0.942897 0.114567
vt 0.914683 0.116771
vt 0.942758 0.096947
vt 0.913033 0.104240
vt 0.913155 0.092746
vt 0.913095 0.084043
vt 0.931002 0.067593
vt 0.935662 0.032869
vt 0.647921 0.428149
vt 0.650849 0.429820
vt 0.646804 0.435323
vt 0.612040 0.159057
vt 0.909439 0.384137
vt 0.914228 0.396325
vt 0.902522 0.384465
vt 0.942212 0.157045
vt 0.913033 0.159147
vt 0.897061 0.371530
vt 0.782962 0.441835
vt 0.796496 0.444589
vt 0.785866 0.446484
vt 0.892996 0.358316
vt 0.899209 0.363859
vt 0.778589 0.445962
vt 0.764320 0.441583
vt 0.769978 0.444893
vt 0.757296 0.443836
vt 0.750534 0.443095
vt 0.942263 0.082175
vt 0.926639 0.061290
vt 0.651319 0.441493
vt 0.665368 0.435927
vt 0.268747 0.493735
vt 0.939346 0.163359
vt 0.916810 0.163026
vt 0.905131 0.371997
vt 0.806611 0.449525
vt 0.797340 0.449753
vt 0.895554 0.355505
vt 0.887280 0.339229
vt 0.885525 0.341378
vt 0.880116 0.326439
vt 0.914303 0.077988
vt 0.941470 0.069500
vt 0.939808 0.054341
vt 0.917190 0.031487
vt 0.671686 0.445788
vt 0.666170 0.443310
vt 0.790192 0.462932
vt 0.904356 0.338907
vt 0.766304 0.451783
vt 0.757881 0.468416
vt 0.882804 0.325542
vt 0.745524 0.457778
vt 0.738236 0.443209
vt 0.876703 0.312543
vt 0.914700 0.063496
vt 0.925113 0.037234
vt 0.611411 0.150880
vt 0.321495 0.906473
vt 0.330014 0.918825
vt 0.317927 0.915004
vt 0.770345 0.462305
vt 0.904597 0.332252
vt 0.897455 0.327478
vt 0.741186 0.467553
vt 0.731541 0.458142
vt 0.735683 0.462874
vt 0.881568 0.313432
vt 0.728414 0.444690
vt 0.722473 0.447416
vt 0.721759 0.444976
vt 0.717460 0.447842
vt 0.705180 0.447928
vt 0.709023 0.449457
vt 0.925462 0.047855
vt 0.671802 0.452178
vt 0.643370 0.446704
vt 0.607292 0.148647
vt 0.262169 0.497782
vt 0.260965 0.487490
vt 0.926924 0.395529
vt 0.919311 0.400532
vt 0.776600 0.469439
vt 0.880738 0.308250
vt 0.937716 0.045323
vt 0.917287 0.041177
vt 0.472917 0.929227
vt 0.314842 0.905875
vt 0.932669 0.383021
vt 0.344212 0.905174
vt 0.343830 0.915033
vt 0.340354 0.914252
vt 0.809088 0.460273
vt 0.928528 0.370310
vt 0.750839 0.471194
vt 0.726821 0.461120
vt 0.914666 0.052102
vt 0.651577 0.448465
vt 0.337441 0.903606
vt 0.914123 0.349686
vt 0.900744 0.317329
vt 0.881095 0.303711
vt 0.702460 0.455396
vt 0.691625 0.451705
vt 0.680394 0.450066
vt 0.660108 0.457087
vt 0.805009 0.476522
vt 0.929522 0.360072
vt 0.919495 0.359081
vt 0.781512 0.480137
vt 0.919636 0.343172
vt 0.913408 0.340587
vt 0.762356 0.473056
vt 0.894915 0.314726
vt 0.709519 0.466829
vt 0.679458 0.453130
vt 0.667842 0.466379
vt 0.612008 0.140603
vt 0.697380 0.465054
vt 0.649408 0.454255
vt 0.320063 0.890320
vt 0.893718 0.306972
vt 0.691938 0.462002
vt 0.678492 0.472892
vt 0.339336 0.890708
vt 0.908765 0.318029
vt 0.718387 0.473808
vt 0.712917 0.470452
vt 0.705139 0.476524
vt 0.945978 0.383007
vt 0.344763 0.888425
vt 0.798683 0.480600
vt 0.926000 0.348985
vt 0.910224 0.322435
vt 0.897612 0.302193
vt 0.896494 0.290404
vt 0.684015 0.473934
vt 0.638132 0.471178
vt 0.604766 0.123636
vt 0.315166 0.883093
vt 0.906103 0.306877
vt 0.901439 0.293406
vt 0.658720 0.478777
vt 0.650462 0.473141
vt 0.343715 0.882014
vt 0.958312 0.367017
vt 0.727010 0.487622
vt 0.672359 0.467835
vt 0.612154 0.124245
vt 0.734534 0.479622
vt 0.906010 0.299987
vt 0.721464 0.489583
vt 0.700537 0.474759
vt 0.690889 0.476439
vt 0.788714 0.494840
vt 0.932489 0.353216
vt 0.767748 0.484455
vt 0.924936 0.334735
vt 0.925537 0.327984
vt 0.919279 0.325260
vt 0.926076 0.316788
vt 0.911833 0.293402
vt 0.672302 0.493504
vt 0.665803 0.481885
vt 0.946586 0.359038
vt 0.742710 0.487530
vt 0.917297 0.311392
vt 0.337141 0.864394
vt 0.934397 0.340686
vt 0.752684 0.487964
vt 0.710951 0.490338
vt 0.700735 0.491685
vt 0.939226 0.345759
vt 0.930487 0.330490
vt 0.918960 0.295394
vt 0.318846 0.874628
vt 0.314842 0.865542
vt 0.773625 0.490310
vt 0.924924 0.309833
vt 0.921587 0.302192
vt 0.959788 0.372148
vt 0.690419 0.491111
vt 0.681249 0.492592
vt 0.804465 0.482980
vt 0.800331 0.498669
vt 0.914512 0.284056
vt 0.343579 0.865792
vt 0.933537 0.330718
vt 0.777786 0.494475
vt 0.760175 0.492105
vt 0.736684 0.490511
vt 0.948414 0.351480
vt 0.742767 0.494725
vt 0.943923 0.340738
vt 0.965643 0.912468
vt 0.969590 0.910185
vt 0.968467 0.927659
vt 0.938441 0.326926
vt 0.966907 0.892753
vt 0.932458 0.311087
vt 0.723698 0.496745
vt 0.964889 0.873668
vt 0.972329 0.871561
vt 0.970917 0.886770
vt 0.712641 0.496118
vt 0.663215 0.495969
vt 0.651065 0.495607
vt 0.635215 0.489569
vt 0.321585 0.863965
vt 0.841263 0.984551
vt 0.848021 0.982174
vt 0.848021 0.993416
vt 0.955206 0.358854
vt 0.947915 0.925947
vt 0.947796 0.934148
vt 0.945204 0.925218
vt 0.794147 0.504973
vt 0.783153 0.499592
vt 0.962823 0.932949
vt 0.971286 0.938390
vt 0.960940 0.927782
vt 0.946041 0.913544
vt 0.961876 0.906619
vt 0.950945 0.900822
vt 0.946718 0.898648
vt 0.925814 0.291041
vt 0.966876 0.862562
vt 0.690997 0.494492
vt 0.335696 0.860847
vt 0.962373 0.948393
vt 0.966430 0.943328
vt 0.970354 0.949758
vt 0.954217 0.918583
vt 0.957519 0.883098
vt 0.946689 0.881709
vt 0.964603 0.850131
vt 0.971610 0.850741
vt 0.970118 0.840887
vt 0.643048 0.499628
vt 0.320125 0.859748
vt 0.962543 0.364799
vt 0.941601 0.948633
vt 0.944961 0.942226
vt 0.946877 0.946542
vt 0.957944 0.942068
vt 0.957905 0.865253
vt 0.946789 0.860542
vt 0.946266 0.845010
vt 0.941601 0.847379
vt 0.667949 0.500690
vt 0.971511 0.822213
vt 0.971541 0.831215
vt 0.963941 0.817747
vt 0.948060 0.951095
vt 0.959721 0.846273
vt 0.946389 0.834026
vt 0.971644 0.812945
vt 0.959939 0.830146
vt 0.946932 0.818343
vt 0.633687 0.500726
vt 0.627005 0.498034
vt 0.964204 0.812968
vt 0.994786 0.634621
vt 0.994786 0.644342
vt 0.991500 0.642622
vt 0.659432 0.503101
vt 0.793120 0.901125
vt 0.954986 0.813177
vt 0.645518 0.502685
vt 0.666162 0.510699
vt 0.663332 0.502745
vt 0.658069 0.507311
vt 0.987250 0.668147
vt 0.795286 0.893097
vt 0.802781 0.892989
vt 0.802234 0.900245
vt 0.662206 0.511985
vt 0.985373 0.680476
vt 0.786495 0.894735
vt 0.804955 0.861127
vt 0.808918 0.875718
vt 0.804955 0.877429
vt 0.558284 0.876937
vt 0.561930 0.874909
vt 0.561930 0.891205
vt 0.664860 0.521975
vt 0.784766 0.878278
vt 0.928134 0.237951
vt 0.802261 0.881651
vt 0.877880 0.626183
vt 0.960706 0.638037
vt 0.962545 0.639593
vt 0.962239 0.645517
vt 0.945664 0.635879
vt 0.945974 0.645729
vt 0.660130 0.521626
vt 0.877417 0.634342
vt 0.937772 0.236390
vt 0.879848 0.639359
vt 0.793137 0.876777
vt 0.954601 0.626705
vt 0.972554 0.704565
vt 0.980473 0.699199
vt 0.976313 0.706449
vt 0.799216 0.870937
vt 0.662161 0.532714
vt 0.982813 0.400564
vt 0.974864 0.395822
vt 0.887037 0.645813
vt 0.966320 0.716195
vt 0.974705 0.711225
vt 0.080414 0.943683
vt 0.962895 0.623908
vt 0.404019 0.814412
vt 0.405566 0.814622
vt 0.404019 0.828958
vt 0.961368 0.623544
vt 0.947327 0.626522
vt 0.657622 0.530681
vt 0.660071 0.533601
vt 0.340884 0.990474
vt 0.340884 0.997849
vt 0.334816 0.991865
vt 0.079186 0.954406
vt 0.073148 0.954547
vt 0.783101 0.861950
vt 0.941652 0.229775
vt 0.946448 0.612468
vt 0.654015 0.544240
vt 0.950772 0.226411
vt 0.949056 0.223897
vt 0.796587 0.853921
vt 0.656490 0.549053
vt 0.949948 0.605029
vt 0.962197 0.604133
vt 0.946474 0.603317
vt 0.652593 0.553351
vt 0.952961 0.219263
vt 0.956723 0.219768
vt 0.782014 0.853311
vt 0.794818 0.846810
vt 0.956892 0.217197
vt 0.653726 0.555902
vt 0.962543 0.215731
vt 0.996943 0.554588
vt 0.994989 0.550988
vt 0.998401 0.549005
vt 0.781439 0.846227
vt 0.982064 0.094422
vt 0.965071 0.089663
vt 0.981812 0.088747
vt 0.945664 0.597037
vt 0.365725 0.996974
vt 0.361909 0.995554
vt 0.365725 0.991010
vt 0.650452 0.560183
vt 0.644748 0.557603
vt 0.962299 0.073213
vt 0.994989 0.546416
vt 0.794352 0.841886
vt 0.639176 0.561138
vt 0.638460 0.557959
vt 0.630883 0.561169
vt 0.627684 0.555924
vt 0.969198 0.558504
vt 0.967072 0.552972
vt 0.983339 0.556604
vt 0.984699 0.542647
vt 0.636663 0.563741
vt 0.983131 0.534422
vt 0.634931 0.568448
vt 0.902393 0.893024
vt 0.902393 0.883823
vt 0.905385 0.887940
vt 0.104369 0.987255
vt 0.095987 0.988304
vt 0.103887 0.978019
vt 0.092354 0.973514
vt 0.205810 0.969135
vt 0.210603 0.985832
vt 0.204177 0.974508
vt 0.211320 0.975186
vt 0.210142 0.971794
vt 0.976922 0.040836
vt 0.981327 0.042200
vt 0.976902 0.044404
vt 0.904967 0.878493
vt 0.981536 0.406957
vt 0.987734 0.406954
vt 0.982103 0.422889
vt 0.099497 0.971411
vt 0.986938 0.422111
vt 0.988300 0.308360
vt 0.991942 0.305576
vt 0.991942 0.311442
vt 0.206307 0.989308
vt 0.201746 0.988078
vt 0.201746 0.968999
vt 0.740355 0.979791
vt 0.736227 0.986997
vt 0.736725 0.976402
vt 0.738969 0.971235
vt 0.736726 0.972938
vt 0.739392 0.970242
vt 0.021502 0.995476
vt 0.025660 0.991101
vt 0.025660 0.996792
vt 0.104369 0.972344
vt 0.504833 0.976693
vt 0.509636 0.970231
vt 0.509636 0.983392
vt 0.500115 0.964221
vt 0.504958 0.965400
vt 0.741702 0.987930
vt 0.149398 0.994684
vt 0.147731 0.995944
vt 0.145961 0.997001
vt 0.982407 0.046920
vt 0.977988 0.046286
vt 0.741359 0.977114
vt 0.459782 0.986950
vt 0.459782 0.980798
vt 0.460565 0.982919
vt 0.687936 0.424105
vt 0.689187 0.421511
vt 0.689187 0.425744
vt 0.147347 0.994387
vt 0.145961 0.991080
vt 0.756992 0.423858
vt 0.752044 0.424281
vt 0.756254 0.420920
vt 0.883169 0.205141
vt 0.890828 0.202276
vt 0.881969 0.203307
vt 0.881118 0.207259
vt 0.875677 0.206336
vt 0.842164 0.406440
vt 0.845051 0.409474
vt 0.843619 0.410487
vt 0.842311 0.404431
vt 0.844316 0.404711
vt 0.977399 0.047835
vt 0.995144 0.869640
vt 0.997274 0.872858
vt 0.994912 0.872858
vt 0.871643 0.205301
vt 0.875274 0.209045
vt 0.988482 0.106947
vt 0.989374 0.103734
vt 0.989374 0.108576
vt 0.753232 0.425807
vt 0.741702 0.969336
vt 0.994116 0.319480
vt 0.994116 0.316618
vt 0.995424 0.318078
vt 0.559915 0.911438
vt 0.558744 0.913458
vt 0.558283 0.911438
vt 0.871873 0.191263
vt 0.751343 0.417884
vt 0.871729 0.196009
vt 0.756992 0.411633
vt 0.964984 0.099488
vt 0.964984 0.108620
vt 0.960931 0.102491
vt 0.871643 0.185999
vt 0.961038 0.096646
vt 0.982131 0.403843
vt 0.093601 0.969136
vt 0.989927 0.315975
vt 0.881218 0.992965
vt 0.877640 0.997047
vt 0.877640 0.992809
vt 0.846139 0.418379
vt 0.982128 0.052227
vt 0.976902 0.053738
vt 0.885033 0.419043
vt 0.885220 0.421889
vt 0.880614 0.417775
vt 0.885220 0.410982
vt 0.843885 0.402707
vt 0.848805 0.403188
vt 0.881732 0.406567
vt 0.996827 0.865985
vt 0.878572 0.407151
vt 0.883136 0.403287
vt 0.885192 0.405192
vt 0.967072 0.592586
vt 0.968444 0.593436
vt 0.967072 0.594836
vt 0.939188 0.970504
vt 0.939188 0.982051
vt 0.936161 0.971948
vt 0.630671 0.584758
vt 0.631299 0.577296
vt 0.635366 0.581024
vt 0.501940 0.989150
vt 0.987454 0.319179
vt 0.984534 0.310828
vt 0.404276 0.912195
vt 0.406275 0.906809
vt 0.406275 0.917457
vt 0.848160 0.412925
vt 0.876642 0.402707
vt 0.871610 0.406039
vt 0.870014 0.402764
vt 0.636828 0.584190
vt 0.496746 0.977763
vt 0.991810 0.319541
vt 0.850983 0.414851
vt 0.847627 0.423598
vt 0.851766 0.404636
vt 0.865145 0.410084
vt 0.865131 0.403738
vt 0.851766 0.425822
vt 0.903416 0.940086
vt 0.958547 0.418824
vt 0.952062 0.423998
vt 0.953746 0.413043
vt 0.872268 0.641066
vt 0.875243 0.645231
vt 0.862691 0.644822
vt 0.959153 0.403537
vt 0.952062 0.402823
vt 0.908351 0.177481
vt 0.218332 0.996873
vt 0.214253 0.996873
vt 0.214903 0.991185
vt 0.852295 0.638012
vt 0.850443 0.645231
vt 0.849372 0.640985
vt 0.859655 0.639784
vt 0.868954 0.635406
vt 0.870415 0.638635
vt 0.646112 0.591260
vt 0.641848 0.588732
vt 0.649321 0.589036
vt 0.630718 0.592271
vt 0.967793 0.404806
vt 0.632448 0.589125
vt 0.970730 0.405473
vt 0.986308 0.103734
vt 0.986308 0.108612
vt 0.984979 0.106659
vt 0.143787 0.994788
vt 0.141747 0.997004
vt 0.141747 0.991231
vt 0.858792 0.625184
vt 0.853081 0.627585
vt 0.865446 0.620266
vt 0.853779 0.619896
vt 0.987787 0.038661
vt 0.983795 0.033215
vt 0.987787 0.024125
vt 0.627249 0.588866
vt 0.855679 0.610988
vt 0.867106 0.612251
vt 0.621189 0.594723
vt 0.623168 0.595819
vt 0.383574 0.585199
vt 0.377275 0.601132
vt 0.377509 0.588940
vt 0.385088 0.596817
vt 0.640883 0.604390
vt 0.634104 0.605171
vt 0.629763 0.599347
vt 0.376608 0.608460
vt 0.642704 0.609197
vt 0.647233 0.608402
vt 0.386652 0.620047
vt 0.376140 0.618076
vt 0.642623 0.617648
vt 0.623999 0.608597
vt 0.377709 0.624720
vt 0.655262 0.614401
vt 0.375695 0.623900
vt 0.659846 0.618805
vt 0.656277 0.619767
vt 0.627294 0.617161
vt 0.393492 0.631564
vt 0.378079 0.631603
vt 0.405739 0.632889
vt 0.390370 0.638065
vt 0.667470 0.625552
vt 0.661043 0.617592
vt 0.666950 0.621335
vt 0.375439 0.633413
vt 0.638731 0.623020
vt 0.405623 0.637768
vt 0.672748 0.625541
vt 0.662691 0.631319
vt 0.654043 0.638374
vt 0.624311 0.622633
vt 0.376794 0.638444
vt 0.636052 0.628201
vt 0.715940 0.098589
vt 0.719484 0.087762
vt 0.718936 0.095127
vt 0.404939 0.648910
vt 0.391906 0.653144
vt 0.678417 0.629244
vt 0.376734 0.645061
vt 0.685293 0.638243
vt 0.623549 0.629232
vt 0.376495 0.657267
vt 0.688838 0.636185
vt 0.717383 0.103716
vt 0.679120 0.643260
vt 0.639278 0.636341
vt 0.405539 0.663533
vt 0.630795 0.641830
vt 0.712312 0.113256
vt 0.393847 0.670966
vt 0.714862 0.114657
vt 0.712515 0.122630
vt 0.710021 0.124484
vt 0.376707 0.669650
vt 0.671520 0.647704
vt 0.405549 0.674453
vt 0.723717 0.114596
vt 0.699052 0.644101
vt 0.378217 0.680345
vt 0.644948 0.644672
vt 0.396463 0.682213
vt 0.701826 0.651021
vt 0.684533 0.657322
vt 0.664091 0.652164
vt 0.634450 0.658791
vt 0.623666 0.652395
vt 0.710913 0.137377
vt 0.707922 0.650574
vt 0.709814 0.656421
vt 0.719583 0.127291
vt 0.701730 0.660686
vt 0.406344 0.690063
vt 0.707332 0.140803
vt 0.729606 0.118739
vt 0.377927 0.690643
vt 0.716263 0.657649
vt 0.657690 0.660190
vt 0.404159 0.695063
vt 0.718617 0.664187
vt 0.649845 0.658587
vt 0.640587 0.663472
vt 0.387451 0.704417
vt 0.376883 0.695562
vt 0.720181 0.661362
vt 0.726110 0.131759
vt 0.680329 0.664419
vt 0.716425 0.147381
vt 0.667996 0.663771
vt 0.725074 0.667283
vt 0.737736 0.124246
vt 0.734375 0.134111
vt 0.620021 0.657169
vt 0.405897 0.704571
vt 0.707948 0.157948
vt 0.704455 0.155854
vt 0.377836 0.709529
vt 0.375790 0.702169
vt 0.724190 0.155244
vt 0.706296 0.674187
vt 0.633083 0.665427
vt 0.705613 0.164372
vt 0.703331 0.165849
vt 0.720842 0.677845
vt 0.659703 0.678906
vt 0.648993 0.670636
vt 0.405270 0.713791
vt 0.733832 0.679407
vt 0.734036 0.149855
vt 0.699729 0.679714
vt 0.747105 0.128146
vt 0.675052 0.680586
vt 0.377471 0.722498
vt 0.731131 0.671685
vt 0.744227 0.138372
vt 0.646008 0.674935
vt 0.639855 0.675415
vt 0.623965 0.670801
vt 0.397023 0.723147
vt 0.714384 0.166312
vt 0.741004 0.682272
vt 0.702918 0.178533
vt 0.705745 0.174711
vt 0.405980 0.725098
vt 0.684517 0.680641
vt 0.632278 0.678349
vt 0.731744 0.688933
vt 0.718275 0.687710
vt 0.740800 0.148648
vt 0.693622 0.685540
vt 0.713305 0.176605
vt 0.747449 0.694752
vt 0.762906 0.134732
vt 0.667888 0.686101
vt 0.624159 0.674817
vt 0.721320 0.172191
vt 0.761792 0.145270
vt 0.656049 0.684495
vt 0.638740 0.684725
vt 0.633611 0.682136
vt 0.754148 0.697683
vt 0.760419 0.157744
vt 0.636337 0.910602
vt 0.705033 0.187545
vt 0.405865 0.736526
vt 0.390730 0.745752
vt 0.729607 0.169781
vt 0.715939 0.695483
vt 0.675904 0.694484
vt 0.649181 0.691281
vt 0.702191 0.191246
vt 0.376947 0.740225
vt 0.749246 0.707991
vt 0.735801 0.173174
vt 0.703841 0.693918
vt 0.636415 0.918335
vt 0.638444 0.915336
vt 0.713511 0.195156
vt 0.694321 0.714308
vt 0.667728 0.696149
vt 0.616820 0.921515
vt 0.641854 0.689094
vt 0.719010 0.184173
vt 0.736149 0.704016
vt 0.708575 0.699983
vt 0.697500 0.718289
vt 0.636936 0.923944
vt 0.405674 0.745327
vt 0.702472 0.201522
vt 0.705980 0.202208
vt 0.659016 0.702028
vt 0.647925 0.694725
vt 0.759974 0.704212
vt 0.729566 0.183353
vt 0.751534 0.172589
vt 0.683914 0.703593
vt 0.778369 0.141242
vt 0.405500 0.754487
vt 0.377598 0.748031
vt 0.759509 0.709610
vt 0.768058 0.154013
vt 0.780990 0.138741
vt 0.702359 0.211987
vt 0.765147 0.712212
vt 0.724811 0.712747
vt 0.616048 0.933742
vt 0.635735 0.931743
vt 0.656217 0.703175
vt 0.379028 0.755458
vt 0.376826 0.755654
vt 0.721066 0.208580
vt 0.726740 0.202301
vt 0.679459 0.709680
vt 0.668441 0.713126
vt 0.712992 0.219883
vt 0.666237 0.713987
vt 0.405113 0.763275
vt 0.734450 0.192918
vt 0.738769 0.727513
vt 0.761513 0.169568
vt 0.778174 0.154334
vt 0.702953 0.222444
vt 0.771768 0.724100
vt 0.692202 0.723504
vt 0.616936 0.943337
vt 0.675182 0.718718
vt 0.389824 0.769400
vt 0.377386 0.764637
vt 0.771443 0.720845
vt 0.763281 0.730737
vt 0.780421 0.154548
vt 0.703656 0.229919
vt 0.725643 0.727158
vt 0.759331 0.193426
vt 0.636217 0.940926
vt 0.404665 0.769406
vt 0.706134 0.233820
vt 0.752413 0.732111
vt 0.744133 0.198681
vt 0.710624 0.728526
vt 0.770951 0.173939
vt 0.720242 0.230247
vt 0.732466 0.220551
vt 0.683688 0.731595
vt 0.377279 0.777440
vt 0.780049 0.734289
vt 0.739203 0.209669
vt 0.767144 0.191988
vt 0.777783 0.175422
vt 0.636403 0.948967
vt 0.675059 0.724417
vt 0.777418 0.733973
vt 0.780055 0.167820
vt 0.616046 0.951482
vt 0.403741 0.779977
vt 0.715893 0.242360
vt 0.381643 0.784317
vt 0.710904 0.736161
vt 0.734170 0.416501
vt 0.713659 0.416161
vt 0.714126 0.408129
vt 0.707180 0.242036
vt 0.705110 0.242956
vt 0.727848 0.228594
vt 0.721693 0.734923
vt 0.683557 0.735215
vt 0.770555 0.743547
vt 0.742150 0.741128
vt 0.733822 0.741243
vt 0.778222 0.192123
vt 0.704296 0.740152
vt 0.706558 0.250385
vt 0.780695 0.182999
vt 0.692899 0.743698
vt 0.734404 0.407434
vt 0.712462 0.249768
vt 0.376159 0.785718
vt 0.784988 0.744829
vt 0.750352 0.219486
vt 0.761781 0.211632
vt 0.743782 0.230192
vt 0.402803 0.792004
vt 0.404989 0.785821
vt 0.708877 0.257680
vt 0.763343 0.746703
vt 0.748577 0.755178
vt 0.723879 0.757171
vt 0.812181 0.968254
vt 0.811262 0.962077
vt 0.814480 0.962608
vt 0.377788 0.792991
vt 0.730989 0.241973
vt 0.715926 0.399931
vt 0.839089 0.956765
vt 0.835240 0.966691
vt 0.779078 0.760790
vt 0.754076 0.244900
vt 0.742113 0.759952
vt 0.773345 0.225093
vt 0.780644 0.202284
vt 0.734251 0.398167
vt 0.737869 0.396578
vt 0.704953 0.761246
vt 0.690977 0.745854
vt 0.813415 0.956438
vt 0.713305 0.266569
vt 0.709625 0.265939
vt 0.839089 0.947349
vt 0.788937 0.757979
vt 0.789914 0.752067
vt 0.794219 0.762789
vt 0.723953 0.272961
vt 0.774482 0.769576
vt 0.714622 0.275692
vt 0.698773 0.758949
vt 0.729458 0.264225
vt 0.737295 0.255159
vt 0.780810 0.221654
vt 0.783799 0.217794
vt 0.716950 0.389488
vt 0.751554 0.253833
vt 0.752738 0.769257
vt 0.766132 0.234856
vt 0.717826 0.763855
vt 0.796161 0.773310
vt 0.734429 0.384258
vt 0.714908 0.282033
vt 0.838749 0.936518
vt 0.765957 0.782134
vt 0.738346 0.385241
vt 0.821612 0.937482
vt 0.756632 0.785013
vt 0.735701 0.772935
vt 0.726634 0.778407
vt 0.786301 0.777594
vt 0.706487 0.773119
vt 0.722415 0.291263
vt 0.811728 0.942659
vt 0.799035 0.775108
vt 0.742749 0.267705
vt 0.734080 0.274457
vt 0.811824 0.929004
vt 0.756446 0.272015
vt 0.713522 0.780894
vt 0.750014 0.791299
vt 0.739396 0.791163
vt 0.722418 0.370884
vt 0.837717 0.923814
vt 0.801670 0.789392
vt 0.779059 0.786258
vt 0.719487 0.792163
vt 0.737227 0.373769
vt 0.716895 0.378006
vt 0.720617 0.297203
vt 0.803241 0.789238
vt 0.780170 0.250366
vt 0.788825 0.230838
vt 0.827543 0.916214
vt 0.754918 0.285248
vt 0.735329 0.785549
vt 0.789542 0.241571
vt 0.712641 0.785816
vt 0.733516 0.300390
vt 0.791740 0.793659
vt 0.764467 0.262592
vt 0.775170 0.256340
vt 0.741059 0.296441
vt 0.748260 0.287440
vt 0.794690 0.248255
vt 0.736547 0.359137
vt 0.716877 0.367506
vt 0.727917 0.305594
vt 0.730426 0.799986
vt 0.838495 0.915252
vt 0.805605 0.798571
vt 0.768626 0.806102
vt 0.717371 0.355038
vt 0.726021 0.308172
vt 0.811950 0.918102
vt 0.772408 0.281522
vt 0.776558 0.274278
vt 0.794767 0.257012
vt 0.720341 0.803269
vt 0.809088 0.804096
vt 0.803447 0.799755
vt 0.785686 0.813982
vt 0.974728 0.053851
vt 0.971175 0.045998
vt 0.974728 0.040836
vt 0.717309 0.800127
vt 0.975505 0.733910
vt 0.976811 0.748242
vt 0.971761 0.749602
vt 0.821643 0.421690
vt 0.824089 0.418789
vt 0.824089 0.425945
vt 0.979715 0.932722
vt 0.975475 0.919421
vt 0.979469 0.916812
vt 0.979715 0.905592
vt 0.974504 0.905397
vt 0.740155 0.301536
vt 0.781828 0.267637
vt 0.970283 0.747472
vt 0.973015 0.727751
vt 0.739879 0.306373
vt 0.773004 0.295414
vt 0.753626 0.812853
vt 0.787844 0.265199
vt 0.727721 0.313655
vt 0.976811 0.719941
vt 0.804177 0.809869
vt 0.746715 0.302491
vt 0.757440 0.304111
vt 0.755868 0.294080
vt 0.741284 0.812949
vt 0.140504 0.955738
vt 0.143787 0.947618
vt 0.143787 0.960241
vt 0.736195 0.314647
vt 0.966320 0.738274
vt 0.970226 0.718369
vt 0.795757 0.810968
vt 0.724606 0.821444
vt 0.728835 0.315346
vt 0.981607 0.590281
vt 0.975197 0.590412
vt 0.976950 0.581232
vt 0.743242 0.310423
vt 0.967072 0.588552
vt 0.747951 0.309417
vt 0.969906 0.570500
vt 0.977537 0.560679
vt 0.969048 0.560679
vt 0.995601 0.101560
vt 0.991912 0.095386
vt 0.995601 0.092053
vt 0.737245 0.348572
vt 0.718064 0.338964
vt 0.274393 0.970097
vt 0.274393 0.988361
vt 0.269399 0.984934
vt 0.980047 0.448921
vt 0.980047 0.428149
vt 0.984846 0.434207
vt 0.861247 0.992807
vt 0.861247 0.997086
vt 0.857758 0.994375
vt 0.791724 0.814302
vt 0.784524 0.289878
vt 0.791170 0.284065
vt 0.721631 0.818085
vt 0.222077 0.994470
vt 0.225946 0.991185
vt 0.225946 0.996869
vt 0.787042 0.819001
vt 0.755976 0.821512
vt 0.734969 0.827318
vt 0.760226 0.308294
vt 0.754529 0.313977
vt 0.032750 0.946565
vt 0.026085 0.932837
vt 0.034369 0.925904
vt 0.033726 0.922519
vt 0.803994 0.269390
vt 0.740260 0.354089
vt 0.739324 0.339514
vt 0.034369 0.951749
vt 0.026286 0.953686
vt 0.026514 0.919810
vt 0.789614 0.821310
vt 0.800331 0.283762
vt 0.771489 0.301684
vt 0.775973 0.823793
vt 0.767425 0.824876
vt 0.809136 0.281328
vt 0.759622 0.312811
vt 0.853035 0.904056
vt 0.872635 0.908535
vt 0.851626 0.908932
vt 0.884055 0.904671
vt 0.885718 0.908932
vt 0.785468 0.823526
vt 0.779802 0.825015
vt 0.737721 0.333933
vt 0.740405 0.328532
vt 0.728934 0.332406
vt 0.718274 0.326690
vt 0.772166 0.306963
vt 0.878366 0.899498
vt 0.854898 0.894670
vt 0.885510 0.898872
vt 0.727462 0.833587
vt 0.852408 0.890459
vt 0.782320 0.298649
vt 0.885573 0.890441
vt 0.771542 0.827568
vt 0.792127 0.291238
vt 0.751157 0.829251
vt 0.883968 0.886712
vt 0.767866 0.828932
vt 0.758346 0.831779
vt 0.855343 0.880291
vt 0.878108 0.873793
vt 0.884609 0.876987
vt 0.735688 0.834207
vt 0.782138 0.303618
vt 0.790342 0.298080
vt 0.803106 0.289580
vt 0.736704 0.317521
vt 0.723758 0.831467
vt 0.855605 0.866775
vt 0.852800 0.870476
vt 0.883451 0.856224
vt 0.747618 0.834498
vt 0.813809 0.289149
vt 0.723253 0.318090
vt 0.884171 0.866094
vt 0.984534 0.289210
vt 0.989241 0.298055
vt 0.984534 0.303401
vt 0.807340 0.292391
vt 0.856365 0.853199
vt 0.867705 0.852147
vt 0.737941 0.837639
vt 0.740892 0.320261
vt 0.728007 0.839711
vt 0.882932 0.848072
vt 0.716807 0.317815
vt 0.713659 0.320012
vt 0.861263 0.844258
vt 0.884391 0.846137
vt 0.857134 0.846019
vt 0.874698 0.843607
vt 0.881176 0.844294
vt 0.313040 0.549917
vt 0.993363 0.194273
vt 0.992554 0.206390
vt 0.986562 0.194273
vt 0.145961 0.918289
vt 0.308756 0.545488
vt 0.317866 0.535570
vt 0.428387 0.553669
vt 0.314312 0.519330
vt 0.297293 0.534843
vt 0.287308 0.529567
vt 0.302777 0.523439
vt 0.289151 0.513968
vt 0.305418 0.508427
vt 0.293001 0.508163
vt 0.442658 0.520441
vt 0.442747 0.523411
vt 0.210483 0.926554
vt 0.452476 0.521374
vt 0.300010 0.493488
vt 0.458062 0.513032
vt 0.284706 0.499016
vt 0.450168 0.512345
vt 0.290221 0.488208
vt 0.457638 0.493871
vt 0.277940 0.492407
vt 0.300516 0.479334
vt 0.281349 0.481324
vt 0.467647 0.490334
vt 0.287814 0.476109
vt 0.471207 0.926525
vt 0.470564 0.944298
vt 0.466607 0.487616
vt 0.270203 0.474394
vt 0.459827 0.475749
vt 0.264771 0.474660
vt 0.450101 0.471950
vt 0.278369 0.466285
vt 0.300499 0.457082
vt 0.293340 0.462546
vt 0.473427 0.917486
vt 0.466592 0.472833
vt 0.471327 0.911746
vt 0.281341 0.451146
vt 0.292685 0.447818
vt 0.256655 0.471707
vt 0.271663 0.455796
vt 0.276135 0.450660
vt 0.262667 0.458212
vt 0.462828 0.458526
vt 0.472353 0.897617
vt 0.253141 0.456070
vt 0.467834 0.458724
vt 0.449806 0.444096
vt 0.285862 0.426558
vt 0.611694 0.108224
vt 0.603832 0.105078
vt 0.260708 0.446489
vt 0.274228 0.441185
vt 0.467728 0.444165
vt 0.458417 0.448163
vt 0.279445 0.438429
vt 0.265746 0.434155
vt 0.611339 0.098916
vt 0.252122 0.446728
vt 0.471371 0.883060
vt 0.256074 0.426420
vt 0.252265 0.435717
vt 0.459986 0.436080
vt 0.604226 0.094915
vt 0.274018 0.424318
vt 0.467006 0.435088
vt 0.610063 0.087450
vt 0.250149 0.435399
vt 0.993159 0.649581
vt 0.602760 0.088176
vt 0.473647 0.869651
vt 0.470749 0.873998
vt 0.279373 0.409635
vt 0.247159 0.422308
vt 0.467355 0.420868
vt 0.609696 0.074026
vt 0.249232 0.421718
vt 0.264941 0.423007
vt 0.459647 0.418331
vt 0.612429 0.073950
vt 0.612077 0.088268
vt 0.470468 0.859773
vt 0.272984 0.403878
vt 0.278543 0.402854
vt 0.287546 0.402059
vt 0.605334 0.068762
vt 0.257218 0.405264
vt 0.286333 0.393688
vt 0.248093 0.411822
vt 0.282438 0.398112
vt 0.466169 0.407167
vt 0.457957 0.403812
vt 0.263379 0.397204
vt 0.973027 0.325188
vt 0.966680 0.318652
vt 0.970348 0.316260
vt 0.974715 0.318206
vt 0.976464 0.313155
vt 0.276795 0.398291
vt 0.992407 0.974552
vt 0.988982 0.971405
vt 0.992407 0.966801
vt 0.283233 0.395545
vt 0.609871 0.058276
vt 0.244332 0.406779
vt 0.471744 0.843955
vt 0.997078 0.846668
vt 0.994912 0.853209
vt 0.994912 0.844709
vt 0.554459 0.984261
vt 0.561997 0.984640
vt 0.561454 0.986958
vt 0.991501 0.978000
vt 0.125245 0.981144
vt 0.130058 0.970508
vt 0.130058 0.987685
vt 0.602371 0.058546
vt 0.468294 0.405062
vt 0.244662 0.404494
vt 0.906712 0.417296
vt 0.914551 0.423119
vt 0.906951 0.424408
vt 0.108078 0.990479
vt 0.108078 0.997427
vt 0.105750 0.994261
vt 0.282589 0.388820
vt 0.612700 0.064073
vt 0.612756 0.056131
vt 0.250673 0.400725
vt 0.270662 0.386371
vt 0.921539 0.418734
vt 0.917183 0.424408
vt 0.562144 0.977950
vt 0.124532 0.975637
vt 0.964717 0.301214
vt 0.972411 0.300075
vt 0.978041 0.309594
vt 0.980461 0.305151
vt 0.903829 0.416149
vt 0.905986 0.420859
vt 0.904405 0.410807
vt 0.605713 0.053951
vt 0.615934 0.954520
vt 0.626227 0.953656
vt 0.631756 0.955291
vt 0.921343 0.410488
vt 0.982359 0.299198
vt 0.281016 0.384316
vt 0.616123 0.050286
vt 0.241436 0.399286
vt 0.253601 0.392195
vt 0.902431 0.410032
vt 0.245994 0.396504
vt 0.978985 0.749544
vt 0.981757 0.744600
vt 0.983804 0.749544
vt 0.259617 0.383487
vt 0.911658 0.404733
vt 0.607291 0.040056
vt 0.557193 0.964964
vt 0.905164 0.402707
vt 0.276892 0.376679
vt 0.781021 0.995077
vt 0.779020 0.997466
vt 0.778533 0.992923
vt 0.781021 0.989111
vt 0.251884 0.382585
vt 0.920712 0.404650
vt 0.913623 0.982644
vt 0.914960 0.972582
vt 0.916755 0.981145
vt 0.996818 0.260050
vt 0.993430 0.256269
vt 0.996818 0.250854
vt 0.770181 0.989111
vt 0.776359 0.997165
vt 0.770181 0.998376
vt 0.240738 0.395094
vt 0.243098 0.389922
vt 0.247010 0.388702
vt 0.970277 0.289210
vt 0.909569 0.977226
vt 0.911949 0.984198
vt 0.908223 0.986134
vt 0.550895 0.960115
vt 0.908223 0.970504
vt 0.993198 0.538068
vt 0.987156 0.541023
vt 0.986873 0.536210
vt 0.917089 0.990190
vt 0.911166 0.998731
vt 0.909931 0.990190
vt 0.893784 0.960116
vt 0.893040 0.974190
vt 0.891467 0.963233
vt 0.991837 0.891317
vt 0.995411 0.886961
vt 0.995411 0.896661
vt 0.654644 0.397202
vt 0.659303 0.398821
vt 0.659954 0.404230
vt 0.897739 0.968161
vt 0.899772 0.960458
vt 0.964717 0.292175
vt 0.980109 0.291726
vt 0.917089 0.988016
vt 0.932602 0.998419
vt 0.926901 0.996269
vt 0.932602 0.990198
vt 0.993198 0.528883
vt 0.598652 0.040162
vt 0.687936 0.409541
vt 0.689132 0.414350
vt 0.687936 0.419337
vt 0.891253 0.974086
vt 0.365596 0.987316
vt 0.359875 0.988836
vt 0.365725 0.981955
vt 0.241848 0.384774
vt 0.647573 0.407692
vt 0.650630 0.397528
vt 0.905387 0.971836
vt 0.683158 0.414602
vt 0.685417 0.412355
vt 0.684984 0.425077
vt 0.260862 0.371880
vt 0.271327 0.376932
vt 0.034369 0.955860
vt 0.034369 0.961645
vt 0.031974 0.958678
vt 0.828548 0.984288
vt 0.828365 0.988330
vt 0.818445 0.988330
vt 0.996491 0.083493
vt 0.996491 0.089835
vt 0.993714 0.085817
vt 0.993104 0.133611
vt 0.993104 0.144650
vt 0.989585 0.140931
vt 0.596797 0.039391
vt 0.355601 0.974442
vt 0.652847 0.412217
vt 0.245887 0.379428
vt 0.815092 0.982025
vt 0.812786 0.987310
vt 0.825708 0.974536
vt 0.963773 0.057494
vt 0.962290 0.059361
vt 0.618148 0.553853
vt 0.617164 0.556820
vt 0.614609 0.551383
vt 0.601455 0.035473
vt 0.355601 0.987053
vt 0.661396 0.409467
vt 0.655930 0.421763
vt 0.373032 0.987531
vt 0.367899 0.973483
vt 0.371530 0.974704
vt 0.607670 0.025102
vt 0.363288 0.972951
vt 0.250825 0.373394
vt 0.239713 0.375777
vt 0.259407 0.361117
vt 0.561007 0.833254
vt 0.558284 0.834191
vt 0.561945 0.823302
vt 0.558284 0.816133
vt 0.601375 0.021534
vt 0.405970 0.844798
vt 0.404019 0.844105
vt 0.404019 0.831132
vt 0.901321 0.984812
vt 0.242635 0.372372
vt 0.905231 0.981878
vt 0.251176 0.363140
vt 0.614257 0.570459
vt 0.960266 0.449625
vt 0.959064 0.458168
vt 0.609811 0.573803
vt 0.609335 0.565574
vt 0.405988 0.831477
vt 0.898040 0.986127
vt 0.360644 0.968286
vt 0.240430 0.370471
vt 0.685762 0.403076
vt 0.647573 0.421828
vt 0.683158 0.400752
vt 0.373032 0.968286
vt 0.947974 0.996765
vt 0.945756 0.996918
vt 0.945756 0.993040
vt 0.649907 0.425699
vt 0.244953 0.363381
vt 0.684187 0.397381
vt 0.987343 0.248577
vt 0.982486 0.240732
vt 0.987343 0.236963
vt 0.601445 0.570973
vt 0.606518 0.576842
vt 0.986808 0.970510
vt 0.978860 0.978000
vt 0.980130 0.969689
vt 0.905387 0.988074
vt 0.985681 0.962946
vt 0.496747 0.995145
vt 0.499878 0.991324
vt 0.499878 0.997010
vt 0.979024 0.965941
vt 0.251314 0.355279
vt 0.884352 0.995027
vt 0.884352 0.987944
vt 0.888138 0.992825
vt 0.597856 0.573641
vt 0.978860 0.958763
vt 0.620471 0.584500
vt 0.612497 0.583403
vt 0.985187 0.953269
vt 0.255916 0.348075
vt 0.987734 0.402823
vt 0.887862 0.997061
vt 0.956923 0.465634
vt 0.605394 0.580469
vt 0.591059 0.579026
vt 0.057809 0.990746
vt 0.057809 0.997032
vt 0.054603 0.995677
vt 0.976828 0.642410
vt 0.986865 0.233176
vt 0.244613 0.354581
vt 0.250255 0.344109
vt 0.458443 0.989821
vt 0.452833 0.998913
vt 0.450898 0.989821
vt 0.606035 0.587852
vt 0.248750 0.329624
vt 0.607677 0.594456
vt 0.252531 0.329586
vt 0.378772 0.579348
vt 0.375768 0.581055
vt 0.621640 0.598900
vt 0.581194 0.585673
vt 0.608039 0.955566
vt 0.605813 0.969978
vt 0.602253 0.956385
vt 0.610284 0.608010
vt 0.606155 0.615008
vt 0.248139 0.312151
vt 0.598886 0.615911
vt 0.245177 0.311273
vt 0.591986 0.627240
vt 0.249413 0.307574
vt 0.253812 0.305343
vt 0.616539 0.629394
vt 0.607189 0.622393
vt 0.597817 0.638228
vt 0.242758 0.296902
vt 0.241419 0.297347
vt 0.610472 0.938474
vt 0.609897 0.922374
vt 0.247550 0.298853
vt 0.762369 0.847813
vt 0.807865 0.841886
vt 0.807865 0.858953
vt 0.804955 0.857476
vt 0.773051 0.847495
vt 0.768458 0.842785
vt 0.608485 0.640048
vt 0.240126 0.285779
vt 0.241952 0.280234
vt 0.757793 0.850177
vt 0.758032 0.841886
vt 0.302227 0.944466
vt 0.297735 0.927972
vt 0.905268 0.861772
vt 0.905268 0.876319
vt 0.902393 0.864555
vt 0.558949 0.895880
vt 0.562140 0.893379
vt 0.561994 0.898820
vt 0.040770 0.935823
vt 0.042053 0.927894
vt 0.039495 0.924372
vt 0.039984 0.919810
vt 0.558283 0.901238
vt 0.562140 0.909264
vt 0.302239 0.922274
vt 0.298149 0.925217
vt 0.310989 0.937136
vt 0.309491 0.921939
vt 0.312668 0.925207
vt 0.037111 0.920813
vt 0.559135 0.908386
vt 0.616211 0.648601
vt 0.589566 0.641364
vt 0.604024 0.646740
vt 0.594103 0.650954
vt 0.601060 0.657479
vt 0.585848 0.651114
vt 0.238196 0.275231
vt 0.593077 0.654963
vt 0.612417 0.664898
vt 0.611470 0.906013
vt 0.639511 0.879504
vt 0.237078 0.267610
vt 0.639447 0.890336
vt 0.236606 0.263064
vt 0.615834 0.668896
vt 0.237052 0.253535
vt 0.610887 0.878441
vt 0.231590 0.254407
vt 0.233804 0.248193
vt 0.610440 0.870104
vt 0.613330 0.872957
vt 0.611737 0.864888
vt 0.234380 0.239733
vt 0.610801 0.857672
vt 0.231322 0.233063
vt 0.233067 0.245444
vt 0.230439 0.225105
vt 0.612023 0.849741
vt 0.231107 0.216845
vt 0.609574 0.841886
vt 0.231096 0.213942
vt 0.898704 0.911106
vt 0.964898 0.529776
vt 0.962696 0.537246
vt 0.225569 0.204578
vt 0.957011 0.528883
vt 0.952380 0.532365
vt 0.222626 0.210132
vt 0.218634 0.211017
vt 0.217149 0.200857
vt 0.219238 0.190320
vt 0.214472 0.186138
vt 0.217430 0.177206
vt 0.211726 0.171077
vt 0.212071 0.160342
vt 0.211512 0.147482
s 1
usemtl Material.001
f 1/1/1 2/2/2 3/3/3
f 1/4/1 3/5/3 4/6/4
f 5/7/5 6/8/6 7/9/7
f 7/10/7 6/11/6 3/12/3
f 2/2/2 7/13/7 3/3/3
f 8/14/8 2/2/2 1/1/1
f 9/15/9 10/16/10 6/17/6
f 5/18/5 11/19/11 6/20/6
f 12/21/12 8/14/8 1/1/1
f 13/22/13 9/23/9 6/20/6
f 9/15/9 14/24/14 10/16/10
f 11/19/11 13/22/13 6/20/6
f 14/24/14 9/15/9 15/25/15
f 16/26/16 7/13/7 2/2/2
f 15/25/15 17/27/17 18/28/18
f 14/24/14 15/25/15 18/28/18
f 13/22/13 15/29/15 9/23/9
f 19/30/19 2/2/2 8/14/8
f 5/18/5 20/31/20 11/19/11
f 5/18/5 7/32/7 21/33/21
f 22/34/22 17/35/17 23/36/23
f 23/36/23 17/35/17 24/37/24
f 15/29/15 24/37/24 17/35/17
f 13/22/13 25/38/25 15/29/15
f 19/30/19 16/26/16 2/2/2
f 20/31/20 13/22/13 11/19/11
f 26/39/26 16/26/16 19/30/19
f 23/36/23 27/40/27 22/34/22
f 28/41/28 24/37/24 15/29/15
f 5/18/5 21/33/21 20/31/20
f 16/42/16 21/33/21 7/32/7
f 19/30/19 8/14/8 12/21/12
f 20/31/20 25/38/25 13/22/13
f 29/43/29 19/30/19 12/21/12
f 25/38/25 28/41/28 15/29/15
f 23/36/23 30/44/30 27/40/27
f 19/30/19 31/45/31 26/39/26
f 21/33/21 32/46/32 20/31/20
f 24/37/24 33/47/33 23/36/23
f 19/30/19 29/43/29 31/45/31
f 30/44/30 23/36/23 33/47/33
f 32/46/32 25/38/25 20/31/20
f 16/42/16 34/48/34 21/33/21
f 28/41/28 35/49/35 24/37/24
f 33/47/33 36/50/36 30/44/30
f 26/39/26 34/51/34 16/26/16
f 36/50/36 33/47/33 37/52/37
f 35/49/35 33/47/33 24/37/24
f 28/41/28 38/53/38 35/49/35
f 25/38/25 39/54/39 28/41/28
f 26/39/26 40/55/40 34/51/34
f 34/48/34 41/56/41 21/33/21
f 39/54/39 25/38/25 32/46/32
f 42/57/42 34/51/34 40/55/40
f 31/45/31 40/55/40 26/39/26
f 43/58/43 31/45/31 29/43/29
f 21/33/21 41/56/41 32/46/32
f 44/59/44 37/52/37 33/47/33
f 28/41/28 39/54/39 38/53/38
f 44/59/44 33/47/33 35/49/35
f 41/56/41 34/48/34 42/60/42
f 45/61/45 43/58/43 29/43/29
f 38/53/38 46/62/46 35/49/35
f 43/58/43 40/55/40 31/45/31
f 35/49/35 46/62/46 44/59/44
f 39/54/39 47/63/47 38/53/38
f 38/53/38 47/63/47 46/62/46
f 44/59/44 48/64/48 37/52/37
f 49/65/49 47/63/47 39/54/39
f 32/46/32 49/65/49 39/54/39
f 49/65/49 32/46/32 50/66/50
f 44/59/44 51/67/51 48/64/48
f 52/68/52 47/63/47 49/65/49
f 32/46/32 41/56/41 50/66/50
f 53/69/53 41/56/41 42/60/42
f 46/62/46 54/70/54 44/59/44
f 55/71/55 43/58/43 45/61/45
f 51/67/51 44/59/44 54/70/54
f 55/71/55 40/55/40 43/58/43
f 47/63/47 56/72/56 46/62/46
f 41/56/41 53/69/53 50/66/50
f 55/71/55 42/57/42 40/55/40
f 54/70/54 57/73/57 51/67/51
f 56/72/56 54/70/54 46/62/46
f 53/69/53 42/60/42 58/74/58
f 55/71/55 58/75/58 42/57/42
f 59/76/59 55/71/55 45/61/45
f 58/75/58 55/71/55 60/77/60
f 47/63/47 52/68/52 61/78/61
f 60/77/60 55/71/55 59/76/59
f 56/72/56 47/63/47 61/78/61
f 53/69/53 62/79/62 50/66/50
f 50/66/50 63/80/63 49/65/49
f 58/74/58 64/81/64 53/69/53
f 49/65/49 65/82/65 52/68/52
f 62/79/62 63/80/63 50/66/50
f 60/77/60 66/83/66 58/75/58
f 54/70/54 56/72/56 67/84/67
f 64/81/64 62/79/62 53/69/53
f 67/84/67 57/73/57 54/70/54
f 63/80/63 65/82/65 49/65/49
f 68/85/68 62/79/62 64/81/64
f 66/86/66 64/81/64 58/74/58
f 62/79/62 69/87/69 63/80/63
f 61/78/61 52/68/52 70/88/70
f 64/81/64 66/86/66 71/89/71
f 72/90/72 59/76/59 73/91/73
f 67/84/67 74/92/74 57/73/57
f 61/78/61 67/84/67 56/72/56
f 52/68/52 65/82/65 75/93/75
f 64/81/64 71/89/71 68/85/68
f 59/76/59 76/94/76 60/77/60
f 68/85/68 69/87/69 62/79/62
f 71/89/71 77/95/77 68/85/68
f 59/76/59 72/90/72 76/94/76
f 52/68/52 75/93/75 70/88/70
f 61/78/61 78/96/78 67/84/67
f 70/88/70 78/96/78 61/78/61
f 68/85/68 79/97/79 69/87/69
f 80/98/80 66/83/66 60/77/60
f 65/82/65 81/99/81 75/93/75
f 82/100/82 65/82/65 63/80/63
f 69/87/69 82/100/82 63/80/63
f 68/85/68 77/95/77 79/97/79
f 76/94/76 80/98/80 60/77/60
f 82/100/82 83/101/83 65/82/65
f 69/87/69 79/97/79 84/102/84
f 84/102/84 82/100/82 69/87/69
f 85/103/85 76/94/76 72/90/72
f 86/104/86 78/96/78 70/88/70
f 85/103/85 87/105/87 76/94/76
f 83/101/83 81/99/81 65/82/65
f 86/104/86 88/106/88 78/96/78
f 70/88/70 75/93/75 86/104/86
f 81/99/81 89/107/89 75/93/75
f 90/108/90 77/95/77 71/89/71
f 67/84/67 91/109/91 74/92/74
f 89/107/89 86/104/86 75/93/75
f 80/110/80 71/89/71 66/86/66
f 80/110/80 92/111/92 71/89/71
f 80/98/80 76/94/76 87/105/87
f 93/112/93 74/92/74 91/109/91
f 78/96/78 91/109/91 67/84/67
f 88/106/88 91/109/91 78/96/78
f 77/95/77 94/113/94 79/97/79
f 95/114/95 92/115/92 80/98/80
f 87/105/87 95/114/95 80/98/80
f 96/116/96 83/101/83 82/100/82
f 84/102/84 96/116/96 82/100/82
f 92/111/92 90/108/90 71/89/71
f 97/117/97 87/105/87 85/103/85
f 83/101/83 98/118/98 81/99/81
f 97/117/97 95/114/95 87/105/87
f 81/99/81 98/118/98 89/107/89
f 94/113/94 99/119/99 79/97/79
f 90/108/90 100/120/100 77/95/77
f 101/121/101 97/117/97 85/103/85
f 88/106/88 93/112/93 91/109/91
f 83/101/83 96/116/96 102/122/102
f 79/97/79 99/119/99 84/102/84
f 102/122/102 98/118/98 83/101/83
f 84/102/84 99/119/99 103/123/103
f 100/120/100 104/124/104 77/95/77
f 90/108/90 92/111/92 105/125/105
f 97/117/97 106/126/106 95/114/95
f 88/106/88 107/127/107 93/112/93
f 103/123/103 96/116/96 84/102/84
f 104/124/104 94/113/94 77/95/77
f 101/121/101 108/128/108 97/117/97
f 86/104/86 89/107/89 109/129/109
f 90/108/90 105/125/105 100/120/100
f 92/115/92 95/114/95 110/130/110
f 95/114/95 106/126/106 111/131/111
f 92/111/92 110/132/110 105/125/105
f 110/130/110 95/114/95 111/131/111
f 108/128/108 106/126/106 97/117/97
f 88/106/88 86/104/86 107/127/107
f 96/116/96 112/133/112 102/122/102
f 103/123/103 112/133/112 96/116/96
f 105/125/105 113/134/113 100/120/100
f 106/126/106 108/128/108 114/135/114
f 109/129/109 107/127/107 86/104/86
f 98/118/98 109/129/109 89/107/89
f 100/120/100 113/134/113 104/124/104
f 111/131/111 115/136/115 110/130/110
f 106/126/106 115/136/115 111/131/111
f 102/122/102 116/137/116 98/118/98
f 116/137/116 109/129/109 98/118/98
f 94/113/94 117/138/117 99/119/99
f 94/113/94 104/124/104 117/138/117
f 113/134/113 118/139/118 104/124/104
f 119/140/119 107/127/107 109/129/109
f 105/125/105 110/132/110 113/134/113
f 120/141/120 106/126/106 114/135/114
f 121/142/121 120/141/120 114/135/114
f 122/143/122 118/139/118 113/134/113
f 110/132/110 123/144/123 113/134/113
f 124/145/124 115/136/115 106/126/106
f 116/137/116 119/140/119 109/129/109
f 113/134/113 123/144/123 122/143/122
f 115/136/115 123/146/123 110/130/110
f 106/126/106 120/141/120 124/145/124
f 99/119/99 125/147/125 103/123/103
f 126/148/126 116/137/116 102/122/102
f 112/133/112 126/148/126 102/122/102
f 103/123/103 126/148/126 112/133/112
f 125/147/125 127/149/127 103/123/103
f 117/138/117 104/124/104 118/139/118
f 115/150/115 128/151/128 123/144/123
f 124/145/124 128/152/128 115/136/115
f 129/153/129 119/140/119 116/137/116
f 103/123/103 127/149/127 126/148/126
f 126/148/126 127/149/127 129/153/129
f 130/154/130 125/147/125 99/119/99
f 117/138/117 130/154/130 99/119/99
f 117/138/117 131/155/131 130/154/130
f 117/138/117 118/139/118 131/155/131
f 129/153/129 116/137/116 126/148/126
f 128/151/128 132/156/132 123/144/123
f 133/157/133 124/145/124 120/141/120
f 128/152/128 124/145/124 134/158/134
f 128/151/128 135/159/135 132/156/132
f 133/157/133 134/158/134 124/145/124
f 129/153/129 136/160/136 119/140/119
f 123/144/123 132/156/132 122/143/122
f 128/152/128 134/158/134 135/161/135
f 137/162/137 135/161/135 134/158/134
f 138/163/138 134/158/134 133/157/133
f 119/140/119 136/160/136 139/164/139
f 122/143/122 132/156/132 140/165/140
f 141/166/141 137/162/137 134/158/134
f 141/166/141 134/158/134 138/163/138
f 136/160/136 129/153/129 127/149/127
f 130/154/130 142/167/142 125/147/125
f 127/149/127 125/147/125 142/167/142
f 122/143/122 140/165/140 118/139/118
f 132/156/132 143/168/143 140/165/140
f 144/169/144 132/156/132 135/159/135
f 135/161/135 137/162/137 145/170/145
f 146/171/146 145/170/145 137/162/137
f 146/171/146 137/162/137 141/166/141
f 132/156/132 144/169/144 143/168/143
f 144/169/144 135/159/135 145/172/145
f 131/155/131 142/167/142 130/154/130
f 118/139/118 147/173/147 131/155/131
f 140/165/140 147/173/147 118/139/118
f 148/174/148 146/171/146 141/166/141
f 131/155/131 149/175/149 142/167/142
f 149/175/149 131/155/131 147/173/147
f 142/167/142 136/160/136 127/149/127
f 150/176/150 136/160/136 142/167/142
f 140/165/140 143/168/143 147/173/147
f 151/177/151 148/178/148 141/179/141
f 144/169/144 152/180/152 143/168/143
f 145/172/145 153/181/153 144/169/144
f 146/171/146 153/182/153 145/170/145
f 154/183/154 136/184/136 150/185/150
f 155/186/155 153/182/153 146/171/146
f 142/167/142 149/175/149 150/176/150
f 156/187/156 144/169/144 153/181/153
f 154/183/154 150/185/150 157/188/157
f 156/187/156 152/180/152 144/169/144
f 147/173/147 158/189/158 149/175/149
f 143/168/143 158/189/158 147/173/147
f 153/181/153 159/190/159 156/187/156
f 159/191/159 153/182/153 155/186/155
f 160/192/160 143/168/143 152/180/152
f 143/168/143 160/192/160 158/189/158
f 150/176/150 149/175/149 161/193/161
f 152/180/152 162/194/162 160/192/160
f 156/187/156 162/194/162 152/180/152
f 161/193/161 149/175/149 158/189/158
f 162/194/162 163/195/163 160/192/160
f 150/185/150 161/196/161 157/188/157
f 164/197/164 158/189/158 160/192/160
f 160/192/160 163/195/163 164/197/164
f 165/198/165 156/187/156 159/190/159
f 166/199/166 161/193/161 158/189/158
f 161/196/161 167/200/167 157/188/157
f 164/197/164 166/199/166 158/189/158
f 165/198/165 162/194/162 156/187/156
f 168/201/168 157/188/157 169/202/169
f 169/202/169 157/188/157 167/200/167
f 162/194/162 170/203/170 163/195/163
f 165/198/165 171/204/171 162/194/162
f 169/202/169 172/205/172 168/201/168
f 161/193/161 166/199/166 167/206/167
f 166/199/166 173/207/173 167/206/167
f 170/203/170 166/199/166 164/197/164
f 162/194/162 171/204/171 170/203/170
f 164/197/164 163/195/163 170/203/170
f 171/204/171 174/208/174 170/203/170
f 167/200/167 175/209/175 169/202/169
f 174/208/174 176/210/176 170/203/170
f 165/198/165 177/211/177 171/204/171
f 169/202/169 175/209/175 172/205/172
f 170/203/170 176/210/176 166/199/166
f 167/200/167 178/212/178 175/209/175
f 166/199/166 176/210/176 173/207/173
f 167/200/167 173/213/173 178/212/178
f 175/209/175 179/214/179 172/205/172
f 180/215/180 173/207/173 176/210/176
f 171/204/171 177/211/177 174/208/174
f 179/214/179 175/209/175 178/212/178
f 177/211/177 181/216/181 174/208/174
f 174/208/174 182/217/182 176/210/176
f 180/218/180 178/212/178 173/213/173
f 182/217/182 174/208/174 181/216/181
f 183/219/183 181/216/181 184/220/184
f 179/214/179 185/221/185 186/222/186
f 183/219/183 182/217/182 181/216/181
f 187/223/187 185/221/185 179/214/179
f 182/217/182 180/215/180 176/210/176
f 183/219/183 188/224/188 182/217/182
f 180/218/180 187/223/187 178/212/178
f 178/212/178 187/223/187 179/214/179
f 182/217/182 188/224/188 180/215/180
f 188/224/188 189/225/189 180/215/180
f 183/219/183 190/226/190 188/224/188
f 180/218/180 189/227/189 187/223/187
f 187/223/187 191/228/191 185/221/185
f 189/227/189 192/229/192 187/223/187
f 187/223/187 192/229/192 191/228/191
f 190/226/190 189/225/189 188/224/188
f 190/226/190 183/219/183 193/230/193
f 194/231/194 195/232/195 184/220/184
f 190/226/190 196/233/196 189/225/189
f 193/230/193 183/219/183 184/220/184
f 196/234/196 192/229/192 189/227/189
f 195/232/195 193/230/193 184/220/184
f 192/229/192 197/235/197 191/228/191
f 190/226/190 198/236/198 196/233/196
f 190/226/190 193/230/193 198/236/198
f 195/232/195 198/236/198 193/230/193
f 194/231/194 199/237/199 195/232/195
f 196/234/196 200/238/200 201/239/201
f 201/239/201 192/229/192 196/234/196
f 201/239/201 197/235/197 192/229/192
f 198/236/198 200/240/200 196/233/196
f 195/232/195 199/237/199 198/236/198
f 202/241/202 203/242/203 204/243/204
f 203/242/203 205/244/205 204/243/204
f 202/241/202 206/245/206 203/242/203
f 207/246/207 208/247/208 206/248/206
f 201/239/201 209/249/209 197/235/197
f 210/250/210 202/241/202 211/251/211
f 202/252/202 210/253/210 207/246/207
f 211/251/211 202/241/202 204/243/204
f 212/254/212 198/236/198 199/237/199
f 202/252/202 207/246/207 206/248/206
f 198/236/198 213/255/213 200/240/200
f 198/236/198 212/254/212 213/255/213
f 214/256/214 215/257/215 200/238/200
f 215/257/215 201/239/201 200/238/200
f 201/239/201 216/258/216 209/249/209
f 217/259/217 218/260/218 210/253/210
f 211/261/211 217/262/217 210/263/210
f 209/249/209 216/258/216 219/264/219
f 217/262/217 211/261/211 204/265/204
f 207/246/207 210/253/210 220/266/220
f 221/267/221 204/265/204 222/268/222
f 199/237/199 223/269/223 212/254/212
f 213/255/213 214/270/214 200/240/200
f 216/271/216 224/272/224 225/273/225
f 215/257/215 216/258/216 201/239/201
f 219/274/219 216/271/216 225/273/225
f 218/260/218 220/266/220 210/253/210
f 226/275/226 204/265/204 221/267/221
f 227/276/227 224/272/224 228/277/228
f 224/272/224 229/278/229 228/277/228
f 215/279/215 224/272/224 216/271/216
f 215/279/215 229/278/229 224/272/224
f 214/256/214 230/280/230 215/257/215
f 231/281/231 213/255/213 212/254/212
f 220/266/220 232/282/232 207/246/207
f 233/283/233 212/254/212 223/269/223
f 229/284/229 215/285/215 230/286/230
f 214/256/214 213/287/213 234/288/234
f 235/289/235 217/262/217 204/265/204
f 226/275/226 235/289/235 204/265/204
f 232/282/232 236/290/236 207/246/207
f 228/291/228 229/292/229 237/293/237
f 214/256/214 234/288/234 230/280/230
f 238/294/238 218/260/218 217/259/217
f 239/295/239 237/296/237 229/284/229
f 230/286/230 239/295/239 229/284/229
f 234/297/234 240/298/240 230/286/230
f 228/291/228 237/293/237 241/299/241
f 235/289/235 238/300/238 217/262/217
f 233/283/233 231/281/231 212/254/212
f 230/286/230 240/298/240 239/295/239
f 213/287/213 242/301/242 234/288/234
f 231/281/231 242/302/242 213/255/213
f 231/281/231 233/283/233 243/303/243
f 235/289/235 226/275/226 244/304/244
f 244/304/244 226/275/226 245/305/245
f 246/306/246 247/307/247 248/308/248
f 241/309/241 249/310/249 248/311/248
f 237/312/237 249/313/249 241/314/241
f 242/301/242 250/315/250 234/288/234
f 251/316/251 233/283/233 223/269/223
f 220/266/220 252/317/252 232/282/232
f 246/318/246 248/319/248 249/320/249
f 239/295/239 253/321/253 237/296/237
f 254/322/254 253/321/253 239/295/239
f 240/298/240 254/322/254 239/295/239
f 234/297/234 250/323/250 240/298/240
f 249/324/249 237/296/237 253/321/253
f 243/303/243 242/302/242 231/281/231
f 238/294/238 255/325/255 218/260/218
f 255/325/255 220/266/220 218/260/218
f 256/326/256 235/289/235 244/304/244
f 246/306/246 257/327/257 258/328/258
f 255/325/255 238/294/238 256/329/256
f 259/330/259 220/266/220 255/325/255
f 249/324/249 260/331/260 246/306/246
f 250/323/250 254/322/254 240/298/240
f 235/289/235 256/326/256 238/300/238
f 260/331/260 257/327/257 246/306/246
f 261/332/261 259/330/259 255/325/255
f 244/304/244 245/305/245 262/333/262
f 260/331/260 263/334/263 257/327/257
f 253/321/253 264/335/264 249/324/249
f 254/322/254 265/336/265 253/321/253
f 249/324/249 264/335/264 260/331/260
f 266/337/266 255/338/255 256/326/256
f 261/339/261 255/338/255 266/337/266
f 267/340/267 256/326/256 244/304/244
f 254/322/254 268/341/268 265/336/265
f 243/303/243 269/342/269 242/302/242
f 270/343/270 243/303/243 233/283/233
f 251/316/251 270/343/270 233/283/233
f 262/333/262 267/340/267 244/304/244
f 271/344/271 254/322/254 250/323/250
f 271/344/271 250/323/250 272/345/272
f 242/301/242 272/346/272 250/315/250
f 270/343/270 269/342/269 243/303/243
f 251/316/251 273/347/273 270/343/270
f 264/335/264 274/348/274 260/331/260
f 265/336/265 275/349/275 253/321/253
f 256/326/256 267/340/267 266/337/266
f 268/341/268 276/350/276 265/336/265
f 254/322/254 271/344/271 268/341/268
f 263/334/263 277/351/277 257/327/257
f 253/321/253 275/349/275 264/335/264
f 242/301/242 278/352/278 272/346/272
f 269/342/269 278/353/278 242/302/242
f 266/337/266 279/354/279 261/339/261
f 280/355/280 266/337/266 267/340/267
f 279/356/279 281/357/281 261/332/261
f 261/332/261 281/357/281 259/330/259
f 282/358/282 277/351/277 263/334/263
f 263/334/263 260/331/260 274/348/274
f 275/349/275 274/348/274 264/335/264
f 273/347/273 269/342/269 270/343/270
f 265/336/265 276/350/276 275/349/275
f 283/359/283 268/341/268 271/344/271
f 272/345/272 283/359/283 271/344/271
f 278/352/278 284/360/284 272/346/272
f 273/347/273 285/361/285 269/342/269
f 277/351/277 282/358/282 286/362/286
f 278/353/278 269/342/269 287/363/287
f 269/342/269 285/361/285 287/363/287
f 280/355/280 279/354/279 266/337/266
f 263/334/263 274/348/274 282/358/282
f 276/350/276 268/341/268 283/359/283
f 283/359/283 272/345/272 284/364/284
f 286/362/286 282/358/282 288/365/288
f 289/366/289 282/358/282 274/348/274
f 276/350/276 274/348/274 275/349/275
f 290/367/290 280/355/280 291/368/291
f 276/350/276 289/366/289 274/348/274
f 283/359/283 292/369/292 276/350/276
f 283/370/283 284/371/284 293/372/293
f 280/355/280 290/367/290 279/354/279
f 282/358/282 294/373/294 288/365/288
f 289/366/289 294/373/294 282/358/282
f 292/369/292 289/366/289 276/350/276
f 283/359/283 293/374/293 292/369/292
f 295/375/295 294/373/294 289/366/289
f 293/374/293 284/364/284 296/376/296
f 285/361/285 297/377/297 287/363/287
f 293/374/293 298/378/298 292/369/292
f 287/363/287 299/379/299 278/353/278
f 278/352/278 299/380/299 284/360/284
f 300/381/300 279/354/279 290/367/290
f 301/382/301 295/383/295 289/384/289
f 293/374/293 296/376/296 298/378/298
f 287/363/287 297/377/297 299/379/299
f 292/369/292 301/385/301 289/366/289
f 302/386/302 284/360/284 299/380/299
f 284/364/284 302/387/302 296/376/296
f 303/388/303 304/389/304 305/390/305
f 298/391/298 296/392/296 306/393/306
f 296/392/296 303/388/303 306/393/306
f 296/392/296 302/394/302 303/388/303
f 292/369/292 307/395/307 301/385/301
f 307/395/307 292/369/292 298/378/298
f 307/396/307 298/391/298 306/393/306
f 299/397/299 308/398/308 302/399/302
f 302/386/302 308/400/308 303/401/303
f 307/395/307 309/402/309 301/385/301
f 310/403/310 299/379/299 297/377/297
f 299/380/299 310/404/310 308/400/308
f 309/402/309 311/405/311 301/385/301
f 297/377/297 312/406/312 310/403/310
f 308/400/308 310/404/310 313/407/313
f 314/408/314 315/409/315 316/410/316
f 317/411/317 315/409/315 314/408/314
f 318/412/318 316/410/316 315/409/315
f 318/412/318 319/413/319 316/410/316
f 316/410/316 319/413/319 320/414/320
f 318/415/318 321/416/321 319/417/319
f 321/416/321 322/418/322 319/417/319
f 318/415/318 323/419/323 321/416/321
f 321/420/321 324/421/324 322/422/322
f 325/423/325 324/424/324 321/416/321
f 324/421/324 325/425/325 326/426/326
f 323/419/323 325/423/325 321/416/321
f 327/427/327 328/428/328 329/429/329
f 330/430/330 331/431/331 332/432/332
f 333/433/333 334/434/334 335/435/335
f 331/431/331 330/430/330 336/436/336
f 330/430/330 337/437/337 336/436/336
f 334/434/334 337/438/337 338/439/338
f 337/437/337 339/440/339 336/436/336
f 334/441/334 340/442/340 337/437/337
f 339/440/339 337/437/337 340/442/340
f 339/443/339 340/444/340 341/445/341
f 340/444/340 342/446/342 341/445/341
f 343/447/343 334/441/334 333/448/333
f 341/445/341 342/446/342 344/449/344
f 343/447/343 333/448/333 345/450/345
f 342/446/342 346/451/346 344/449/344
f 334/441/334 343/447/343 340/442/340
f 343/452/343 342/446/342 340/444/340
f 347/453/347 346/454/346 342/455/342
f 345/450/345 348/456/348 343/447/343
f 346/454/346 349/457/349 350/458/350
f 349/457/349 346/454/346 347/453/347
f 344/459/344 346/460/346 351/461/351
f 350/462/350 351/461/351 346/460/346
f 343/463/343 348/464/348 347/465/347
f 347/453/347 342/455/342 343/466/343
f 352/467/352 349/457/349 347/453/347
f 347/465/347 348/464/348 353/468/353
f 352/467/352 354/469/354 349/457/349
f 345/450/345 355/470/355 348/456/348
f 347/453/347 353/471/353 352/467/352
f 353/472/353 356/473/356 352/474/352
f 357/475/357 356/476/356 353/477/353
f 354/469/354 352/467/352 356/478/356
f 348/456/348 355/470/355 353/479/353
f 354/480/354 356/476/356 358/481/358
f 359/482/359 349/457/349 354/469/354
f 358/481/358 359/483/359 354/480/354
f 357/484/357 360/485/360 361/486/361
f 353/479/353 360/487/360 357/488/357
f 361/486/361 360/485/360 362/489/362
f 353/479/353 355/470/355 360/487/360
f 360/490/360 363/491/363 362/492/362
f 364/493/364 360/487/360 355/470/355
f 365/494/365 366/495/366 367/496/367
f 367/497/367 368/498/368 363/499/363
f 364/493/364 363/500/363 360/487/360
f 369/501/369 370/502/370 371/503/371
f 369/501/369 371/503/371 372/504/372
f 373/505/373 370/502/370 374/506/374
f 373/505/373 371/503/371 370/502/370
f 375/507/375 374/508/374 370/509/370
f 373/505/373 374/506/374 376/510/376
f 376/510/376 377/511/377 378/512/378
f 375/507/375 379/513/379 374/508/374
f 380/514/380 377/515/377 376/516/376
f 376/516/376 379/513/379 380/514/380
f 374/508/374 379/513/379 376/516/376
f 377/511/377 381/517/381 382/518/382
f 377/515/377 380/514/380 381/519/381
f 381/519/381 380/514/380 383/520/383
f 383/520/383 384/521/384 381/519/381
f 385/522/385 379/513/379 386/523/386
f 387/524/387 383/520/383 380/514/380
f 385/522/385 380/514/380 379/513/379
f 386/523/386 388/525/388 385/522/385
f 385/522/385 389/526/389 380/514/380
f 388/525/388 390/527/390 385/522/385
f 385/522/385 390/527/390 389/526/389
f 391/528/391 392/529/392 388/525/388
f 380/514/380 389/526/389 387/524/387
f 388/525/388 393/530/393 390/527/390
f 393/530/393 388/525/388 392/529/392
f 389/526/389 394/531/394 387/524/387
f 395/532/395 389/526/389 390/527/390
f 392/529/392 391/528/391 396/533/396
f 395/532/395 394/531/394 389/526/389
f 390/527/390 397/534/397 395/532/395
f 390/527/390 393/530/393 397/534/397
f 397/534/397 398/535/398 395/532/395
f 395/532/395 399/536/399 394/531/394
f 392/529/392 400/537/400 393/530/393
f 395/532/395 401/538/401 399/536/399
f 398/535/398 401/538/401 395/532/395
f 400/537/400 392/529/392 396/533/396
f 393/530/393 402/539/402 397/534/397
f 398/535/398 403/540/403 401/538/401
f 396/533/396 404/541/404 400/537/400
f 405/542/405 404/541/404 396/533/396
f 400/537/400 402/539/402 393/530/393
f 406/543/406 398/535/398 397/534/397
f 402/539/402 400/537/400 404/541/404
f 404/541/404 407/544/407 402/539/402
f 405/542/405 408/545/408 404/541/404
f 402/539/402 406/543/406 397/534/397
f 402/539/402 407/544/407 406/543/406
f 406/543/406 403/540/403 398/535/398
f 404/541/404 408/545/408 407/544/407
f 409/546/409 407/544/407 408/545/408
f 408/545/408 410/547/410 409/546/409
f 401/538/401 403/540/403 411/548/411
f 412/549/412 403/540/403 406/543/406
f 406/543/406 407/544/407 412/549/412
f 409/550/409 410/551/410 413/552/413
f 414/553/414 409/550/409 413/552/413
f 415/554/415 414/553/414 413/552/413
f 412/549/412 407/544/407 416/555/416
f 409/546/409 416/555/416 407/544/407
f 416/555/416 409/546/409 417/556/417
f 409/550/409 414/553/414 417/557/417
f 412/549/412 416/555/416 418/558/418
f 417/556/417 419/559/419 416/555/416
f 420/560/420 418/558/418 416/555/416
f 419/559/419 420/560/420 416/555/416
f 421/561/421 146/171/146 148/174/148
f 421/561/421 148/174/148 422/562/422
f 155/186/155 146/171/146 421/561/421
f 423/563/423 421/561/421 422/562/422
f 424/564/424 155/186/155 421/561/421
f 424/564/424 425/565/425 155/186/155
f 425/565/425 426/566/426 159/191/159
f 155/186/155 425/565/425 159/191/159
f 424/564/424 421/561/421 423/563/423
f 426/566/426 165/567/165 159/191/159
f 427/568/427 424/564/424 423/563/423
f 427/568/427 425/565/425 424/564/424
f 428/569/428 426/566/426 425/565/425
f 427/570/427 423/571/423 429/572/429
f 428/569/428 425/565/425 427/568/427
f 427/573/427 429/574/429 430/575/430
f 431/576/431 165/567/165 426/566/426
f 165/198/165 431/577/431 177/211/177
f 431/576/431 426/566/426 432/578/432
f 428/569/428 432/578/432 426/566/426
f 433/579/433 428/569/428 427/568/427
f 433/579/433 427/568/427 434/580/434
f 431/577/431 181/216/181 177/211/177
f 432/578/432 435/581/435 431/576/431
f 436/582/436 432/578/432 428/569/428
f 436/582/436 428/569/428 433/579/433
f 434/580/434 437/583/437 433/579/433
f 431/577/431 438/584/438 181/216/181
f 435/581/435 438/585/438 431/576/431
f 439/586/439 440/587/440 435/588/435
f 436/582/436 435/581/435 432/578/432
f 436/589/436 439/586/439 435/588/435
f 441/590/441 439/586/439 436/589/436
f 437/583/437 436/582/436 433/579/433
f 437/591/437 441/590/441 436/589/436
f 441/590/441 437/591/437 442/592/442
f 434/593/434 442/592/442 437/591/437
f 442/592/442 434/593/434 443/594/443
f 440/587/440 438/595/438 435/588/435
f 444/596/444 445/597/445 446/598/446
f 444/596/444 446/598/446 447/599/447
f 444/596/444 448/600/448 449/601/449
f 448/600/448 450/602/450 449/601/449
f 439/586/439 451/603/451 452/604/452
f 440/587/440 439/586/439 452/604/452
f 450/602/450 453/605/453 449/601/449
f 448/600/448 454/606/454 450/602/450
f 450/602/450 455/607/455 453/605/453
f 439/586/439 456/608/456 451/603/451
f 441/590/441 456/608/456 439/586/439
f 450/602/450 454/606/454 455/607/455
f 456/608/456 441/590/441 442/592/442
f 438/584/438 184/220/184 181/216/181
f 457/609/457 438/584/438 440/610/440
f 458/611/458 446/598/446 459/612/459
f 445/597/445 459/612/459 446/598/446
f 460/613/460 446/598/446 458/611/458
f 446/598/446 460/613/460 447/599/447
f 461/614/461 444/615/444 449/616/449
f 461/614/461 445/617/445 444/615/444
f 447/599/447 448/600/448 444/596/444
f 462/618/462 448/600/448 447/599/447
f 453/619/453 461/614/461 449/616/449
f 462/618/462 454/606/454 448/600/448
f 463/620/463 451/621/451 456/622/456
f 464/623/464 455/607/455 454/606/454
f 465/624/465 442/625/442 443/626/443
f 463/620/463 456/622/456 466/627/466
f 466/627/466 456/622/456 442/628/442
f 438/584/438 457/609/457 184/220/184
f 440/610/440 467/629/467 457/609/457
f 452/630/452 467/629/467 440/610/440
f 468/631/468 447/599/447 460/613/460
f 462/618/462 447/599/447 468/631/468
f 452/604/452 451/603/451 469/632/469
f 454/606/454 462/618/462 470/633/470
f 464/623/464 454/606/454 470/633/470
f 471/634/471 472/635/472 473/636/473
f 442/625/442 465/624/465 466/637/466
f 471/638/471 474/639/474 472/640/472
f 466/641/466 465/642/465 475/643/475
f 476/644/476 474/639/474 471/638/471
f 477/645/477 459/646/459 445/617/445
f 458/647/458 478/648/478 460/649/460
f 445/617/445 461/614/461 477/645/477
f 453/619/453 479/650/479 461/614/461
f 469/651/469 480/652/480 452/630/452
f 468/631/468 460/613/460 481/653/481
f 468/654/468 482/655/482 462/656/462
f 464/657/464 483/658/483 455/659/455
f 484/660/484 469/632/469 451/603/451
f 473/636/473 484/660/484 451/603/451
f 463/661/463 473/636/473 451/603/451
f 470/662/470 462/656/462 485/663/485
f 472/635/472 484/660/484 473/636/473
f 473/664/473 463/665/463 486/666/486
f 470/633/470 487/667/487 464/623/464
f 471/634/471 473/636/473 486/668/486
f 471/634/471 486/668/486 476/669/476
f 488/670/488 486/666/486 463/665/463
f 488/671/488 463/672/463 466/673/466
f 476/669/476 486/668/486 488/674/488
f 489/675/489 474/639/474 476/644/476
f 467/629/467 452/630/452 480/652/480
f 478/648/478 481/676/481 460/649/460
f 490/677/490 479/650/479 453/619/453
f 469/651/469 491/678/491 480/652/480
f 492/679/492 482/655/482 468/654/468
f 491/680/491 469/681/469 484/682/484
f 462/656/462 482/655/482 485/663/485
f 472/635/472 491/683/491 484/660/484
f 472/684/472 493/685/493 491/678/491
f 487/686/487 494/687/494 464/657/464
f 474/639/474 493/688/493 472/640/472
f 489/675/489 495/689/495 474/639/474
f 488/690/488 466/641/466 475/643/475
f 488/691/488 489/692/489 476/693/476
f 457/609/457 194/231/194 184/220/184
f 458/647/458 496/694/496 478/648/478
f 479/650/479 477/645/477 461/614/461
f 481/695/481 492/679/492 468/654/468
f 470/633/470 497/696/497 487/667/487
f 498/697/498 475/698/475 465/624/465
f 489/699/489 488/700/488 475/701/475
f 458/647/458 459/702/459 496/694/496
f 496/703/496 459/646/459 477/645/477
f 457/609/457 467/629/467 499/704/499
f 491/678/491 467/629/467 480/652/480
f 500/705/500 492/706/492 481/653/481
f 492/706/492 500/705/500 482/707/482
f 501/708/501 493/688/493 474/639/474
f 502/709/502 501/708/501 474/639/474
f 485/710/485 503/711/503 497/696/497
f 485/710/485 497/696/497 470/633/470
f 474/639/474 495/689/495 502/709/502
f 489/675/489 475/712/475 504/713/504
f 505/714/505 500/715/500 481/676/481
f 464/657/464 494/687/494 483/658/483
f 503/711/503 500/705/500 506/716/506
f 482/707/482 500/705/500 503/711/503
f 482/707/482 503/711/503 485/710/485
f 497/717/497 494/687/494 487/686/487
f 504/718/504 475/698/475 498/697/498
f 495/689/495 489/675/489 504/713/504
f 491/678/491 507/719/507 467/629/467
f 500/715/500 505/714/505 508/720/508
f 500/705/500 508/721/508 506/716/506
f 504/718/504 498/697/498 509/722/509
f 495/689/495 510/723/510 511/724/511
f 510/723/510 495/689/495 504/713/504
f 499/704/499 194/231/194 457/609/457
f 512/725/512 478/648/478 496/694/496
f 490/726/490 483/658/483 494/687/494
f 494/687/494 513/727/513 490/726/490
f 493/685/493 507/719/507 491/678/491
f 514/728/514 506/716/506 508/721/508
f 506/716/506 514/728/514 503/711/503
f 515/729/515 501/708/501 516/730/516
f 516/731/516 501/732/501 502/733/502
f 517/734/517 518/735/518 503/711/503
f 518/736/518 497/737/497 503/738/503
f 509/722/509 498/697/498 519/739/519
f 495/689/495 511/724/511 502/709/502
f 520/740/520 502/709/502 511/724/511
f 521/741/521 512/742/512 496/703/496
f 477/645/477 521/741/521 496/703/496
f 522/743/522 477/645/477 479/650/479
f 513/744/513 522/743/522 479/650/479
f 523/745/523 481/676/481 478/648/478
f 490/677/490 513/744/513 479/650/479
f 523/745/523 505/714/505 481/676/481
f 524/746/524 513/727/513 494/687/494
f 525/747/525 508/720/508 505/714/505
f 493/685/493 501/748/501 526/749/526
f 508/720/508 525/747/525 514/750/514
f 498/697/498 527/751/527 519/739/519
f 518/752/518 494/687/494 497/717/497
f 517/734/517 503/711/503 514/728/514
f 520/740/520 516/730/516 502/709/502
f 528/753/528 518/735/518 517/734/517
f 520/740/520 511/724/511 529/754/529
f 526/749/526 507/719/507 493/685/493
f 515/755/515 526/749/526 501/748/501
f 518/752/518 530/756/530 494/687/494
f 510/757/510 504/718/504 509/722/509
f 529/754/529 511/724/511 531/758/531
f 511/724/511 510/723/510 531/758/531
f 477/645/477 532/759/532 521/741/521
f 513/727/513 524/746/524 533/760/533
f 534/761/534 525/747/525 505/714/505
f 530/756/530 518/752/518 535/762/535
f 536/763/536 517/734/517 514/728/514
f 537/764/537 515/729/515 516/730/516
f 520/740/520 537/764/537 516/730/516
f 517/734/517 538/765/538 528/753/528
f 537/764/537 520/740/520 529/754/529
f 522/743/522 532/759/532 477/645/477
f 539/766/539 532/759/532 522/743/522
f 499/704/499 467/629/467 540/767/540
f 512/725/512 523/745/523 478/648/478
f 541/768/541 539/766/539 522/743/522
f 540/767/540 467/629/467 507/719/507
f 513/744/513 541/768/541 522/743/522
f 494/687/494 530/756/530 524/746/524
f 514/750/514 525/747/525 542/769/542
f 542/770/542 536/771/536 514/772/514
f 538/765/538 517/734/517 536/763/536
f 529/754/529 543/773/543 537/764/537
f 531/774/531 510/757/510 544/775/544
f 543/773/543 529/754/529 545/776/545
f 531/758/531 545/776/545 529/754/529
f 499/704/499 546/777/546 194/231/194
f 533/778/533 541/768/541 513/744/513
f 535/762/535 518/752/518 528/779/528
f 537/780/537 547/781/547 515/755/515
f 510/757/510 509/722/509 548/782/548
f 541/768/541 549/783/549 539/766/539
f 541/768/541 533/778/533 549/783/549
f 550/784/550 519/739/519 527/751/527
f 542/769/542 525/747/525 551/785/551
f 528/779/528 552/786/552 535/762/535
f 542/770/542 553/787/553 536/771/536
f 554/788/554 538/789/538 536/771/536
f 544/775/544 510/757/510 548/782/548
f 512/725/512 521/790/521 555/791/555
f 555/792/555 521/741/521 532/759/532
f 556/793/556 532/794/532 539/795/539
f 556/793/556 549/796/549 557/797/557
f 556/793/556 539/795/539 549/796/549
f 557/797/557 549/796/549 558/798/558
f 559/799/559 523/745/523 512/725/512
f 558/798/558 549/796/549 533/800/533
f 523/745/523 560/801/560 505/714/505
f 560/801/560 534/761/534 505/714/505
f 530/756/530 561/802/561 524/746/524
f 551/785/551 525/747/525 534/761/534
f 553/787/553 554/788/554 536/771/536
f 562/803/562 547/804/547 543/773/543
f 547/804/547 537/764/537 543/773/543
f 545/805/545 563/806/563 543/807/543
f 564/808/564 545/776/545 531/758/531
f 206/245/206 532/794/532 556/793/556
f 556/793/556 557/797/557 205/244/205
f 555/809/555 532/794/532 206/245/206
f 512/725/512 555/791/555 559/799/559
f 540/767/540 507/719/507 565/810/565
f 515/755/515 566/811/566 526/749/526
f 551/785/551 553/812/553 542/769/542
f 543/813/543 567/814/567 562/815/562
f 563/806/563 567/816/567 543/807/543
f 568/817/568 567/816/567 563/806/563
f 545/818/545 564/819/564 563/820/563
f 546/777/546 199/237/199 194/231/194
f 206/245/206 556/793/556 203/242/203
f 205/244/205 203/242/203 556/793/556
f 208/247/208 555/791/555 206/248/206
f 569/821/569 555/791/555 208/247/208
f 559/799/559 555/791/555 569/821/569
f 523/745/523 570/822/570 560/801/560
f 547/781/547 566/811/566 515/755/515
f 530/756/530 535/762/535 571/823/571
f 554/788/554 553/787/553 572/824/572
f 552/825/552 528/826/528 538/827/538
f 554/788/554 573/828/573 538/789/538
f 574/829/574 562/830/562 567/816/567
f 563/806/563 575/831/575 568/817/568
f 559/799/559 570/822/570 523/745/523
f 533/760/533 576/832/576 558/833/558
f 533/760/533 524/746/524 576/832/576
f 561/802/561 530/756/530 571/823/571
f 577/834/577 578/835/578 547/781/547
f 579/836/579 572/824/572 553/787/553
f 538/837/538 580/838/580 552/786/552
f 554/839/554 572/840/572 581/841/581
f 573/828/573 580/842/580 538/789/538
f 582/843/582 544/775/544 548/782/548
f 583/844/583 562/845/562 574/846/574
f 573/847/573 554/848/554 584/849/584
f 584/849/584 554/848/554 581/850/581
f 531/774/531 585/851/585 564/819/564
f 586/852/586 563/820/563 564/819/564
f 587/853/587 563/820/563 586/852/586
f 587/853/587 575/854/575 563/820/563
f 236/290/236 208/247/208 207/246/207
f 569/821/569 208/247/208 588/855/588
f 499/704/499 540/767/540 546/777/546
f 507/719/507 526/749/526 565/810/565
f 561/802/561 576/832/576 524/746/524
f 547/781/547 578/835/578 566/811/566
f 579/856/579 553/812/553 551/785/551
f 552/786/552 589/857/589 535/762/535
f 571/823/571 535/762/535 589/857/589
f 562/845/562 577/834/577 547/781/547
f 585/851/585 531/774/531 582/843/582
f 531/774/531 544/775/544 582/843/582
f 581/850/581 590/858/590 584/849/584
f 591/859/591 574/829/574 567/816/567
f 568/817/568 591/859/591 567/816/567
f 575/860/575 592/861/592 568/862/568
f 236/290/236 588/855/588 208/247/208
f 576/832/576 593/863/593 594/864/594
f 576/832/576 595/865/595 593/863/593
f 571/823/571 596/866/596 561/802/561
f 580/842/580 573/828/573 597/867/597
f 598/868/598 586/852/586 585/851/585
f 585/851/585 586/852/586 564/819/564
f 575/854/575 587/853/587 592/869/592
f 568/862/568 599/870/599 591/871/591
f 592/861/592 599/870/599 568/862/568
f 559/799/559 600/872/600 570/822/570
f 526/749/526 601/873/601 565/810/565
f 561/802/561 595/865/595 576/832/576
f 551/785/551 534/761/534 602/874/602
f 602/874/602 579/856/579 551/785/551
f 509/722/509 519/739/519 603/875/603
f 604/876/604 509/722/509 603/875/603
f 509/722/509 604/876/604 548/782/548
f 605/877/605 572/824/572 579/836/579
f 562/845/562 583/844/583 577/834/577
f 606/878/606 590/879/590 581/880/581
f 584/881/584 597/882/597 573/883/573
f 606/878/606 607/884/607 590/879/590
f 607/884/607 584/885/584 590/879/590
f 591/886/591 608/887/608 574/846/574
f 609/888/609 608/887/608 591/886/591
f 610/889/610 611/890/611 591/871/591
f 610/889/610 591/871/591 599/870/599
f 612/891/612 199/237/199 546/777/546
f 613/892/613 546/777/546 540/767/540
f 565/810/565 613/892/613 540/767/540
f 560/801/560 602/874/602 534/761/534
f 614/893/614 615/894/615 589/857/589
f 614/893/614 589/857/589 552/786/552
f 552/786/552 616/895/616 614/893/614
f 578/835/578 577/834/577 617/896/617
f 574/846/574 618/897/618 583/844/583
f 584/881/584 619/898/619 597/882/597
f 618/897/618 574/846/574 608/887/608
f 598/868/598 587/853/587 586/852/586
f 620/899/620 611/900/611 610/901/610
f 587/853/587 621/902/621 592/869/592
f 592/861/592 622/903/622 599/870/599
f 593/863/593 623/904/623 594/864/594
f 565/810/565 601/873/601 624/905/624
f 566/811/566 625/906/625 526/749/526
f 626/907/626 602/874/602 560/801/560
f 550/784/550 627/908/627 519/739/519
f 578/835/578 628/909/628 566/811/566
f 627/908/627 603/875/603 519/739/519
f 629/910/629 571/823/571 589/857/589
f 552/786/552 580/838/580 616/895/616
f 616/895/616 580/838/580 630/911/630
f 631/912/631 572/840/572 605/913/605
f 548/782/548 632/914/632 582/843/582
f 572/840/572 631/912/631 581/841/581
f 606/915/606 581/841/581 631/912/631
f 584/885/584 607/884/607 619/916/619
f 633/917/633 587/853/587 598/868/598
f 634/918/634 610/901/610 635/919/635
f 634/918/634 620/899/620 610/901/610
f 611/890/611 609/920/609 591/871/591
f 635/919/635 610/901/610 599/921/599
f 622/922/622 635/923/635 599/924/599
f 546/777/546 613/892/613 612/891/612
f 636/925/636 560/801/560 570/822/570
f 626/907/626 560/801/560 636/925/636
f 566/811/566 628/909/628 625/906/625
f 596/866/596 571/823/571 629/910/629
f 637/926/637 604/876/604 603/875/603
f 604/876/604 638/927/638 548/782/548
f 632/914/632 548/782/548 638/927/638
f 580/838/580 639/928/639 630/911/630
f 607/884/607 640/929/640 619/916/619
f 641/930/641 634/931/634 635/932/635
f 587/853/587 633/917/633 621/902/621
f 621/933/621 622/903/622 592/861/592
f 252/317/252 236/290/236 232/282/232
f 236/290/236 252/317/252 588/855/588
f 569/821/569 600/872/600 559/799/559
f 595/865/595 642/934/642 593/863/593
f 561/802/561 643/935/643 595/865/595
f 596/866/596 643/935/643 561/802/561
f 589/857/589 615/894/615 629/910/629
f 644/936/644 645/937/645 646/938/646
f 614/939/614 645/937/645 615/940/615
f 646/938/646 645/937/645 647/941/647
f 647/941/647 645/937/645 614/939/614
f 616/895/616 647/942/647 614/893/614
f 630/943/630 647/944/647 616/945/616
f 632/914/632 648/946/648 582/843/582
f 585/851/585 582/843/582 649/947/649
f 598/868/598 650/948/650 633/917/633
f 609/888/609 651/949/651 608/887/608
f 635/932/635 652/950/652 641/930/641
f 634/951/634 653/952/653 620/953/620
f 653/954/653 611/890/611 620/955/620
f 622/903/622 654/956/654 635/932/635
f 199/237/199 655/957/655 223/269/223
f 612/891/612 655/957/655 199/237/199
f 656/958/656 588/855/588 252/317/252
f 593/863/593 642/934/642 623/904/623
f 643/935/643 642/934/642 595/865/595
f 629/959/629 615/940/615 645/937/645
f 657/960/657 629/959/629 645/937/645
f 597/867/597 658/961/658 580/842/580
f 639/962/639 580/842/580 658/961/658
f 648/946/648 649/947/649 582/843/582
f 619/898/619 658/963/658 597/882/597
f 607/884/607 606/878/606 659/964/659
f 660/965/660 653/952/653 634/951/634
f 634/951/634 641/966/641 660/965/660
f 609/920/609 611/890/611 661/967/661
f 661/967/661 611/890/611 653/954/653
f 624/905/624 613/892/613 565/810/565
f 643/968/643 662/969/662 642/970/642
f 663/971/663 596/972/596 629/973/629
f 645/937/645 644/936/644 657/960/657
f 628/909/628 578/835/578 617/896/617
f 664/974/664 579/856/579 602/874/602
f 644/975/644 646/976/646 665/977/665
f 630/943/630 646/978/646 647/944/647
f 631/912/631 666/979/666 606/915/606
f 585/851/585 649/947/649 667/980/667
f 585/851/585 650/948/650 598/868/598
f 661/967/661 651/981/651 609/920/609
f 654/956/654 652/950/652 635/932/635
f 621/902/621 633/917/633 668/982/668
f 654/956/654 622/903/622 669/983/669
f 622/903/622 621/933/621 669/983/669
f 588/855/588 656/958/656 569/821/569
f 670/984/670 570/822/570 600/872/600
f 662/969/662 643/968/643 671/985/671
f 625/906/625 601/873/601 526/749/526
f 657/986/657 663/971/663 629/973/629
f 672/987/672 603/875/603 627/908/627
f 577/834/577 673/988/673 617/896/617
f 664/989/664 605/877/605 579/836/579
f 638/927/638 648/946/648 632/914/632
f 583/844/583 673/988/673 577/834/577
f 674/990/674 630/911/630 639/928/639
f 618/897/618 673/988/673 583/844/583
f 675/991/675 631/912/631 605/913/605
f 675/991/675 666/979/666 631/912/631
f 619/898/619 640/992/640 658/963/658
f 666/979/666 659/993/659 606/915/606
f 651/949/651 676/994/676 608/887/608
f 613/892/613 677/995/677 612/891/612
f 613/892/613 624/905/624 677/995/677
f 636/925/636 570/822/570 670/984/670
f 601/873/601 625/906/625 624/905/624
f 678/996/678 679/997/679 644/975/644
f 679/997/679 657/998/657 644/975/644
f 596/866/596 663/999/663 643/935/643
f 665/977/665 678/996/678 644/975/644
f 630/943/630 665/1000/665 646/978/646
f 667/980/667 650/948/650 585/851/585
f 676/994/676 618/897/618 608/887/608
f 660/965/660 641/966/641 680/1001/680
f 641/930/641 652/950/652 680/1002/680
f 668/982/668 633/917/633 650/948/650
f 651/949/651 681/1003/681 676/994/676
f 661/967/661 681/1004/681 651/981/651
f 682/1005/682 656/958/656 252/317/252
f 642/934/642 683/1006/683 623/904/623
f 671/1007/671 683/1006/683 662/1008/662
f 684/1009/684 675/991/675 605/913/605
f 667/980/667 649/947/649 685/1010/685
f 618/897/618 676/994/676 686/1011/686
f 659/964/659 687/1012/687 607/884/607
f 687/1012/687 640/929/640 607/884/607
f 621/933/621 688/1013/688 669/983/669
f 682/1005/682 252/317/252 689/1014/689
f 677/995/677 655/957/655 612/891/612
f 656/958/656 690/1015/690 569/821/569
f 683/1006/683 691/1016/691 623/904/623
f 683/1006/683 642/934/642 662/1008/662
f 625/906/625 692/1017/692 624/905/624
f 657/986/657 693/1018/693 663/971/663
f 694/1019/694 678/996/678 665/977/665
f 630/943/630 674/1020/674 665/1000/665
f 605/877/605 664/989/664 684/1021/684
f 695/1022/695 658/963/658 640/992/640
f 640/929/640 687/1012/687 695/1023/695
f 652/1024/652 696/1025/696 680/1026/680
f 697/1027/697 653/952/653 660/965/660
f 696/1028/696 652/950/652 654/956/654
f 698/1029/698 696/1028/696 669/983/669
f 696/1028/696 654/956/654 669/983/669
f 697/1030/697 661/967/661 653/954/653
f 668/982/668 688/1031/688 621/902/621
f 690/1015/690 600/872/600 569/821/569
f 671/1007/671 699/1032/699 683/1006/683
f 637/926/637 603/875/603 672/987/672
f 673/988/673 700/1033/700 617/896/617
f 638/927/638 701/1034/701 648/946/648
f 649/947/649 648/946/648 701/1034/701
f 618/897/618 702/1035/702 673/988/673
f 703/1036/703 674/990/674 639/928/639
f 671/985/671 643/968/643 699/1037/699
f 657/986/657 679/1038/679 693/1018/693
f 704/1039/704 643/935/643 663/999/663
f 705/1040/705 664/974/664 602/874/602
f 604/1041/604 706/1042/706 638/1043/638
f 638/927/638 706/1044/706 701/1034/701
f 702/1035/702 700/1033/700 673/988/673
f 695/1022/695 707/1045/707 658/963/658
f 708/1046/708 695/1023/695 687/1012/687
f 696/1028/696 660/1047/660 680/1002/680
f 709/1048/709 668/982/668 650/948/650
f 710/1049/710 697/1027/697 660/965/660
f 710/1050/710 660/1047/660 696/1028/696
f 661/967/661 711/1051/711 681/1004/681
f 712/1052/712 711/1051/711 661/967/661
f 697/1030/697 712/1052/712 661/967/661
f 600/872/600 690/1015/690 670/984/670
f 713/1053/713 636/925/636 670/984/670
f 626/907/626 636/925/636 714/1054/714
f 715/1055/715 637/926/637 672/987/672
f 703/1056/703 665/1000/665 674/1020/674
f 706/1044/706 604/876/604 637/926/637
f 716/1057/716 639/962/639 658/961/658
f 686/1011/686 702/1035/702 618/897/618
f 717/1058/717 659/993/659 666/979/666
f 718/1059/718 687/1012/687 659/964/659
f 696/1028/696 698/1029/698 710/1050/710
f 710/1050/710 712/1052/712 697/1030/697
f 252/317/252 220/266/220 259/330/259
f 251/316/251 223/269/223 655/957/655
f 719/1060/719 655/957/655 677/995/677
f 720/1061/720 690/1015/690 656/958/656
f 721/1062/721 691/1016/691 683/1006/683
f 624/905/624 722/1063/722 677/995/677
f 699/1032/699 721/1062/721 683/1006/683
f 723/1064/723 699/1037/699 643/968/643
f 704/1039/704 723/1065/723 643/935/643
f 693/1018/693 704/1066/704 663/971/663
f 626/907/626 705/1040/705 602/874/602
f 637/926/637 715/1055/715 706/1044/706
f 703/1056/703 694/1067/694 665/1000/665
f 716/1068/716 703/1036/703 639/928/639
f 649/947/649 701/1034/701 685/1010/685
f 658/961/658 707/1069/707 716/1057/716
f 675/991/675 717/1058/717 666/979/666
f 681/1003/681 724/1070/724 676/994/676
f 711/1071/711 724/1070/724 681/1003/681
f 698/1029/698 725/1072/725 710/1050/710
f 726/1073/726 688/1031/688 668/982/668
f 259/330/259 689/1014/689 252/317/252
f 720/1061/720 656/958/656 682/1005/682
f 628/909/628 617/896/617 727/1074/727
f 700/1033/700 727/1074/727 617/896/617
f 728/1075/728 684/1021/684 664/989/664
f 684/1009/684 717/1058/717 675/991/675
f 718/1076/718 659/993/659 717/1058/717
f 729/1077/729 707/1045/707 695/1022/695
f 730/1078/730 650/948/650 667/980/667
f 730/1078/730 667/980/667 685/1010/685
f 686/1011/686 676/994/676 724/1070/724
f 709/1048/709 726/1073/726 668/982/668
f 725/1072/725 712/1052/712 710/1050/710
f 669/983/669 725/1072/725 698/1029/698
f 688/1013/688 725/1072/725 669/983/669
f 273/347/273 251/316/251 655/957/655
f 719/1060/719 731/1079/731 655/957/655
f 732/1080/732 670/984/670 690/1015/690
f 690/1015/690 720/1061/720 732/1080/732
f 624/905/624 692/1017/692 722/1063/722
f 733/1081/733 626/907/626 714/1054/714
f 679/1038/679 678/1082/678 693/1018/693
f 628/909/628 727/1074/727 734/1083/734
f 728/1084/728 717/1058/717 684/1009/684
f 708/1046/708 687/1012/687 718/1059/718
f 729/1085/729 695/1023/695 708/1046/708
f 709/1048/709 650/948/650 730/1078/730
f 735/1086/735 725/1072/725 688/1013/688
f 699/1032/699 736/1087/736 721/1062/721
f 737/1088/737 736/1087/736 699/1032/699
f 713/1053/713 714/1054/714 636/925/636
f 723/1064/723 737/1089/737 699/1037/699
f 626/907/626 733/1081/733 705/1040/705
f 728/1084/728 664/974/664 705/1040/705
f 738/1090/738 716/1068/716 707/1045/707
f 724/1070/724 739/1091/739 686/1011/686
f 740/1092/740 711/1051/711 712/1052/712
f 740/1092/740 712/1052/712 725/1072/725
f 688/1031/688 726/1073/726 735/1093/735
f 719/1060/719 741/1094/741 731/1079/731
f 682/1005/682 742/1095/742 720/1061/720
f 670/984/670 732/1080/732 713/1053/713
f 625/906/625 743/1096/743 692/1017/692
f 678/1082/678 744/1097/744 693/1018/693
f 693/1018/693 745/1098/745 704/1066/704
f 704/1066/704 745/1098/745 746/1099/746
f 678/996/678 694/1019/694 747/1100/747
f 703/1036/703 716/1068/716 748/1101/748
f 738/1090/738 749/1102/749 716/1068/716
f 686/1011/686 739/1091/739 702/1035/702
f 711/1051/711 740/1092/740 724/1103/724
f 750/1104/750 726/1073/726 709/1048/709
f 740/1092/740 725/1072/725 751/1105/751
f 735/1093/735 726/1073/726 750/1104/750
f 735/1086/735 751/1105/751 725/1072/725
f 742/1095/742 682/1005/682 689/1014/689
f 692/1017/692 752/1106/752 722/1063/722
f 746/1107/746 723/1065/723 704/1039/704
f 693/1018/693 744/1097/744 753/1108/753
f 734/1083/734 625/906/625 628/909/628
f 744/1109/744 678/996/678 747/1100/747
f 694/1019/694 703/1036/703 748/1101/748
f 749/1102/749 748/1101/748 716/1068/716
f 754/1110/754 718/1076/718 717/1058/717
f 718/1059/718 754/1111/754 708/1046/708
f 731/1079/731 273/347/273 655/957/655
f 722/1063/722 719/1060/719 677/995/677
f 721/1062/721 755/1112/755 756/1113/756
f 715/1055/715 672/987/672 757/1114/757
f 754/1110/754 717/1058/717 728/1084/728
f 758/1115/758 738/1090/738 707/1045/707
f 759/1116/759 730/1078/730 685/1010/685
f 730/1078/730 759/1116/759 709/1048/709
f 751/1105/751 760/1117/760 740/1092/740
f 735/1118/735 750/1119/750 751/1120/751
f 761/1121/761 732/1080/732 720/1061/720
f 720/1061/720 742/1095/742 761/1121/761
f 762/1122/762 713/1053/713 732/1080/732
f 723/1064/723 763/1123/763 737/1089/737
f 746/1107/746 763/1124/763 723/1065/723
f 753/1108/753 745/1098/745 693/1018/693
f 764/1125/764 746/1099/746 745/1098/745
f 734/1083/734 743/1096/743 625/906/625
f 765/1126/765 754/1110/754 728/1084/728
f 708/1046/708 754/1111/754 766/1127/766
f 724/1070/724 767/1128/767 739/1091/739
f 721/1062/721 736/1087/736 755/1112/755
f 762/1122/762 714/1054/714 713/1053/713
f 768/1129/768 733/1081/733 714/1054/714
f 745/1098/745 753/1108/753 764/1125/764
f 700/1033/700 769/1130/769 727/1074/727
f 770/1131/770 728/1084/728 705/1040/705
f 702/1035/702 769/1130/769 700/1033/700
f 706/1044/706 771/1132/771 701/1034/701
f 771/1132/771 685/1010/685 701/1034/701
f 708/1046/708 772/1133/772 729/1085/729
f 767/1134/767 724/1103/724 740/1092/740
f 740/1092/740 760/1117/760 767/1134/767
f 773/1135/773 742/1095/742 689/1014/689
f 722/1063/722 774/1136/774 719/1060/719
f 722/1063/722 752/1106/752 774/1136/774
f 768/1129/768 714/1054/714 762/1122/762
f 764/1137/764 775/1138/775 746/1107/746
f 747/1100/747 694/1019/694 776/1139/776
f 769/1130/769 777/1140/777 727/1074/727
f 748/1101/748 776/1139/776 694/1019/694
f 778/1141/778 771/1132/771 706/1044/706
f 760/1117/760 779/1142/779 767/1134/767
f 780/1143/780 760/1117/760 751/1105/751
f 751/1144/751 750/1145/750 780/1146/780
f 689/1014/689 259/330/259 773/1135/773
f 781/1147/781 736/1087/736 737/1088/737
f 781/1148/781 737/1089/737 763/1123/763
f 746/1107/746 775/1138/775 763/1124/763
f 757/1114/757 782/1149/782 715/1055/715
f 715/1055/715 778/1141/778 706/1044/706
f 749/1102/749 783/1150/783 748/1101/748
f 738/1090/738 783/1150/783 749/1102/749
f 784/1151/784 754/1110/754 765/1126/765
f 767/1128/767 785/1152/785 739/1091/739
f 750/1104/750 709/1048/709 759/1116/759
f 259/330/259 281/357/281 773/1135/773
f 786/1153/786 742/1095/742 773/1135/773
f 786/1153/786 761/1121/761 742/1095/742
f 762/1122/762 732/1080/732 761/1121/761
f 774/1136/774 787/1154/787 719/1060/719
f 692/1017/692 743/1096/743 752/1106/752
f 782/1149/782 778/1141/778 715/1055/715
f 770/1131/770 765/1126/765 728/1084/728
f 739/1091/739 788/1155/788 702/1035/702
f 754/1110/754 784/1151/784 766/1156/766
f 707/1045/707 729/1077/729 758/1115/758
f 766/1127/766 772/1133/772 708/1046/708
f 729/1085/729 772/1133/772 789/1157/789
f 790/1158/790 752/1106/752 743/1096/743
f 734/1083/734 791/1159/791 743/1096/743
f 733/1081/733 770/1131/770 705/1040/705
f 771/1132/771 778/1141/778 792/1160/792
f 783/1150/783 738/1090/738 793/1161/793
f 738/1090/738 758/1115/758 793/1161/793
f 739/1091/739 785/1152/785 788/1155/788
f 779/1142/779 785/1162/785 767/1134/767
f 760/1117/760 794/1163/794 779/1142/779
f 780/1143/780 750/1164/750 795/1165/795
f 796/1166/796 273/347/273 731/1079/731
f 741/1094/741 719/1060/719 787/1154/787
f 786/1153/786 762/1122/762 761/1121/761
f 797/1167/797 762/1122/762 786/1153/786
f 736/1087/736 781/1147/781 755/1112/755
f 781/1148/781 763/1123/763 798/1168/798
f 775/1138/775 798/1169/798 763/1124/763
f 799/1170/799 800/1171/800 753/1108/753
f 753/1108/753 800/1171/800 764/1125/764
f 777/1140/777 734/1083/734 727/1074/727
f 770/1131/770 801/1172/801 765/1126/765
f 748/1101/748 783/1150/783 776/1139/776
f 702/1035/702 788/1155/788 769/1130/769
f 792/1160/792 685/1010/685 771/1132/771
f 789/1173/789 758/1115/758 729/1077/729
f 772/1133/772 766/1127/766 802/1174/802
f 802/1174/802 803/1175/803 772/1133/772
f 780/1143/780 794/1163/794 760/1117/760
f 291/368/291 267/340/267 262/333/262
f 804/1176/804 787/1154/787 774/1136/774
f 755/1112/755 805/1177/805 756/1113/756
f 762/1122/762 806/1178/806 768/1129/768
f 762/1122/762 807/1179/807 806/1178/806
f 775/1138/775 764/1137/764 808/1180/808
f 800/1171/800 808/1181/808 764/1125/764
f 685/1010/685 809/1182/809 759/1116/759
f 772/1133/772 810/1183/810 789/1157/789
f 803/1175/803 810/1183/810 772/1133/772
f 811/1184/811 779/1142/779 794/1163/794
f 812/1185/812 281/357/281 279/356/279
f 291/368/291 280/355/280 267/340/267
f 273/347/273 813/1186/813 285/361/285
f 741/1094/741 796/1166/796 731/1079/731
f 814/1187/814 786/1153/786 773/1135/773
f 797/1167/797 807/1179/807 762/1122/762
f 781/1147/781 815/1188/815 755/1112/755
f 815/1189/815 781/1148/781 798/1168/798
f 791/1159/791 790/1158/790 743/1096/743
f 775/1138/775 816/1190/816 798/1169/798
f 744/1097/744 799/1170/799 753/1108/753
f 808/1180/808 816/1190/816 775/1138/775
f 817/1191/817 757/1114/757 818/1192/818
f 819/1193/819 770/1131/770 733/1081/733
f 819/1193/819 801/1172/801 770/1131/770
f 820/1194/820 758/1115/758 789/1173/789
f 785/1162/785 779/1142/779 821/1195/821
f 821/1195/821 779/1142/779 811/1184/811
f 784/1196/784 802/1174/802 766/1127/766
f 759/1116/759 795/1197/795 750/1104/750
f 822/1198/822 291/368/291 262/333/262
f 796/1166/796 813/1186/813 273/347/273
f 752/1106/752 823/1199/823 774/1136/774
f 790/1158/790 823/1199/823 752/1106/752
f 824/1200/824 755/1112/755 815/1188/815
f 819/1193/819 733/1081/733 768/1129/768
f 734/1083/734 825/1201/825 791/1159/791
f 817/1191/817 782/1149/782 757/1114/757
f 777/1140/777 825/1201/825 734/1083/734
f 801/1202/801 826/1203/826 765/1204/765
f 826/1205/826 784/1151/784 765/1126/765
f 792/1160/792 809/1182/809 685/1010/685
f 759/1116/759 827/1206/827 795/1197/795
f 820/1194/820 789/1173/789 810/1207/810
f 828/1208/828 794/1163/794 780/1143/780
f 829/1209/829 814/1187/814 773/1135/773
f 741/1094/741 830/1210/830 796/1166/796
f 831/1211/831 786/1153/786 814/1187/814
f 797/1167/797 786/1153/786 831/1211/831
f 832/1212/832 824/1213/824 815/1214/815
f 744/1109/744 747/1100/747 833/1215/833
f 783/1150/783 834/1216/834 776/1139/776
f 778/1141/778 835/1217/835 792/1160/792
f 793/1161/793 834/1216/834 783/1150/783
f 821/1218/821 788/1155/788 785/1152/785
f 820/1194/820 836/1219/836 758/1115/758
f 809/1182/809 827/1206/827 759/1116/759
f 795/1165/795 828/1208/828 780/1143/780
f 829/1209/829 773/1135/773 281/357/281
f 832/1220/832 815/1221/815 837/1222/837
f 815/1189/815 798/1168/798 837/1223/837
f 744/1097/744 833/1224/833 799/1170/799
f 833/1224/833 838/1225/838 799/1170/799
f 776/1139/776 833/1215/833 747/1100/747
f 826/1205/826 839/1226/839 784/1151/784
f 840/1227/840 811/1184/811 794/1163/794
f 841/1228/841 281/357/281 812/1185/812
f 824/1200/824 805/1177/805 755/1112/755
f 842/1229/842 768/1129/768 806/1178/806
f 842/1229/842 819/1193/819 768/1129/768
f 838/1225/838 800/1171/800 799/1170/799
f 776/1139/776 843/1230/843 833/1215/833
f 826/1203/826 801/1202/801 844/1231/844
f 758/1115/758 836/1219/836 793/1161/793
f 820/1194/820 845/1232/845 836/1219/836
f 846/1233/846 803/1175/803 802/1174/802
f 847/1234/847 795/1197/795 827/1206/827
f 840/1227/840 794/1163/794 828/1208/828
f 830/1210/830 848/1235/848 796/1166/796
f 814/1187/814 849/1236/849 831/1211/831
f 774/1136/774 823/1199/823 804/1176/804
f 850/1237/850 807/1179/807 797/1167/797
f 807/1179/807 850/1237/850 806/1178/806
f 851/1238/851 837/1223/837 798/1168/798
f 798/1168/798 816/1239/816 851/1238/851
f 801/1172/801 819/1193/819 852/1240/852
f 853/1241/853 843/1230/843 776/1139/776
f 776/1139/776 834/1216/834 853/1241/853
f 854/1242/854 769/1130/769 788/1155/788
f 855/1243/855 809/1182/809 792/1160/792
f 821/1218/821 854/1242/854 788/1155/788
f 803/1175/803 846/1233/846 856/1244/856
f 856/1244/856 810/1183/810 803/1175/803
f 847/1245/847 828/1208/828 795/1165/795
f 300/1246/300 812/1185/812 279/356/279
f 857/1247/857 290/367/290 291/368/291
f 829/1209/829 281/357/281 841/1228/841
f 741/1094/741 787/1154/787 830/1210/830
f 787/1154/787 858/1248/858 830/1210/830
f 797/1167/797 831/1211/831 859/1249/859
f 790/1158/790 860/1250/860 823/1199/823
f 861/1251/861 824/1213/824 832/1212/832
f 837/1222/837 861/1252/861 832/1220/832
f 778/1141/778 782/1149/782 862/1253/862
f 854/1242/854 863/1254/863 769/1130/769
f 784/1151/784 839/1226/839 864/1255/864
f 802/1256/802 784/1151/784 864/1255/864
f 865/1257/865 810/1183/810 856/1244/856
f 820/1194/820 810/1207/810 865/1258/865
f 812/1185/812 300/1246/300 841/1228/841
f 822/1198/822 857/1247/857 291/368/291
f 859/1249/859 850/1237/850 797/1167/797
f 861/1259/861 837/1223/837 851/1238/851
f 866/1260/866 867/1261/867 816/1190/816
f 866/1260/866 816/1190/816 808/1180/808
f 825/1201/825 777/1140/777 863/1254/863
f 863/1254/863 777/1140/777 769/1130/769
f 852/1240/852 844/1262/844 801/1172/801
f 868/1263/868 839/1226/839 826/1205/826
f 836/1264/836 869/1265/869 793/1266/793
f 870/1267/870 827/1206/827 809/1182/809
f 811/1184/811 871/1268/871 821/1195/821
f 871/1268/871 811/1184/811 840/1227/840
f 872/1269/872 840/1227/840 828/1208/828
f 847/1245/847 872/1269/872 828/1208/828
f 285/361/285 873/1270/873 297/377/297
f 813/1186/813 873/1270/873 285/361/285
f 796/1166/796 848/1235/848 813/1186/813
f 823/1199/823 874/1271/874 804/1176/804
f 850/1237/850 875/1272/875 806/1178/806
f 824/1200/824 876/1273/876 805/1177/805
f 824/1213/824 861/1251/861 877/1274/877
f 875/1272/875 842/1229/842 806/1178/806
f 867/1275/867 851/1238/851 816/1239/816
f 866/1276/866 808/1181/808 800/1171/800
f 826/1203/826 844/1231/844 868/1277/868
f 853/1241/853 834/1216/834 878/1278/878
f 793/1161/793 869/1279/869 834/1216/834
f 802/1174/802 864/1280/864 846/1233/846
f 865/1258/865 879/1281/879 820/1194/820
f 297/377/297 873/1270/873 312/406/312
f 880/1282/880 300/381/300 290/367/290
f 290/367/290 857/1247/857 880/1282/880
f 881/1283/881 857/1247/857 822/1198/822
f 813/1186/813 848/1235/848 882/1284/882
f 883/1285/883 849/1236/849 814/1187/814
f 858/1248/858 787/1154/787 804/1176/804
f 800/1171/800 838/1225/838 884/1286/884
f 800/1171/800 885/1287/885 866/1276/866
f 884/1286/884 885/1287/885 800/1171/800
f 825/1201/825 863/1254/863 886/1288/886
f 862/1253/862 835/1217/835 778/1141/778
f 835/1217/835 887/1289/887 792/1160/792
f 855/1243/855 870/1267/870 809/1182/809
f 888/1290/888 871/1268/871 840/1227/840
f 847/1234/847 827/1206/827 889/1291/889
f 872/1269/872 888/1290/888 840/1227/840
f 308/400/308 315/1292/315 303/401/303
f 303/401/303 315/1292/315 304/1293/304
f 813/1186/813 882/1284/882 873/1270/873
f 890/1294/890 881/1283/881 822/1198/822
f 883/1285/883 814/1187/814 829/1209/829
f 805/1177/805 876/1273/876 891/1295/891
f 892/1296/892 875/1272/875 850/1237/850
f 893/1297/893 861/1259/861 851/1238/851
f 866/1260/866 885/1298/885 867/1261/867
f 817/1191/817 862/1253/862 782/1149/782
f 894/1299/894 862/1253/862 817/1191/817
f 895/1300/895 839/1226/839 868/1263/868
f 820/1194/820 879/1281/879 845/1232/845
f 846/1233/846 864/1280/864 896/1301/896
f 881/1283/881 880/1282/880 857/1247/857
f 315/1292/315 317/1302/317 304/1293/304
f 897/1303/897 883/1285/883 829/1209/829
f 804/1176/804 874/1271/874 858/1248/858
f 860/1250/860 874/1271/874 823/1199/823
f 877/1304/877 876/1273/876 824/1200/824
f 791/1159/791 898/1305/898 790/1158/790
f 834/1216/834 899/1306/899 878/1278/878
f 869/1279/869 899/1306/899 834/1216/834
f 836/1264/836 845/1307/845 869/1265/869
f 895/1300/895 864/1255/864 839/1226/839
f 888/1290/888 900/1308/900 871/1268/871
f 841/1228/841 897/1303/897 829/1209/829
f 873/1270/873 882/1284/882 901/1309/901
f 902/1310/902 850/1237/850 859/1249/859
f 875/1272/875 892/1296/892 903/1311/903
f 893/1297/893 851/1238/851 904/1312/904
f 851/1238/851 867/1275/867 904/1312/904
f 825/1201/825 886/1288/886 791/1159/791
f 905/1313/905 819/1193/819 842/1229/842
f 906/1314/906 894/1299/894 817/1191/817
f 907/1315/907 886/1288/886 863/1254/863
f 863/1254/863 854/1242/854 907/1315/907
f 835/1217/835 862/1253/862 887/1289/887
f 869/1279/869 908/1316/908 899/1306/899
f 864/1255/864 895/1300/895 909/1317/909
f 871/1268/871 910/1318/910 821/1195/821
f 909/1317/909 896/1319/896 864/1255/864
f 911/1320/911 846/1233/846 896/1301/896
f 308/400/308 318/1321/318 315/1292/315
f 893/1322/893 877/1304/877 861/1323/861
f 904/1312/904 912/1324/912 893/1297/893
f 885/1298/885 904/1325/904 867/1261/867
f 885/1298/885 913/1326/913 904/1325/904
f 914/1327/914 894/1299/894 906/1314/906
f 905/1313/905 852/1240/852 819/1193/819
f 915/1328/915 843/1230/843 853/1241/853
f 878/1278/878 915/1328/915 853/1241/853
f 887/1289/887 855/1243/855 792/1160/792
f 869/1265/869 845/1307/845 908/1329/908
f 827/1206/827 870/1267/870 889/1291/889
f 910/1318/910 871/1268/871 900/1308/900
f 856/1244/856 846/1233/846 911/1320/911
f 911/1320/911 916/1330/916 856/1244/856
f 917/1331/917 848/1235/848 830/1210/830
f 858/1248/858 918/1332/918 830/1210/830
f 902/1310/902 892/1296/892 850/1237/850
f 790/1158/790 898/1305/898 860/1250/860
f 833/1224/833 843/1333/843 838/1225/838
f 913/1326/913 885/1298/885 884/1334/884
f 919/1335/919 862/1253/862 894/1299/894
f 920/1336/920 868/1277/868 844/1231/844
f 921/1337/921 895/1300/895 868/1263/868
f 922/1338/922 895/1300/895 921/1337/921
f 910/1339/910 854/1242/854 821/1218/821
f 845/1232/845 879/1281/879 923/1340/923
f 916/1330/916 865/1257/865 856/1244/856
f 847/1245/847 924/1341/924 872/1269/872
f 318/1321/318 308/400/308 313/407/313
f 314/1342/314 925/1343/925 317/1344/317
f 883/1285/883 926/1345/926 849/1236/849
f 849/1236/849 927/1346/927 831/1211/831
f 874/1271/874 918/1332/918 858/1248/858
f 831/1211/831 927/1346/927 859/1249/859
f 860/1250/860 928/1347/928 874/1271/874
f 898/1305/898 929/1348/929 860/1250/860
f 903/1311/903 842/1229/842 875/1272/875
f 843/1333/843 930/1349/930 838/1225/838
f 838/1225/838 930/1349/930 884/1286/884
f 878/1278/878 931/1350/931 915/1328/915
f 852/1240/852 920/1351/920 844/1262/844
f 899/1306/899 931/1350/931 878/1278/878
f 923/1352/923 908/1329/908 845/1307/845
f 847/1234/847 889/1291/889 924/1353/924
f 313/407/313 323/1354/323 318/1321/318
f 932/1355/932 300/381/300 880/1282/880
f 881/1283/881 932/1355/932 880/1282/880
f 883/1285/883 897/1303/897 926/1345/926
f 917/1331/917 882/1284/882 848/1235/848
f 927/1346/927 933/1356/933 859/1249/859
f 876/1273/876 934/1357/934 891/1295/891
f 935/1358/935 876/1273/876 877/1304/877
f 893/1322/893 935/1358/935 877/1304/877
f 936/1359/936 791/1159/791 886/1288/886
f 898/1305/898 791/1159/791 936/1359/936
f 868/1277/868 920/1336/920 921/1360/921
f 887/1289/887 862/1253/862 919/1335/919
f 854/1242/854 937/1361/937 907/1315/907
f 938/1362/938 895/1300/895 922/1338/922
f 895/1300/895 938/1362/938 909/1317/909
f 924/1341/924 888/1290/888 872/1269/872
f 841/1228/841 939/1363/939 897/1303/897
f 939/1363/939 841/1228/841 932/1364/932
f 841/1228/841 300/1246/300 932/1364/932
f 902/1310/902 859/1249/859 933/1356/933
f 893/1322/893 912/1365/912 935/1358/935
f 854/1242/854 910/1339/910 937/1361/937
f 889/1291/889 870/1267/870 940/1366/940
f 865/1258/865 941/1367/941 879/1281/879
f 942/1368/942 888/1290/888 924/1341/924
f 873/1270/873 901/1309/901 312/406/312
f 943/1369/943 881/1283/881 890/1294/890
f 918/1332/918 917/1331/917 830/1210/830
f 860/1250/860 929/1348/929 928/1347/928
f 935/1370/935 944/1371/944 876/1372/876
f 934/1357/934 876/1273/876 944/1373/944
f 945/1374/945 930/1349/930 843/1333/843
f 855/1243/855 940/1366/940 870/1267/870
f 899/1306/899 908/1316/908 946/1375/946
f 900/1308/900 888/1290/888 942/1368/942
f 310/404/310 947/1376/947 313/407/313
f 313/407/313 947/1376/947 323/1354/323
f 926/1345/926 927/1346/927 849/1236/849
f 918/1332/918 874/1271/874 928/1347/928
f 948/1377/948 891/1295/891 934/1357/934
f 949/1378/949 929/1348/929 898/1305/898
f 936/1359/936 949/1378/949 898/1305/898
f 912/1324/912 904/1312/904 950/1379/950
f 842/1229/842 951/1380/951 905/1313/905
f 904/1325/904 913/1326/913 950/1381/950
f 907/1315/907 936/1359/936 886/1288/886
f 945/1382/945 843/1230/843 915/1328/915
f 952/1383/952 919/1335/919 894/1299/894
f 953/1384/953 920/1351/920 852/1240/852
f 946/1385/946 908/1329/908 923/1352/923
f 942/1368/942 954/1386/954 900/1308/900
f 955/1387/955 942/1368/942 924/1341/924
f 325/425/325 956/1388/956 326/426/326
f 956/1389/956 925/1343/925 326/1390/326
f 956/1391/956 957/1392/957 925/1393/925
f 958/1394/958 935/1358/935 912/1365/912
f 912/1324/912 950/1379/950 958/1395/958
f 945/1374/945 959/1396/959 930/1349/930
f 960/1397/960 913/1326/913 884/1334/884
f 961/1398/961 952/1383/952 894/1299/894
f 962/1399/962 922/1338/922 921/1337/921
f 963/1400/963 855/1243/855 887/1289/887
f 964/1401/964 940/1366/940 855/1243/855
f 900/1402/900 965/1403/965 910/1339/910
f 879/1281/879 941/1367/941 923/1340/923
f 924/1353/924 889/1291/889 940/1366/940
f 310/404/310 966/1404/966 947/1376/947
f 947/1376/947 967/1405/967 323/1354/323
f 932/1364/932 968/1406/968 939/1363/939
f 968/1407/968 932/1355/932 881/1283/881
f 969/1408/969 901/1309/901 882/1284/882
f 970/1409/970 926/1345/926 897/1303/897
f 917/1331/917 969/1408/969 882/1284/882
f 971/1410/971 926/1345/926 972/1411/972
f 918/1332/918 973/1412/973 917/1331/917
f 971/1410/971 927/1346/927 926/1345/926
f 903/1311/903 974/1413/974 842/1229/842
f 974/1413/974 951/1380/951 842/1229/842
f 930/1349/930 960/1414/960 884/1286/884
f 953/1384/953 852/1240/852 905/1313/905
f 937/1361/937 975/1415/975 907/1315/907
f 976/1416/976 887/1289/887 919/1335/919
f 920/1336/920 962/1417/962 921/1360/921
f 899/1306/899 977/1418/977 931/1350/931
f 963/1400/963 887/1289/887 976/1416/976
f 962/1399/962 938/1362/938 922/1338/922
f 910/1339/910 965/1403/965 937/1361/937
f 946/1375/946 977/1418/977 899/1306/899
f 896/1301/896 978/1419/978 911/1320/911
f 916/1330/916 911/1320/911 978/1419/978
f 940/1366/940 955/1420/955 924/1353/924
f 978/1419/978 979/1421/979 916/1330/916
f 916/1330/916 941/1422/941 865/1257/865
f 979/1421/979 941/1422/941 916/1330/916
f 312/406/312 966/1423/966 310/403/310
f 967/1424/967 325/423/325 323/419/323
f 325/425/325 967/1425/967 956/1388/956
f 947/1376/947 980/1426/980 967/1405/967
f 967/1405/967 981/1427/981 956/1391/956
f 956/1391/956 981/1427/981 982/1428/982
f 968/1407/968 881/1283/881 943/1369/943
f 982/1428/982 957/1392/957 956/1391/956
f 970/1409/970 972/1411/972 926/1345/926
f 983/1429/983 943/1369/943 890/1294/890
f 958/1394/958 944/1373/944 935/1358/935
f 959/1430/959 945/1382/945 984/1431/984
f 951/1380/951 953/1384/953 905/1313/905
f 915/1328/915 984/1431/984 945/1382/945
f 952/1383/952 976/1416/976 919/1335/919
f 985/1432/985 946/1385/946 923/1352/923
f 896/1301/896 986/1433/986 978/1419/978
f 980/1426/980 981/1427/981 967/1405/967
f 970/1409/970 939/1363/939 968/1406/968
f 970/1409/970 897/1303/897 939/1363/939
f 927/1346/927 971/1410/971 933/1356/933
f 928/1347/928 973/1412/973 918/1332/918
f 936/1359/936 987/1434/987 949/1378/949
f 960/1397/960 950/1381/950 913/1326/913
f 988/1435/988 952/1383/952 961/1398/961
f 964/1401/964 855/1243/855 963/1400/963
f 909/1317/909 938/1362/938 989/1436/989
f 989/1436/989 896/1319/896 909/1317/909
f 941/1367/941 985/1437/985 923/1340/923
f 954/1438/954 965/1403/965 900/1402/900
f 901/1309/901 990/1439/990 312/406/312
f 970/1409/970 968/1406/968 991/1440/991
f 972/1411/972 970/1409/970 991/1440/991
f 992/1441/992 943/1369/943 983/1429/983
f 933/1356/933 971/1410/971 993/1442/993
f 903/1311/903 994/1443/994 974/1413/974
f 995/1444/995 958/1395/958 950/1379/950
f 996/1445/996 960/1414/960 930/1349/930
f 915/1328/915 931/1350/931 984/1431/984
f 989/1436/989 986/1446/986 896/1319/896
f 997/1447/997 954/1386/954 942/1368/942
f 955/1387/955 997/1447/997 942/1368/942
f 966/1423/966 312/406/312 990/1439/990
f 966/1404/966 980/1426/980 947/1376/947
f 981/1427/981 998/1448/998 982/1428/982
f 999/1449/999 991/1440/991 968/1406/968
f 968/1407/968 1000/1450/1000 999/1451/999
f 943/1369/943 1000/1450/1000 968/1407/968
f 999/1452/999 1000/1453/1000 1001/1454/1001
f 1002/1455/1002 999/1452/999 1001/1454/1001
f 1001/1456/1001 1000/1450/1000 943/1369/943
f 992/1441/992 1001/1456/1001 943/1369/943
f 972/1457/972 1003/1458/1003 971/1459/971
f 1003/1458/1003 972/1457/972 991/1460/991
f 1004/1461/1004 991/1460/991 999/1452/999
f 1004/1461/1004 999/1452/999 1002/1455/1002
f 1005/1462/1005 1001/1454/1001 992/1463/992
f 1003/1458/1003 991/1460/991 1004/1461/1004
f 1003/1458/1003 1004/1461/1004 1006/1464/1006
f 1007/1465/1007 1004/1461/1004 1002/1455/1002
f 1008/1466/1008 971/1459/971 1003/1458/1003
f 1004/1467/1004 1007/1468/1007 1006/1469/1006
f 1002/1455/1002 1001/1454/1001 1005/1462/1005
f 971/1459/971 1008/1466/1008 993/1470/993
f 1002/1471/1002 1009/1472/1009 1007/1468/1007
f 1005/1462/1005 1009/1473/1009 1002/1455/1002
f 1009/1474/1009 1005/1475/1005 948/1476/948
f 993/1442/993 902/1310/902 933/1356/933
f 948/1377/948 1010/1477/1010 1009/1478/1009
f 934/1357/934 1010/1477/1010 948/1377/948
f 1011/1479/1011 892/1296/892 902/1310/902
f 1011/1479/1011 903/1311/903 892/1296/892
f 944/1373/944 1010/1477/1010 934/1357/934
f 944/1480/944 958/1481/958 995/1482/995
f 960/1397/960 995/1483/995 950/1381/950
f 959/1396/959 996/1445/996 930/1349/930
f 1012/1484/1012 938/1362/938 962/1399/962
f 977/1418/977 946/1375/946 1013/1485/1013
f 1012/1484/1012 989/1436/989 938/1362/938
f 985/1437/985 941/1367/941 1014/1486/1014
f 1014/1486/1014 941/1367/941 979/1487/979
f 978/1419/978 1015/1488/1015 979/1421/979
f 990/1439/990 1016/1489/1016 966/1423/966
f 1016/1490/1016 980/1426/980 966/1404/966
f 973/1412/973 969/1408/969 917/1331/917
f 1003/1491/1003 1006/1492/1006 1017/1493/1017
f 928/1347/928 929/1348/929 1018/1494/1018
f 994/1443/994 903/1311/903 1011/1479/1011
f 1019/1495/1019 944/1373/944 995/1483/995
f 1020/1496/1020 984/1431/984 931/1350/931
f 1013/1485/1013 1021/1497/1021 977/1418/977
f 985/1432/985 1013/1498/1013 946/1385/946
f 1022/1499/1022 1013/1498/1013 985/1432/985
f 1023/1500/1023 955/1420/955 940/1366/940
f 955/1387/955 1024/1501/1024 997/1447/997
f 980/1502/980 1016/1503/1016 1025/1504/1025
f 980/1426/980 998/1448/998 981/1427/981
f 901/1309/901 1026/1505/1026 990/1439/990
f 969/1408/969 1026/1505/1026 901/1309/901
f 1027/1506/1027 1017/1507/1017 1006/1508/1006
f 1028/1509/1028 1027/1510/1027 1006/1469/1006
f 1007/1468/1007 1028/1509/1028 1006/1469/1006
f 1029/1511/1029 1030/1512/1030 1007/1468/1007
f 1007/1468/1007 1009/1472/1009 1029/1511/1029
f 1010/1477/1010 1029/1513/1029 1009/1478/1009
f 944/1373/944 1019/1495/1019 1010/1477/1010
f 949/1378/949 987/1434/987 929/1348/929
f 1031/1514/1031 1032/1515/1032 1033/1516/1033
f 1034/1517/1034 995/1483/995 960/1397/960
f 960/1397/960 996/1518/996 1034/1517/1034
f 988/1435/988 1035/1519/1035 952/1383/952
f 975/1415/975 936/1359/936 907/1315/907
f 1036/1520/1036 952/1383/952 1035/1519/1035
f 952/1383/952 1036/1520/1036 976/1416/976
f 1037/1521/1037 920/1351/920 953/1384/953
f 920/1336/920 1037/1522/1037 962/1417/962
f 975/1415/975 937/1361/937 1038/1523/1038
f 1020/1496/1020 931/1350/931 977/1418/977
f 1020/1496/1020 977/1418/977 1021/1497/1021
f 965/1403/965 1039/1524/1039 937/1361/937
f 1040/1525/1040 978/1419/978 986/1433/986
f 1040/1525/1040 1015/1488/1015 978/1419/978
f 1015/1526/1015 1014/1486/1014 979/1487/979
f 1041/1527/1041 1016/1489/1016 990/1439/990
f 1042/1528/1042 980/1502/980 1025/1504/1025
f 998/1529/998 980/1502/980 1042/1528/1042
f 1043/1530/1043 1044/1531/1044 1045/1532/1045
f 1046/1533/1046 1047/1534/1047 1045/1535/1045
f 1045/1535/1045 1047/1534/1047 1043/1536/1043
f 1043/1536/1043 1047/1534/1047 1048/1537/1048
f 1048/1537/1048 1047/1534/1047 1049/1538/1049
f 1050/1539/1050 1003/1540/1003 1017/1541/1017
f 1007/1468/1007 1030/1512/1030 1028/1509/1028
f 1050/1539/1050 1008/1542/1008 1003/1540/1003
f 1050/1543/1050 993/1544/993 1008/1545/1008
f 1010/1477/1010 1051/1546/1051 1029/1513/1029
f 902/1310/902 993/1442/993 1011/1479/1011
f 984/1547/984 1052/1548/1052 959/1396/959
f 1053/1549/1053 1035/1519/1035 988/1435/988
f 962/1417/962 1037/1522/1037 1012/1550/1012
f 1036/1520/1036 963/1400/963 976/1416/976
f 1021/1551/1021 1054/1552/1054 1055/1553/1055
f 1054/1554/1054 964/1401/964 963/1400/963
f 964/1555/964 1054/1552/1054 1021/1551/1021
f 940/1366/940 964/1401/964 1023/1500/1023
f 1014/1486/1014 1022/1556/1022 985/1437/985
f 954/1438/954 1056/1557/1056 965/1403/965
f 1023/1500/1023 1024/1558/1024 955/1420/955
f 997/1447/997 1056/1559/1056 954/1386/954
f 1057/1560/1057 997/1447/997 1024/1501/1024
f 1041/1561/1041 1025/1562/1025 1016/1490/1016
f 1058/1563/1058 1046/1564/1046 1045/1565/1045
f 1058/1563/1058 1045/1565/1045 1044/1566/1044
f 1058/1567/1058 1059/1568/1059 1046/1569/1046
f 1059/1568/1059 1047/1570/1047 1046/1569/1046
f 1059/1568/1059 1060/1571/1060 1047/1570/1047
f 1060/1572/1060 1049/1573/1049 1061/1574/1061
f 1049/1573/1049 1060/1572/1060 1048/1575/1048
f 1048/1576/1048 1060/1577/1060 1062/1578/1062
f 1049/1573/1049 1063/1579/1063 1061/1574/1061
f 973/1412/973 1064/1580/1064 969/1408/969
f 1061/1581/1061 1065/1582/1065 1060/1583/1060
f 1065/1582/1065 1047/1584/1047 1060/1583/1060
f 1065/1585/1065 1049/1538/1049 1047/1534/1047
f 1049/1586/1049 1065/1587/1065 1063/1588/1063
f 928/1347/928 1018/1494/1018 973/1412/973
f 1066/1589/1066 1011/1479/1011 993/1442/993
f 1067/1590/1067 1019/1495/1019 995/1483/995
f 995/1483/995 1034/1517/1034 1067/1590/1067
f 1052/1548/1052 996/1445/996 959/1396/959
f 1068/1591/1068 936/1359/936 975/1415/975
f 1069/1592/1069 1052/1593/1052 984/1431/984
f 1069/1594/1069 984/1595/984 1020/1596/1020
f 1020/1596/1020 1021/1551/1021 1055/1553/1055
f 1036/1520/1036 1054/1554/1054 963/1400/963
f 1022/1499/1022 1070/1597/1070 1013/1498/1013
f 1070/1598/1070 1021/1497/1021 1013/1485/1013
f 1070/1599/1070 964/1555/964 1021/1551/1021
f 1070/1600/1070 1023/1500/1023 964/1401/964
f 1071/1601/1071 986/1446/986 989/1436/989
f 1026/1505/1026 1041/1527/1041 990/1439/990
f 1042/1602/1042 1072/1603/1072 998/1448/998
f 1073/1604/1073 1044/1531/1044 1043/1530/1043
f 1074/1605/1074 1058/1563/1058 1044/1566/1044
f 1043/1606/1043 1048/1607/1048 1062/1608/1062
f 1073/1609/1073 1043/1610/1043 1062/1611/1062
f 1059/1612/1059 1058/1613/1058 1074/1614/1074
f 1062/1615/1062 1059/1612/1059 1074/1614/1074
f 1059/1612/1059 1062/1615/1062 1060/1616/1060
f 1075/1617/1075 1061/1618/1061 1063/1619/1063
f 1075/1620/1075 1063/1621/1063 1076/1622/1076
f 1077/1623/1077 1017/1507/1017 1027/1506/1027
f 1077/1623/1077 1027/1506/1027 1078/1624/1078
f 1078/1625/1078 1027/1510/1027 1028/1509/1028
f 1079/1626/1079 1078/1625/1078 1028/1509/1028
f 1030/1512/1030 1079/1626/1079 1028/1509/1028
f 1029/1511/1029 1079/1626/1079 1030/1512/1030
f 1066/1627/1066 993/1544/993 1050/1543/1050
f 1080/1628/1080 1018/1494/1018 929/1348/929
f 1051/1546/1051 1010/1477/1010 1019/1495/1019
f 929/1348/929 987/1434/987 1080/1628/1080
f 1032/1629/1032 1031/1630/1031 1081/1631/1081
f 1052/1548/1052 1082/1632/1082 996/1445/996
f 1083/1633/1083 1035/1519/1035 1053/1549/1053
f 951/1380/951 1084/1634/1084 953/1384/953
f 1085/1635/1085 1036/1520/1036 1035/1519/1035
f 1037/1521/1037 953/1384/953 1084/1634/1084
f 1069/1594/1069 1020/1596/1020 1055/1553/1055
f 1037/1522/1037 1086/1636/1086 1012/1550/1012
f 937/1361/937 1039/1524/1039 1038/1523/1038
f 1023/1500/1023 1087/1637/1087 1024/1558/1024
f 1025/1562/1025 1088/1638/1088 1042/1602/1042
f 1089/1639/1089 1072/1603/1072 1042/1602/1042
f 1074/1640/1074 1044/1641/1044 1073/1642/1073
f 969/1408/969 1064/1580/1064 1026/1505/1026
f 1090/1643/1090 1062/1644/1062 1074/1645/1074
f 1077/1646/1077 1091/1647/1091 1017/1648/1017
f 1091/1649/1091 1050/1539/1050 1017/1541/1017
f 1092/1650/1092 1080/1628/1080 987/1434/987
f 1093/1651/1093 974/1413/974 994/1443/994
f 1081/1631/1081 1094/1652/1094 1032/1629/1032
f 1068/1591/1068 987/1434/987 936/1359/936
f 1085/1635/1085 1035/1519/1035 1083/1633/1083
f 1069/1592/1069 1055/1653/1055 1095/1654/1095
f 1085/1635/1085 1096/1655/1096 1036/1520/1036
f 1095/1654/1095 1055/1653/1055 1097/1656/1097
f 1054/1657/1054 1097/1658/1097 1055/1659/1055
f 1097/1660/1097 1054/1554/1054 1036/1520/1036
f 1098/1661/1098 1039/1524/1039 965/1403/965
f 1099/1662/1099 1023/1500/1023 1070/1600/1070
f 1098/1661/1098 965/1403/965 1056/1557/1056
f 1056/1557/1056 1100/1663/1100 1098/1661/1098
f 1099/1664/1099 1022/1665/1022 1014/1666/1014
f 1040/1525/1040 986/1433/986 1101/1667/1101
f 1023/1668/1023 1099/1669/1099 1087/1670/1087
f 1025/1562/1025 1041/1561/1041 1102/1671/1102
f 1025/1562/1025 1102/1671/1102 1088/1638/1088
f 1088/1638/1088 1089/1639/1089 1042/1602/1042
f 1103/1672/1103 1104/1673/1104 1073/1674/1073
f 1074/1675/1074 1073/1676/1073 1104/1677/1104
f 1073/1674/1073 1105/1678/1105 1103/1672/1103
f 1075/1679/1075 1089/1680/1089 1105/1681/1105
f 1073/1682/1073 1062/1683/1062 1106/1684/1106
f 1073/1674/1073 1075/1685/1075 1105/1678/1105
f 1073/1686/1073 1106/1687/1106 1075/1688/1075
f 1089/1680/1089 1075/1679/1075 1076/1689/1076
f 1062/1644/1062 1090/1643/1090 1106/1690/1106
f 1107/1691/1107 1075/1688/1075 1106/1687/1106
f 1107/1692/1107 1061/1693/1061 1075/1694/1075
f 1065/1695/1065 1061/1693/1061 1107/1692/1107
f 1065/1695/1065 1107/1692/1107 1108/1696/1108
f 1063/1588/1063 1065/1587/1065 1108/1697/1108
f 1109/1698/1109 1078/1625/1078 1079/1626/1079
f 1110/1699/1110 1079/1626/1079 1029/1511/1029
f 1110/1699/1110 1111/1700/1111 1079/1626/1079
f 1110/1699/1110 1029/1511/1029 1051/1701/1051
f 1112/1702/1112 1011/1479/1011 1066/1589/1066
f 1112/1702/1112 994/1443/994 1011/1479/1011
f 1112/1702/1112 1093/1651/1093 994/1443/994
f 1113/1703/1113 1094/1652/1094 1081/1631/1081
f 1034/1517/1034 1114/1704/1114 1067/1590/1067
f 1115/1705/1115 951/1380/951 974/1413/974
f 1114/1704/1114 1034/1517/1034 996/1518/996
f 1095/1654/1095 1052/1593/1052 1069/1592/1069
f 1116/1706/1116 1096/1655/1096 1085/1635/1085
f 1038/1523/1038 1068/1591/1068 975/1415/975
f 1097/1660/1097 1036/1520/1036 1096/1655/1096
f 989/1436/989 1012/1484/1012 1117/1707/1117
f 1099/1664/1099 1070/1708/1070 1022/1665/1022
f 1015/1526/1015 1118/1709/1118 1014/1486/1014
f 1118/1710/1118 1099/1711/1099 1014/1712/1014
f 1057/1560/1057 1056/1559/1056 997/1447/997
f 1119/1713/1119 1041/1527/1041 1026/1505/1026
f 1120/1714/1120 1088/1638/1088 1102/1671/1102
f 1120/1715/1120 1121/1716/1121 1088/1717/1088
f 1121/1716/1121 1089/1718/1089 1088/1717/1088
f 1121/1719/1121 1122/1720/1122 1089/1721/1089
f 1123/1722/1123 1074/1675/1074 1104/1677/1104
f 1105/1723/1105 1106/1724/1106 1103/1725/1103
f 1105/1723/1105 1089/1726/1089 1107/1727/1107
f 1107/1692/1107 1089/1721/1089 1122/1720/1122
f 1089/1728/1089 1076/1729/1076 1124/1730/1124
f 1125/1731/1125 1106/1690/1106 1090/1643/1090
f 1106/1724/1106 1105/1723/1105 1107/1727/1107
f 1074/1645/1074 1123/1732/1123 1090/1643/1090
f 1126/1733/1126 1064/1580/1064 973/1412/973
f 1108/1697/1108 1127/1734/1127 1063/1588/1063
f 1127/1735/1127 1076/1729/1076 1063/1736/1063
f 1077/1623/1077 1078/1624/1078 1128/1737/1128
f 1129/1738/1129 1050/1539/1050 1091/1649/1091
f 1080/1628/1080 1130/1739/1130 1018/1494/1018
f 1093/1651/1093 1115/1705/1115 974/1413/974
f 1114/1740/1114 996/1445/996 1082/1632/1082
f 1115/1705/1115 1084/1634/1084 951/1380/951
f 1038/1523/1038 1039/1524/1039 1131/1741/1131
f 1086/1636/1086 1117/1742/1117 1012/1550/1012
f 1132/1743/1132 1056/1559/1056 1057/1560/1057
f 335/435/335 1120/1715/1120 333/433/333
f 1121/1716/1121 1120/1715/1120 335/435/335
f 1121/1716/1121 335/435/335 1133/1744/1133
f 1041/1561/1041 1134/1745/1134 1102/1671/1102
f 1120/1714/1120 1102/1671/1102 1134/1745/1134
f 1041/1527/1041 1119/1713/1119 1135/1746/1135
f 1133/1744/1133 1122/1747/1122 1121/1716/1121
f 1136/1748/1136 1123/1722/1123 1104/1677/1104
f 1106/1749/1106 1125/1750/1125 1103/1751/1103
f 1123/1732/1123 1125/1731/1125 1090/1643/1090
f 1137/1752/1137 1108/1696/1108 1107/1692/1107
f 1138/1753/1138 1108/1696/1108 1137/1752/1137
f 1128/1737/1128 1139/1754/1139 1077/1623/1077
f 1109/1755/1109 1079/1756/1079 1111/1757/1111
f 1140/1758/1140 1141/1759/1141 1091/1647/1091
f 1140/1758/1140 1091/1647/1091 1077/1646/1077
f 1066/1589/1066 1050/1539/1050 1129/1738/1129
f 1129/1738/1129 1112/1702/1112 1066/1589/1066
f 1019/1495/1019 1067/1590/1067 1051/1546/1051
f 1142/1760/1142 1080/1628/1080 1092/1650/1092
f 1092/1650/1092 987/1434/987 1068/1591/1068
f 1094/1652/1094 1143/1761/1143 1116/1706/1116
f 1094/1762/1094 1116/1763/1116 1144/1764/1144
f 1095/1654/1095 1082/1765/1082 1052/1593/1052
f 1143/1766/1143 1096/1767/1096 1116/1768/1116
f 1097/1656/1097 1145/1769/1145 1095/1654/1095
f 989/1436/989 1117/1707/1117 1146/1770/1146
f 989/1436/989 1146/1770/1146 1147/1771/1147
f 1118/1710/1118 1148/1772/1148 1099/1711/1099
f 1148/1773/1148 1087/1637/1087 1099/1662/1099
f 1149/1774/1149 1024/1558/1024 1087/1637/1087
f 1134/1775/1134 333/433/333 1120/1715/1120
f 1041/1561/1041 1135/1776/1135 1134/1745/1134
f 1125/1777/1125 1136/1778/1136 1103/1779/1103
f 1136/1780/1136 1104/1673/1104 1103/1672/1103
f 1064/1580/1064 1119/1713/1119 1026/1505/1026
f 1150/1781/1150 1123/1722/1123 1136/1748/1136
f 1122/1720/1122 1137/1752/1137 1107/1692/1107
f 1151/1782/1151 1125/1783/1125 1123/1784/1123
f 1152/1785/1152 1128/1786/1128 1078/1625/1078
f 1152/1785/1152 1078/1625/1078 1109/1698/1109
f 1138/1787/1138 1153/1788/1153 1108/1789/1108
f 1108/1790/1108 1153/1791/1153 1127/1735/1127
f 1018/1494/1018 1130/1739/1130 973/1412/973
f 1141/1792/1141 1129/1738/1129 1091/1649/1091
f 1111/1700/1111 1110/1699/1110 1154/1793/1154
f 1155/1794/1155 1110/1699/1110 1051/1701/1051
f 1094/1652/1094 1113/1703/1113 1156/1795/1156
f 1068/1591/1068 1157/1796/1157 1092/1650/1092
f 1158/1797/1158 1096/1655/1096 1143/1761/1143
f 1038/1523/1038 1131/1741/1131 1068/1591/1068
f 1086/1798/1086 1037/1521/1037 1084/1634/1084
f 1159/1799/1159 1117/1742/1117 1086/1636/1086
f 1147/1771/1147 1071/1601/1071 989/1436/989
f 986/1433/986 1071/1800/1071 1101/1667/1101
f 1149/1774/1149 1087/1637/1087 1148/1773/1148
f 1101/1667/1101 1160/1801/1160 1040/1525/1040
f 1160/1801/1160 1015/1488/1015 1040/1525/1040
f 1132/1743/1132 1057/1560/1057 1161/1802/1161
f 1161/1802/1161 1057/1560/1057 1024/1501/1024
f 1076/1729/1076 1162/1803/1162 1124/1730/1124
f 1123/1722/1123 1150/1781/1150 1151/1804/1151
f 1150/1781/1150 1163/1805/1163 1151/1804/1151
f 1164/1806/1164 1151/1807/1151 1165/1808/1165
f 1151/1809/1151 1128/1810/1128 1165/1811/1165
f 1166/1812/1166 1152/1813/1152 1109/1814/1109
f 1128/1786/1128 1152/1785/1152 1165/1808/1165
f 1167/1815/1167 1093/1651/1093 1112/1702/1112
f 1115/1705/1115 1093/1651/1093 1167/1815/1167
f 1156/1795/1156 1143/1761/1143 1094/1652/1094
f 1084/1634/1084 1115/1705/1115 1086/1798/1086
f 1068/1591/1068 1131/1741/1131 1157/1796/1157
f 1097/1660/1097 1096/1655/1096 1158/1797/1158
f 1097/1816/1097 1168/1817/1168 1145/1818/1145
f 1132/1743/1132 1100/1819/1100 1056/1559/1056
f 1135/1776/1135 1169/1820/1169 1134/1745/1134
f 1170/1821/1170 1137/1752/1137 1122/1720/1122
f 1171/1822/1171 1125/1783/1125 1151/1782/1151
f 1076/1729/1076 1127/1735/1127 1162/1803/1162
f 1166/1812/1166 1172/1823/1172 1152/1813/1152
f 1173/1824/1173 1165/1808/1165 1152/1785/1152
f 1139/1754/1139 1140/1825/1140 1077/1623/1077
f 1130/1739/1130 1126/1733/1126 973/1412/973
f 1110/1826/1110 1174/1827/1174 1154/1828/1154
f 1174/1829/1174 1110/1699/1110 1155/1794/1155
f 1175/1830/1175 1067/1590/1067 1114/1704/1114
f 1168/1831/1168 1097/1660/1097 1158/1797/1158
f 1159/1799/1159 1176/1832/1176 1117/1742/1117
f 1177/1833/1177 1148/1772/1148 1118/1710/1118
f 1118/1709/1118 1015/1526/1015 1177/1834/1177
f 1177/1834/1177 1015/1526/1015 1160/1835/1160
f 1149/1774/1149 1161/1836/1161 1024/1558/1024
f 1149/1774/1149 1178/1837/1178 1161/1836/1161
f 1136/1838/1136 1125/1839/1125 1171/1840/1171
f 1179/1841/1179 1171/1822/1171 1151/1782/1151
f 1126/1733/1126 1119/1713/1119 1064/1580/1064
f 1164/1842/1164 1179/1841/1179 1151/1782/1151
f 1172/1843/1172 1173/1844/1173 1152/1845/1152
f 1166/1846/1166 1138/1847/1138 1172/1848/1172
f 1180/1849/1180 1151/1850/1151 1163/1851/1163
f 1128/1737/1128 1151/1852/1151 1180/1853/1180
f 1166/1854/1166 1181/1855/1181 1138/1856/1138
f 1139/1754/1139 1128/1737/1128 1180/1853/1180
f 1180/1857/1180 1164/1806/1164 1165/1808/1165
f 1181/1855/1181 1166/1854/1166 1109/1755/1109
f 1142/1760/1142 1182/1858/1182 1130/1739/1130
f 1142/1760/1142 1130/1739/1130 1080/1628/1080
f 1067/1590/1067 1155/1859/1155 1051/1546/1051
f 1183/1860/1183 1142/1760/1142 1092/1650/1092
f 1092/1650/1092 1157/1796/1157 1183/1860/1183
f 1184/1861/1184 1158/1797/1158 1143/1761/1143
f 1145/1769/1145 1082/1765/1082 1095/1654/1095
f 1185/1862/1185 1071/1601/1071 1147/1771/1147
f 1186/1863/1186 1148/1772/1148 1177/1833/1177
f 1101/1667/1101 1071/1800/1071 1185/1864/1185
f 1187/1865/1187 1148/1772/1148 1186/1863/1186
f 1149/1866/1149 1148/1772/1148 1187/1865/1187
f 1187/1867/1187 1178/1837/1178 1149/1774/1149
f 1134/1868/1134 345/450/345 333/448/333
f 1119/1713/1119 1188/1869/1188 1135/1746/1135
f 1170/1821/1170 1138/1753/1138 1137/1752/1137
f 1164/1842/1164 1189/1870/1189 1179/1841/1179
f 1190/1871/1190 1162/1803/1162 1127/1735/1127
f 1163/1872/1163 1189/1873/1189 1180/1874/1180
f 1189/1870/1189 1164/1842/1164 1180/1875/1180
f 1181/1855/1181 1191/1876/1191 1138/1856/1138
f 1191/1877/1191 1153/1788/1153 1138/1787/1138
f 1192/1878/1192 1153/1879/1153 1191/1880/1191
f 1127/1735/1127 1153/1791/1153 1190/1871/1190
f 1190/1871/1190 1153/1791/1153 1193/1881/1193
f 1194/1882/1194 1112/1702/1112 1129/1738/1129
f 1195/1883/1195 1112/1702/1112 1194/1882/1194
f 1195/1883/1195 1167/1815/1167 1112/1702/1112
f 1159/1884/1159 1086/1798/1086 1115/1705/1115
f 1168/1831/1168 1158/1797/1158 1196/1885/1196
f 1176/1886/1176 1146/1770/1146 1117/1707/1117
f 1197/1887/1197 1160/1801/1160 1101/1667/1101
f 1177/1834/1177 1160/1835/1160 1198/1888/1198
f 1199/1889/1199 1169/1820/1169 1135/1776/1135
f 1200/1890/1200 1150/1781/1150 1136/1748/1136
f 1136/1838/1136 1171/1840/1171 1200/1891/1200
f 1201/1892/1201 1173/1844/1173 1172/1843/1172
f 1138/1847/1138 1202/1893/1202 1172/1848/1172
f 1189/1894/1189 1203/1895/1203 1204/1896/1204
f 1163/1897/1163 1203/1895/1203 1189/1894/1189
f 1204/1898/1204 1205/1899/1205 1189/1870/1189
f 1201/1900/1201 1172/1901/1172 1191/1902/1191
f 1181/1855/1181 1201/1903/1201 1191/1876/1191
f 1192/1904/1192 1201/1905/1201 1181/1906/1181
f 1202/1907/1202 1191/1908/1191 1172/1909/1172
f 1192/1878/1192 1191/1880/1191 1202/1910/1202
f 1204/1911/1204 1203/1912/1203 1180/1857/1180
f 1165/1808/1165 1204/1911/1204 1180/1857/1180
f 1173/1824/1173 1204/1911/1204 1165/1808/1165
f 1154/1828/1154 1174/1827/1174 1206/1913/1206
f 1141/1792/1141 1194/1882/1194 1129/1738/1129
f 1206/1914/1206 1174/1829/1174 1155/1794/1155
f 1195/1883/1195 1207/1915/1207 1167/1815/1167
f 1207/1915/1207 1115/1705/1115 1167/1815/1167
f 1115/1705/1115 1208/1916/1208 1159/1884/1159
f 1158/1797/1158 1209/1917/1209 1196/1885/1196
f 1210/1918/1210 1176/1832/1176 1159/1799/1159
f 1160/1801/1160 1197/1887/1197 1198/1919/1198
f 1211/1920/1211 1100/1819/1100 1132/1743/1132
f 1212/1921/1212 350/458/350 1213/1922/1213
f 1214/1923/1214 1215/1924/1215 1170/1821/1170
f 1200/1891/1200 1171/1840/1171 1179/1925/1179
f 1215/1924/1215 1138/1753/1138 1170/1821/1170
f 1215/1924/1215 1202/1926/1202 1138/1753/1138
f 1216/1927/1216 1119/1713/1119 1126/1733/1126
f 1179/1841/1179 1189/1870/1189 1205/1899/1205
f 1163/1897/1163 1217/1928/1217 1203/1895/1203
f 1205/1929/1205 1218/1930/1218 1203/1931/1203
f 1217/1932/1217 1205/1899/1205 1203/1933/1203
f 1204/1898/1204 1218/1934/1218 1205/1899/1205
f 1192/1935/1192 1202/1936/1202 1201/1937/1201
f 1218/1938/1218 1180/1939/1180 1203/1940/1203
f 1204/1911/1204 1173/1824/1173 1218/1941/1218
f 1218/1942/1218 1139/1754/1139 1180/1853/1180
f 1192/1943/1192 1193/1944/1193 1153/1945/1153
f 1219/1946/1219 1181/1855/1181 1109/1755/1109
f 1111/1757/1111 1219/1946/1219 1109/1755/1109
f 1130/1739/1130 1182/1858/1182 1220/1947/1220
f 1221/1948/1221 1182/1858/1182 1142/1760/1142
f 1155/1859/1155 1067/1590/1067 1175/1830/1175
f 1222/1949/1222 1143/1761/1143 1156/1795/1156
f 1158/1797/1158 1184/1861/1184 1223/1950/1223
f 1209/1917/1209 1158/1797/1158 1223/1950/1223
f 1224/1951/1224 1145/1818/1145 1168/1817/1168
f 1224/1951/1224 1168/1817/1168 1196/1952/1196
f 1101/1667/1101 1185/1864/1185 1197/1887/1197
f 345/450/345 1134/1868/1134 1169/1953/1169
f 1213/1954/1213 1225/1955/1225 1212/1956/1212
f 350/462/350 1212/1957/1212 1226/1958/1226
f 1135/1746/1135 1188/1869/1188 1199/1959/1199
f 1179/1841/1179 1205/1899/1205 1227/1960/1227
f 1150/1781/1150 1217/1961/1217 1163/1805/1163
f 1205/1899/1205 1217/1932/1217 1227/1960/1227
f 1219/1946/1219 1192/1962/1192 1181/1855/1181
f 1139/1754/1139 1218/1942/1218 1140/1825/1140
f 1130/1739/1130 1228/1963/1228 1126/1733/1126
f 1140/1758/1140 1229/1964/1229 1141/1759/1141
f 1220/1947/1220 1228/1963/1228 1130/1739/1130
f 1154/1793/1154 1219/1965/1219 1111/1700/1111
f 1155/1859/1155 1230/1966/1230 1206/1967/1206
f 1231/1968/1231 1195/1883/1195 1194/1882/1194
f 1155/1859/1155 1175/1830/1175 1230/1966/1230
f 1143/1761/1143 1222/1949/1222 1184/1861/1184
f 1157/1796/1157 1232/1969/1232 1183/1860/1183
f 1114/1704/1114 1233/1970/1233 1175/1830/1175
f 1233/1970/1233 1114/1704/1114 1082/1765/1082
f 1145/1769/1145 1233/1970/1233 1082/1765/1082
f 1157/1796/1157 1131/1741/1131 1234/1971/1234
f 1178/1837/1178 1235/1972/1235 1161/1836/1161
f 1161/1802/1161 1211/1920/1211 1132/1743/1132
f 350/458/350 349/457/349 1213/1922/1213
f 350/462/350 1226/1958/1226 359/1973/359
f 1236/1974/1236 1225/1975/1225 1213/1922/1213
f 1236/1974/1236 1237/1976/1237 1238/1977/1238
f 1225/1975/1225 1236/1974/1236 1238/1977/1238
f 1201/1978/1201 1239/1979/1239 1240/1980/1240
f 1239/1979/1239 1201/1978/1201 1202/1981/1202
f 1202/1926/1202 1215/1924/1215 1239/1982/1239
f 1173/1844/1173 1201/1892/1201 1240/1983/1240
f 1241/1984/1241 1162/1803/1162 1190/1871/1190
f 1228/1963/1228 1216/1927/1216 1126/1733/1126
f 1219/1946/1219 1239/1985/1239 1192/1962/1192
f 1242/1986/1242 1192/1987/1192 1239/1982/1239
f 1243/1988/1243 1241/1984/1241 1190/1871/1190
f 1192/1943/1192 1242/1989/1242 1193/1944/1193
f 1243/1988/1243 1190/1871/1190 1193/1881/1193
f 1219/1965/1219 1154/1793/1154 1244/1990/1244
f 1206/1914/1206 1244/1990/1244 1154/1793/1154
f 1206/1991/1206 1245/1992/1245 1244/1993/1244
f 1206/1994/1206 1230/1995/1230 1245/1996/1245
f 1221/1948/1221 1142/1760/1142 1183/1860/1183
f 1183/1997/1183 1246/1998/1246 1221/1999/1221
f 1232/2000/1232 1246/1998/1246 1183/1997/1183
f 1195/1883/1195 1247/2001/1247 1207/1915/1207
f 1115/1705/1115 1207/1915/1207 1208/1916/1208
f 1248/2002/1248 1232/1969/1232 1157/1796/1157
f 1145/1769/1145 1224/2003/1224 1233/1970/1233
f 1249/2004/1249 1146/1770/1146 1176/1886/1176
f 1146/1770/1146 1249/2004/1249 1147/1771/1147
f 1147/1771/1147 1249/2004/1249 1250/2005/1250
f 1213/1922/1213 349/457/349 1251/2006/1251
f 350/462/350 359/1973/359 351/461/351
f 1252/2007/1252 345/450/345 1169/1953/1169
f 1236/2008/1236 1251/2009/1251 1226/2010/1226
f 1236/1974/1236 1213/1922/1213 1251/2006/1251
f 1226/1958/1226 1212/1957/1212 1236/2011/1236
f 1253/2012/1253 1254/2013/1254 1214/1923/1214
f 1212/2014/1212 1255/2015/1255 1236/2016/1236
f 1212/2017/1212 1225/2018/1225 1255/2019/1255
f 1238/2020/1238 1255/2019/1255 1225/2018/1225
f 1237/2021/1237 1255/2022/1255 1238/2023/1238
f 1215/1924/1215 1214/1923/1214 1254/2013/1254
f 1256/2024/1256 1215/1924/1215 1254/2013/1254
f 1200/1891/1200 1179/1925/1179 1257/2025/1257
f 1119/1713/1119 1216/1927/1216 1188/1869/1188
f 1227/1960/1227 1257/2026/1257 1179/1841/1179
f 1256/2024/1256 1239/1982/1239 1215/1924/1215
f 1150/1781/1150 1258/2027/1258 1217/1961/1217
f 1217/1932/1217 1258/2028/1258 1227/1960/1227
f 1218/1941/1218 1173/1824/1173 1259/2029/1259
f 1260/2030/1260 1140/1825/1140 1218/1942/1218
f 1260/2031/1260 1229/1964/1229 1140/1758/1140
f 1244/1990/1244 1261/2032/1261 1219/1965/1219
f 1141/1792/1141 1229/2033/1229 1194/1882/1194
f 1230/1995/1230 1262/2034/1262 1245/1996/1245
f 1245/2035/1245 1262/2036/1262 1263/2037/1263
f 1221/1999/1221 1246/1998/1246 1264/2038/1264
f 1233/1970/1233 1265/2039/1265 1175/1830/1175
f 1266/2040/1266 1246/2041/1246 1232/2042/1232
f 1248/2043/1248 1266/2040/1266 1232/2042/1232
f 1267/2044/1267 1159/1884/1159 1208/1916/1208
f 1039/1524/1039 1268/2045/1268 1131/1741/1131
f 1176/1832/1176 1210/1918/1210 1249/2046/1249
f 1098/1661/1098 1269/2047/1269 1039/1524/1039
f 1250/2005/1250 1185/1862/1185 1147/1771/1147
f 1270/2048/1270 1100/1819/1100 1211/1920/1211
f 1226/2049/1226 1251/2050/1251 1271/2051/1271
f 1251/2006/1251 1237/1976/1237 1271/2052/1271
f 1226/2049/1226 1271/2051/1271 1255/2053/1255
f 1237/1976/1237 1236/1974/1236 1271/2052/1271
f 1271/2054/1271 1236/2055/1236 1255/2056/1255
f 1241/1984/1241 1272/2057/1272 1162/1803/1162
f 1240/1980/1240 1239/1979/1239 1273/2058/1273
f 1256/2024/1256 1242/1986/1242 1239/1982/1239
f 1274/2059/1274 1216/1927/1216 1228/1963/1228
f 1275/2060/1275 1216/1927/1216 1274/2059/1274
f 1276/2061/1276 1241/1984/1241 1243/1988/1243
f 1219/1946/1219 1273/2062/1273 1239/1985/1239
f 1273/2062/1273 1219/1946/1219 1261/2063/1261
f 1242/1989/1242 1243/2064/1243 1193/1944/1193
f 1182/1858/1182 1277/2065/1277 1220/1947/1220
f 1245/2066/1245 1278/2067/1278 1244/2068/1244
f 1229/2033/1229 1231/1968/1231 1194/1882/1194
f 1263/2069/1263 1278/2067/1278 1245/2066/1245
f 1182/1858/1182 1279/2070/1279 1277/2065/1277
f 1280/2071/1280 1221/1999/1221 1264/2038/1264
f 1279/2070/1279 1182/1858/1182 1221/1948/1221
f 1263/2072/1263 1262/2034/1262 1281/2073/1281
f 1230/1995/1230 1282/2074/1282 1262/2034/1262
f 1264/2075/1264 1246/2076/1246 1283/2077/1283
f 1247/2001/1247 1195/1883/1195 1231/1968/1231
f 1230/1966/1230 1175/1830/1175 1282/2078/1282
f 1207/1915/1207 1247/2001/1247 1284/2079/1284
f 1208/1916/1208 1207/1915/1207 1284/2079/1284
f 1157/1796/1157 1234/1971/1234 1248/2002/1248
f 1224/2003/1224 1285/2080/1285 1233/1970/1233
f 1286/2081/1286 1210/2082/1210 1159/1884/1159
f 1250/2005/1250 1249/2004/1249 1287/2083/1287
f 1100/1819/1100 1288/2084/1288 1098/2085/1098
f 1288/2084/1288 1100/1819/1100 1270/2048/1270
f 1198/1888/1198 1289/2086/1289 1177/1834/1177
f 1289/2087/1289 1186/1863/1186 1177/1833/1177
f 1197/1887/1197 1290/2088/1290 1198/1919/1198
f 1252/2007/1252 355/470/355 345/450/345
f 359/482/359 1251/2006/1251 349/457/349
f 351/461/351 359/1973/359 358/2089/358
f 1291/2090/1291 1251/2006/1251 359/482/359
f 1291/2091/1291 359/1973/359 1226/1958/1226
f 1291/2091/1291 1226/1958/1226 1255/2092/1255
f 1251/2006/1251 1291/2090/1291 1255/2093/1255
f 1237/2094/1237 1251/2095/1251 1255/2096/1255
f 1292/2097/1292 1254/2013/1254 1253/2012/1253
f 1293/2098/1293 1199/1959/1199 1188/1869/1188
f 1257/2099/1257 1150/1781/1150 1200/1890/1200
f 1258/2027/1258 1150/1781/1150 1257/2099/1257
f 1227/1960/1227 1258/2028/1258 1257/2026/1257
f 1240/1983/1240 1259/2100/1259 1173/1844/1173
f 1261/2101/1261 1259/2102/1259 1240/2103/1240
f 1261/2101/1261 1240/2103/1240 1273/2104/1273
f 1259/2105/1259 1260/2030/1260 1218/1942/1218
f 1243/2064/1243 1242/1989/1242 1276/2106/1276
f 1261/2101/1261 1260/2107/1260 1259/2102/1259
f 1220/1947/1220 1294/2108/1294 1228/1963/1228
f 1295/2109/1295 1229/1964/1229 1260/2031/1260
f 1277/2065/1277 1294/2108/1294 1220/1947/1220
f 1261/2110/1261 1244/2068/1244 1278/2067/1278
f 1296/2111/1296 1280/2071/1280 1297/2112/1297
f 1280/2071/1280 1296/2111/1296 1279/2113/1279
f 1298/2114/1298 1231/2115/1231 1229/2116/1229
f 1263/2069/1263 1281/2117/1281 1278/2067/1278
f 1221/1999/1221 1280/2071/1280 1279/2113/1279
f 1299/2118/1299 1281/2073/1281 1262/2034/1262
f 1262/2034/1262 1282/2074/1282 1299/2118/1299
f 1246/2076/1246 1266/2119/1266 1283/2077/1283
f 1234/1971/1234 1300/2120/1300 1248/2002/1248
f 1265/2039/1265 1233/1970/1233 1285/2080/1285
f 1209/1917/1209 1301/2121/1301 1196/1885/1196
f 1301/2122/1301 1224/1951/1224 1196/1952/1196
f 1288/2123/1288 1269/2047/1269 1098/1661/1098
f 1302/2124/1302 1185/1862/1185 1250/2005/1250
f 1302/2125/1302 1303/2126/1303 1185/1864/1185
f 1197/1887/1197 1185/1864/1185 1303/2126/1303
f 1290/2127/1290 1289/2086/1289 1198/1888/1198
f 1304/2128/1304 1211/1920/1211 1161/1802/1161
f 1252/2129/1252 1169/1820/1169 1199/1889/1199
f 1292/2097/1292 1253/2012/1253 1305/2130/1305
f 1306/2131/1306 1254/2013/1254 1292/2097/1292
f 1306/2131/1306 1256/2024/1256 1254/2013/1254
f 1216/1927/1216 1275/2060/1275 1188/1869/1188
f 1276/2132/1276 1242/2133/1242 1256/2134/1256
f 1241/2135/1241 1276/2132/1276 1306/2136/1306
f 1307/2137/1307 1308/2138/1308 1228/2139/1228
f 1228/2140/1228 1294/2141/1294 1307/2142/1307
f 1261/2101/1261 1309/2143/1309 1260/2107/1260
f 1307/2142/1307 1294/2141/1294 1297/2112/1297
f 1295/2109/1295 1260/2031/1260 1309/2144/1309
f 1297/2112/1297 1294/2141/1294 1296/2111/1296
f 1278/2145/1278 1309/2143/1309 1261/2101/1261
f 1277/2146/1277 1296/2111/1296 1294/2141/1294
f 1295/2147/1295 1298/2114/1298 1229/2116/1229
f 1310/2148/1310 1309/2143/1309 1278/2145/1278
f 1311/2149/1311 1312/2150/1312 1296/2151/1296
f 1312/2150/1312 1279/2152/1279 1296/2151/1296
f 1313/2153/1313 1296/2154/1296 1277/2155/1277
f 1313/2153/1313 1311/2156/1311 1296/2154/1296
f 1314/2157/1314 1298/2114/1298 1295/2147/1295
f 1277/2065/1277 1279/2070/1279 1313/2158/1313
f 1313/2158/1313 1279/2070/1279 1312/2159/1312
f 1298/2160/1298 1315/2161/1315 1231/1968/1231
f 1316/2162/1316 1315/2163/1315 1298/2114/1298
f 1278/2145/1278 1281/2164/1281 1310/2148/1310
f 1264/2075/1264 1317/2165/1317 1280/2166/1280
f 1316/2162/1316 1298/2114/1298 1314/2157/1314
f 1264/2075/1264 1318/2167/1318 1317/2165/1317
f 1319/2168/1319 1315/2163/1315 1316/2162/1316
f 1320/2169/1320 1321/2170/1321 1322/2171/1322
f 1323/2172/1323 1281/2173/1281 1324/2174/1324
f 1281/2175/1281 1299/2176/1299 1324/2177/1324
f 1319/2178/1319 1316/2179/1316 1325/2180/1325
f 1318/2167/1318 1264/2075/1264 1283/2077/1283
f 1315/2161/1315 1247/2001/1247 1231/1968/1231
f 1326/2181/1326 1327/2182/1327 1282/2078/1282
f 1175/1830/1175 1326/2181/1326 1282/2078/1282
f 1266/2183/1266 1328/2184/1328 1283/2185/1283
f 1329/2186/1329 1321/2170/1321 1324/2187/1324
f 1322/2188/1322 1321/2189/1321 1330/2190/1330
f 1328/2184/1328 1266/2183/1266 1248/2191/1248
f 1284/2079/1284 1331/2192/1331 1208/1916/1208
f 1329/2186/1329 1330/2193/1330 1321/2170/1321
f 1331/2192/1331 1332/2194/1332 1208/1916/1208
f 1332/2194/1332 1267/2044/1267 1208/1916/1208
f 1224/2003/1224 1333/2195/1333 1285/2080/1285
f 1301/2122/1301 1333/2196/1333 1224/1951/1224
f 1286/2081/1286 1159/1884/1159 1267/2044/1267
f 1289/2087/1289 1334/2197/1334 1186/1863/1186
f 1187/1865/1187 1186/1863/1186 1334/2197/1334
f 1187/1867/1187 1334/2198/1334 1178/1837/1178
f 1303/2126/1303 1290/2088/1290 1197/1887/1197
f 1235/1972/1235 1304/2199/1304 1161/1836/1161
f 1293/2200/1293 1252/2129/1252 1199/1889/1199
f 1188/1869/1188 1275/2060/1275 1293/2098/1293
f 1292/2201/1292 1272/2202/1272 1306/2203/1306
f 1241/1984/1241 1306/2204/1306 1272/2057/1272
f 1306/2136/1306 1276/2132/1276 1256/2134/1256
f 1335/2205/1335 1308/2138/1308 1307/2137/1307
f 1336/2206/1336 1274/2207/1274 1308/2208/1308
f 1274/2209/1274 1228/2210/1228 1308/2211/1308
f 1297/2212/1297 1335/2205/1335 1307/2137/1307
f 1309/2143/1309 1314/2157/1314 1295/2147/1295
f 1310/2148/1310 1314/2157/1314 1309/2143/1309
f 1280/2166/1280 1311/2213/1311 1297/2212/1297
f 1311/2213/1311 1280/2166/1280 1317/2165/1317
f 1311/2214/1311 1317/2215/1317 1312/2216/1312
f 1325/2180/1325 1316/2179/1316 1314/2217/1314
f 1337/2218/1337 1314/2219/1314 1310/2220/1310
f 1337/2218/1337 1310/2220/1310 1323/2172/1323
f 1323/2172/1323 1310/2220/1310 1281/2173/1281
f 1320/2169/1320 1323/2221/1323 1321/2170/1321
f 1318/2222/1318 1312/2216/1312 1317/2215/1317
f 1321/2170/1321 1323/2221/1323 1324/2187/1324
f 1284/2079/1284 1247/2001/1247 1338/2223/1338
f 1318/2224/1318 1283/2185/1283 1328/2184/1328
f 1339/2225/1339 1315/2163/1315 1319/2168/1319
f 1340/2226/1340 1329/2227/1329 1324/2228/1324
f 1318/2229/1318 1328/2230/1328 1341/2231/1341
f 1265/2039/1265 1326/2181/1326 1175/1830/1175
f 1222/1949/1222 1342/2232/1342 1184/1861/1184
f 1341/2233/1341 1331/2192/1331 1284/2079/1284
f 1284/2079/1284 1338/2223/1338 1341/2233/1341
f 1248/2002/1248 1343/2234/1343 1328/2230/1328
f 1268/2045/1268 1234/1971/1234 1131/1741/1131
f 1210/2082/1210 1286/2081/1286 1344/2235/1344
f 1210/1918/1210 1344/2236/1344 1249/2046/1249
f 1269/2047/1269 1268/2045/1268 1039/1524/1039
f 1345/2237/1345 1270/2048/1270 1211/1920/1211
f 1178/1837/1178 1334/2198/1334 1235/1972/1235
f 1252/2007/1252 364/493/364 355/470/355
f 1346/2238/1346 1347/2239/1347 1336/2240/1336
f 1348/2241/1348 1336/2242/1336 1308/2138/1308
f 1311/2213/1311 1335/2205/1335 1297/2212/1297
f 1349/2243/1349 1313/2158/1313 1312/2159/1312
f 1350/2244/1350 1313/2158/1313 1349/2243/1349
f 1314/2219/1314 1337/2218/1337 1351/2245/1351
f 1352/2246/1352 1349/2243/1349 1312/2159/1312
f 1351/2247/1351 1325/2248/1325 1314/2249/1314
f 1318/2229/1318 1352/2246/1352 1312/2159/1312
f 1339/2225/1339 1247/2250/1247 1315/2163/1315
f 1339/2251/1339 1353/2252/1353 1247/2253/1247
f 1354/2254/1354 1355/2255/1355 1339/2256/1339
f 1339/2256/1339 1319/2178/1319 1354/2254/1354
f 1341/2231/1341 1352/2246/1352 1318/2229/1318
f 1328/2257/1328 1331/2258/1331 1341/2259/1341
f 1341/2233/1341 1338/2223/1338 1356/2260/1356
f 1330/2261/1330 1357/2262/1357 1322/2263/1322
f 1329/2227/1329 1340/2226/1340 1358/2264/1358
f 1265/2039/1265 1359/2265/1359 1358/2266/1358
f 1359/2265/1359 1265/2039/1265 1285/2080/1285
f 1343/2234/1343 1248/2002/1248 1300/2120/1300
f 1359/2265/1359 1285/2080/1285 1360/2267/1360
f 1286/2081/1286 1267/2044/1267 1332/2194/1332
f 1333/2195/1333 1360/2267/1360 1285/2080/1285
f 1361/2268/1361 1287/2083/1287 1249/2004/1249
f 1304/2128/1304 1345/2237/1345 1211/1920/1211
f 1252/2007/1252 1362/2269/1362 364/493/364
f 1363/2270/1363 1364/2271/1364 1365/2272/1365
f 1346/2238/1346 1364/2271/1364 1347/2239/1347
f 1365/2272/1365 1364/2271/1364 1346/2238/1346
f 1366/2273/1366 1293/2274/1293 1275/2275/1275
f 1346/2276/1346 1336/2242/1336 1348/2241/1348
f 1336/2277/1336 1347/2278/1347 1367/2279/1367
f 1368/2280/1368 1275/2275/1275 1274/2281/1274
f 1275/2275/1275 1368/2280/1368 1366/2273/1366
f 1348/2241/1348 1308/2138/1308 1335/2205/1335
f 1367/2282/1367 1274/2283/1274 1336/2284/1336
f 1369/2285/1369 1274/2286/1274 1367/2287/1367
f 1274/2281/1274 1369/2288/1369 1368/2280/1368
f 1311/2289/1311 1370/2290/1370 1335/2291/1335
f 1313/2292/1313 1370/2290/1370 1311/2289/1311
f 1313/2158/1313 1350/2244/1350 1370/2293/1370
f 1371/2294/1371 1372/2295/1372 1350/2296/1350
f 1371/2294/1371 1373/2297/1373 1372/2295/1372
f 1374/2298/1374 1371/2299/1371 1350/2300/1350
f 1375/2301/1375 1351/2247/1351 1337/2302/1337
f 1371/2303/1371 1374/2304/1374 1376/2305/1376
f 1351/2247/1351 1377/2306/1377 1325/2248/1325
f 1327/2182/1327 1378/2307/1378 1282/2078/1282
f 1376/2308/1376 1338/2223/1338 1247/2001/1247
f 1247/2253/1247 1353/2252/1353 1376/2309/1376
f 1323/2310/1323 1320/2311/1320 1379/2312/1379
f 1340/2226/1340 1324/2228/1324 1299/2313/1299
f 1320/2314/1320 1322/2315/1322 1357/2316/1357
f 1265/2039/1265 1358/2266/1358 1326/2181/1326
f 1343/2234/1343 1380/2317/1380 1331/2318/1331
f 1343/2234/1343 1331/2318/1331 1328/2230/1328
f 1341/2231/1341 1356/2319/1356 1352/2246/1352
f 1352/2246/1352 1356/2319/1356 1380/2317/1380
f 1331/2318/1331 1380/2317/1380 1356/2319/1356
f 1353/2320/1353 1339/2321/1339 1355/2322/1355
f 1356/2260/1356 1332/2194/1332 1331/2192/1331
f 1330/2261/1330 1381/2323/1381 1357/2262/1357
f 1381/2324/1381 1330/2325/1330 1382/2326/1382
f 1330/2325/1330 1329/2327/1329 1382/2326/1382
f 1184/1861/1184 1383/2328/1383 1223/1950/1223
f 1383/2328/1383 1209/1917/1209 1223/1950/1223
f 1209/1917/1209 1383/2328/1383 1301/2121/1301
f 1301/2122/1301 1384/2329/1384 1333/2196/1333
f 1385/2330/1385 1384/2329/1384 1301/2122/1301
f 1287/2083/1287 1386/2331/1386 1250/2005/1250
f 1386/2331/1386 1302/2124/1302 1250/2005/1250
f 1303/2126/1303 1387/2332/1387 1290/2088/1290
f 1362/2333/1362 1388/2334/1388 364/2335/364
f 1362/2269/1362 1252/2007/1252 1389/2336/1389
f 1252/2129/1252 1293/2200/1293 1389/2337/1389
f 1366/2338/1366 1389/2339/1389 1293/2340/1293
f 1367/2341/1367 1370/2290/1370 1369/2342/1369
f 1370/2290/1370 1348/2343/1348 1335/2291/1335
f 1369/2344/1369 1390/2345/1390 1368/2346/1368
f 1370/2290/1370 1391/2347/1391 1369/2342/1369
f 1370/2293/1370 1350/2244/1350 1391/2348/1391
f 1351/2247/1351 1375/2301/1375 1392/2349/1392
f 1350/2350/1350 1393/2351/1393 1391/2352/1391
f 1372/2353/1372 1393/2354/1393 1350/2355/1350
f 1377/2306/1377 1351/2247/1351 1392/2349/1392
f 1337/2302/1337 1394/2356/1394 1375/2301/1375
f 1395/2357/1395 1396/2358/1396 1397/2359/1397
f 1337/2360/1337 1398/2361/1398 1394/2362/1394
f 1376/2363/1376 1374/2364/1374 1399/2365/1399
f 1400/2366/1400 1373/2367/1373 1371/2368/1371
f 1323/2172/1323 1398/2369/1398 1337/2218/1337
f 1353/2370/1353 1400/2371/1400 1376/2372/1376
f 1376/2373/1376 1400/2366/1400 1371/2368/1371
f 1378/2374/1378 1299/2118/1299 1282/2074/1282
f 1299/2313/1299 1401/2375/1401 1340/2226/1340
f 1402/2376/1402 1401/2375/1401 1299/2313/1299
f 1379/2377/1379 1320/2378/1320 1357/2262/1357
f 1326/2379/1326 1401/2380/1401 1403/2381/1403
f 1401/2380/1401 1326/2379/1326 1340/2382/1340
f 1340/2383/1340 1326/2384/1326 1358/2385/1358
f 1403/2386/1403 1327/2182/1327 1326/2181/1326
f 1355/2322/1355 1404/2387/1404 1353/2320/1353
f 1382/2388/1382 1329/2227/1329 1358/2264/1358
f 1382/2388/1382 1358/2264/1358 1405/2389/1405
f 1356/2260/1356 1406/2390/1406 1407/2391/1407
f 1356/2260/1356 1407/2391/1407 1332/2194/1332
f 1333/2195/1333 1384/2392/1384 1360/2267/1360
f 1344/2236/1344 1361/2393/1361 1249/2046/1249
f 1269/2047/1269 1408/2394/1408 1268/2045/1268
f 1288/2123/1288 1408/2394/1408 1269/2047/1269
f 1270/2048/1270 1409/2395/1409 1288/2084/1288
f 1345/2237/1345 1409/2395/1409 1270/2048/1270
f 1365/2396/1365 1410/2397/1410 1363/2398/1363
f 1411/2399/1411 1388/2400/1388 1362/2401/1362
f 1410/2402/1410 1364/2403/1364 1363/2404/1363
f 1362/2401/1362 1389/2405/1389 1411/2399/1411
f 1346/2276/1346 1412/2406/1412 1365/2396/1365
f 1368/2407/1368 1413/2408/1413 1366/2338/1366
f 1348/2343/1348 1370/2290/1370 1367/2341/1367
f 1395/2409/1395 1397/2410/1397 1414/2411/1414
f 1391/2412/1391 1374/2364/1374 1349/2413/1349
f 1391/2412/1391 1393/2414/1393 1374/2364/1374
f 1350/2300/1350 1349/2415/1349 1374/2298/1374
f 1374/2364/1374 1393/2414/1393 1399/2365/1399
f 1373/2416/1373 1415/2417/1415 1372/2418/1372
f 1399/2419/1399 1416/2420/1416 1376/2308/1376
f 1399/2421/1399 1400/2422/1400 1416/2423/1416
f 1399/2424/1399 1373/2425/1373 1400/2426/1400
f 1377/2427/1377 1417/2428/1417 1325/2180/1325
f 1323/2429/1323 1379/2377/1379 1398/2361/1398
f 1353/2430/1353 1418/2431/1418 1400/2432/1400
f 1378/2433/1378 1402/2376/1402 1299/2313/1299
f 1376/2308/1376 1406/2390/1406 1338/2223/1338
f 1353/2430/1353 1419/2434/1419 1418/2431/1418
f 1419/2434/1419 1353/2430/1353 1404/2435/1404
f 1354/2254/1354 1319/2178/1319 1420/2436/1420
f 1421/2437/1421 1403/2381/1403 1401/2380/1401
f 1406/2390/1406 1356/2260/1356 1338/2223/1338
f 1422/2438/1422 1404/2387/1404 1423/2439/1423
f 1404/2387/1404 1355/2322/1355 1423/2439/1423
f 1424/2440/1424 1380/2317/1380 1343/2234/1343
f 1383/2328/1383 1184/1861/1184 1342/2232/1342
f 1300/2120/1300 1424/2440/1424 1343/2234/1343
f 1425/2441/1425 1426/2442/1426 1381/2324/1381
f 1425/2441/1425 1381/2324/1381 1382/2326/1382
f 1360/2267/1360 1384/2392/1384 1427/2443/1427
f 1384/2329/1384 1385/2330/1385 1428/2444/1428
f 1301/2121/1301 1383/2328/1383 1385/2445/1385
f 1429/2446/1429 1386/2331/1386 1287/2083/1287
f 1290/2127/1290 1387/2447/1387 1289/2086/1289
f 1430/2448/1430 363/500/363 364/493/364
f 1388/2449/1388 1430/2448/1430 364/493/364
f 1430/2450/1430 1388/2400/1388 370/502/370
f 1411/2399/1411 370/502/370 1388/2400/1388
f 1431/2451/1431 1347/2278/1347 1364/2403/1364
f 1413/2408/1413 1389/2339/1389 1366/2338/1366
f 1346/2276/1346 1431/2452/1431 1412/2406/1412
f 1346/2276/1346 1348/2241/1348 1431/2452/1431
f 1348/2343/1348 1367/2341/1367 1431/2453/1431
f 1347/2278/1347 1431/2451/1431 1367/2279/1367
f 1413/2408/1413 1368/2407/1368 1390/2454/1390
f 1392/2455/1392 1375/2456/1375 1432/2457/1432
f 1394/2458/1394 1433/2459/1433 1375/2460/1375
f 1372/2353/1372 1434/2461/1434 1393/2354/1393
f 1434/2462/1434 1399/2419/1399 1393/2463/1393
f 1372/2353/1372 1415/2464/1415 1434/2461/1434
f 1417/2428/1417 1377/2427/1377 1392/2455/1392
f 1394/2362/1394 1398/2361/1398 1435/2465/1435
f 1373/2416/1373 1399/2466/1399 1415/2417/1415
f 1415/2417/1415 1399/2466/1399 1436/2467/1436
f 1400/2468/1400 1418/2469/1418 1416/2470/1416
f 1349/2243/1349 1352/2246/1352 1437/2471/1437
f 1438/2472/1438 1376/2308/1376 1416/2420/1416
f 1438/2472/1438 1406/2390/1406 1376/2308/1376
f 1420/2436/1420 1319/2178/1319 1325/2180/1325
f 1439/2473/1439 1440/2474/1440 1379/2377/1379
f 1379/2377/1379 1357/2262/1357 1439/2473/1439
f 1422/2475/1422 1441/2476/1441 1404/2435/1404
f 1359/2265/1359 1405/2477/1405 1358/2266/1358
f 1442/2478/1442 1425/2479/1425 1382/2388/1382
f 1407/2391/1407 1443/2480/1443 1332/2194/1332
f 1444/2481/1444 1286/2081/1286 1332/2194/1332
f 1428/2482/1428 1427/2443/1427 1384/2392/1384
f 1268/2045/1268 1445/2483/1445 1234/1971/1234
f 1444/2481/1444 1344/2235/1344 1286/2081/1286
f 1344/2236/1344 1446/2484/1446 1361/2393/1361
f 1429/2446/1429 1287/2083/1287 1361/2268/1361
f 1447/2485/1447 1289/2086/1289 1387/2447/1387
f 1289/2087/1289 1447/2486/1447 1448/2487/1448
f 1334/2197/1334 1289/2087/1289 1448/2487/1448
f 1449/2488/1449 1345/2237/1345 1304/2128/1304
f 1449/2488/1449 1304/2128/1304 1450/2489/1450
f 363/2490/363 1430/2491/1430 369/2492/369
f 1412/2406/1412 1410/2397/1410 1365/2396/1365
f 1412/2493/1412 1364/2403/1364 1410/2402/1410
f 1451/2494/1451 1411/2495/1411 1389/2339/1389
f 1412/2493/1412 1431/2451/1431 1364/2403/1364
f 1413/2408/1413 1451/2494/1451 1389/2339/1389
f 1390/2345/1390 1369/2344/1369 1452/2496/1452
f 1391/2348/1391 1452/2497/1452 1369/2498/1369
f 1398/2361/1398 1453/2499/1453 1435/2465/1435
f 1349/2243/1349 1437/2471/1437 1391/2348/1391
f 1436/2500/1436 1399/2419/1399 1434/2462/1434
f 1420/2436/1420 1325/2180/1325 1417/2428/1417
f 1454/2501/1454 1378/2307/1378 1327/2182/1327
f 1379/2377/1379 1453/2499/1453 1398/2361/1398
f 1379/2377/1379 1440/2474/1440 1453/2499/1453
f 1378/2433/1378 1454/2502/1454 1402/2376/1402
f 1401/2375/1401 1402/2376/1402 1421/2503/1421
f 1455/2504/1455 1355/2255/1355 1354/2254/1354
f 1405/2389/1405 1456/2505/1456 1382/2388/1382
f 1457/2506/1457 1407/2391/1407 1406/2390/1406
f 1426/2507/1426 1439/2473/1439 1357/2262/1357
f 1426/2507/1426 1357/2262/1357 1381/2323/1381
f 1456/2505/1456 1442/2478/1442 1382/2388/1382
f 1300/2120/1300 1458/2508/1458 1424/2440/1424
f 1457/2506/1457 1443/2480/1443 1407/2391/1407
f 1234/1971/1234 1459/2509/1459 1300/2120/1300
f 1443/2480/1443 1444/2481/1444 1332/2194/1332
f 1385/2445/1385 1383/2328/1383 1460/2510/1460
f 1361/2393/1361 1446/2484/1446 1461/2511/1461
f 1461/2512/1461 1429/2446/1429 1361/2268/1361
f 1462/2513/1462 1303/2126/1303 1302/2125/1302
f 1463/2514/1463 1387/2332/1387 1303/2126/1303
f 1464/2515/1464 1447/2485/1447 1387/2447/1387
f 1448/2516/1448 1235/1972/1235 1334/2198/1334
f 1465/2517/1465 1409/2395/1409 1345/2237/1345
f 1235/1972/1235 1450/2518/1450 1304/2199/1304
f 1449/2488/1449 1465/2517/1465 1345/2237/1345
f 1430/2450/1430 370/502/370 369/501/369
f 1411/2495/1411 375/507/375 370/509/370
f 1433/2459/1433 1432/2519/1432 1375/2460/1375
f 1466/2520/1466 1392/2455/1392 1432/2457/1432
f 1466/2520/1466 1417/2428/1417 1392/2455/1392
f 1395/2409/1395 1467/2521/1467 1468/2522/1468
f 1415/2417/1415 1436/2467/1436 1469/2523/1469
f 1470/2524/1470 1420/2436/1420 1417/2428/1417
f 1327/2182/1327 1471/2525/1471 1454/2501/1454
f 1354/2254/1354 1420/2436/1420 1470/2524/1470
f 1470/2524/1470 1455/2504/1455 1354/2254/1354
f 1404/2435/1404 1441/2476/1441 1419/2434/1419
f 1403/2526/1403 1421/2527/1421 1405/2528/1405
f 1456/2505/1456 1405/2389/1405 1421/2503/1421
f 1472/2529/1472 1439/2473/1439 1426/2507/1426
f 1405/2477/1405 1359/2265/1359 1473/2530/1473
f 1424/2440/1424 1474/2531/1474 1380/2317/1380
f 1300/2120/1300 1459/2509/1459 1458/2508/1458
f 1445/2483/1445 1475/2532/1475 1234/1971/1234
f 1288/2123/1288 1476/2533/1476 1408/2394/1408
f 1462/2534/1462 1302/2124/1302 1386/2331/1386
f 1462/2513/1462 1463/2514/1463 1303/2126/1303
f 1411/2495/1411 1477/2535/1477 375/507/375
f 1477/2535/1477 1411/2495/1411 1451/2494/1451
f 1390/2454/1390 1451/2494/1451 1413/2408/1413
f 1452/2496/1452 1478/2536/1478 1390/2345/1390
f 1415/2464/1415 1469/2537/1469 1434/2461/1434
f 1479/2538/1479 1469/2523/1469 1436/2467/1436
f 1480/2539/1480 1481/2540/1481 1416/2420/1416
f 1479/2538/1479 1436/2467/1436 1418/2431/1418
f 1436/2500/1436 1480/2539/1480 1418/2541/1418
f 1480/2542/1480 1416/2470/1416 1418/2469/1418
f 1466/2520/1466 1470/2524/1470 1417/2428/1417
f 1481/2540/1481 1438/2472/1438 1416/2420/1416
f 1352/2246/1352 1482/2543/1482 1437/2471/1437
f 1419/2434/1419 1483/2544/1483 1418/2431/1418
f 1327/2182/1327 1403/2386/1403 1471/2525/1471
f 1458/2508/1458 1474/2531/1474 1424/2440/1424
f 1422/2475/1422 1484/2545/1484 1441/2476/1441
f 1485/2546/1485 1484/2547/1484 1422/2438/1422
f 1485/2546/1485 1422/2438/1422 1423/2439/1423
f 1425/2441/1425 1486/2548/1486 1426/2442/1426
f 1487/2549/1487 1360/2267/1360 1427/2443/1427
f 1234/1971/1234 1475/2532/1475 1459/2509/1459
f 1427/2443/1427 1488/2550/1488 1487/2549/1487
f 1344/2236/1344 1489/2551/1489 1446/2484/1446
f 1445/2483/1445 1268/2045/1268 1408/2394/1408
f 1429/2446/1429 1462/2534/1462 1386/2331/1386
f 1463/2514/1463 1464/2552/1464 1387/2332/1387
f 1390/2454/1390 1490/2553/1490 1451/2494/1451
f 1390/2454/1390 1478/2554/1478 1490/2553/1490
f 1433/2459/1433 1491/2555/1491 1432/2519/1432
f 1391/2348/1391 1437/2471/1437 1452/2497/1452
f 1432/2457/1432 1491/2556/1491 1492/2557/1492
f 1467/2521/1467 1395/2409/1395 1493/2558/1493
f 1434/2462/1434 1494/2559/1494 1436/2500/1436
f 1494/2559/1494 1480/2539/1480 1436/2500/1436
f 1479/2538/1479 1494/2560/1494 1469/2523/1469
f 1479/2561/1479 1480/2562/1480 1494/2563/1494
f 1483/2564/1483 1480/2565/1480 1479/2566/1479
f 1480/2565/1480 1483/2564/1483 1481/2567/1481
f 1483/2544/1483 1479/2538/1479 1418/2431/1418
f 1380/2317/1380 1495/2568/1495 1352/2246/1352
f 1403/2386/1403 1405/2477/1405 1471/2525/1471
f 1439/2473/1439 1472/2529/1472 1496/2569/1496
f 1497/2570/1497 1383/2328/1383 1342/2232/1342
f 1455/2504/1455 1423/2571/1423 1355/2255/1355
f 1485/2572/1485 1423/2571/1423 1455/2504/1455
f 1486/2573/1486 1472/2529/1472 1426/2507/1426
f 1459/2509/1459 1498/2574/1498 1458/2508/1458
f 1499/2575/1499 1443/2480/1443 1457/2506/1457
f 1488/2550/1488 1427/2443/1427 1428/2482/1428
f 1500/2576/1500 1429/2446/1429 1461/2512/1461
f 1462/2513/1462 1501/2577/1501 1463/2514/1463
f 1477/2535/1477 1451/2494/1451 1490/2553/1490
f 1437/2471/1437 1502/2578/1502 1452/2497/1452
f 1432/2457/1432 1492/2557/1492 1466/2520/1466
f 1433/2459/1433 1394/2458/1394 1503/2579/1503
f 1394/2458/1394 1435/2580/1435 1503/2579/1503
f 1504/2581/1504 1494/2559/1494 1434/2462/1434
f 1434/2582/1434 1469/2583/1469 1504/2584/1504
f 1504/2585/1504 1469/2586/1469 1505/2587/1505
f 1494/2560/1494 1505/2588/1505 1469/2523/1469
f 1494/2560/1494 1506/2589/1506 1505/2588/1505
f 1481/2590/1481 1483/2591/1483 1494/2592/1494
f 1483/2544/1483 1506/2589/1506 1494/2560/1494
f 1439/2473/1439 1496/2569/1496 1440/2474/1440
f 1421/2503/1421 1507/2593/1507 1456/2505/1456
f 1473/2530/1473 1471/2525/1471 1405/2477/1405
f 1458/2508/1458 1498/2574/1498 1474/2531/1474
f 1360/2267/1360 1473/2530/1473 1359/2265/1359
f 1508/2594/1508 1385/2445/1385 1460/2510/1460
f 1509/2595/1509 1344/2235/1344 1444/2481/1444
f 1510/2596/1510 1428/2444/1428 1385/2330/1385
f 1509/2595/1509 1489/2597/1489 1344/2235/1344
f 1448/2487/1448 1447/2486/1447 1511/2598/1511
f 1512/2599/1512 1450/2518/1450 1235/1972/1235
f 375/507/375 1477/2535/1477 379/513/379
f 1478/2554/1478 1513/2600/1513 1490/2553/1490
f 1503/2579/1503 1491/2555/1491 1433/2459/1433
f 1514/2601/1514 1438/2472/1438 1481/2540/1481
f 1453/2499/1453 1440/2474/1440 1515/2602/1515
f 1507/2593/1507 1421/2503/1421 1402/2376/1402
f 1495/2568/1495 1380/2317/1380 1474/2531/1474
f 1484/2545/1484 1419/2434/1419 1441/2476/1441
f 1484/2545/1484 1516/2603/1516 1419/2434/1419
f 1507/2593/1507 1442/2478/1442 1456/2505/1456
f 1360/2267/1360 1517/2604/1517 1473/2530/1473
f 1486/2548/1486 1425/2441/1425 1518/2605/1518
f 1425/2479/1425 1442/2478/1442 1518/2606/1518
f 1360/2267/1360 1519/2607/1519 1517/2604/1517
f 1487/2549/1487 1519/2607/1519 1360/2267/1360
f 1475/2532/1475 1520/2608/1520 1459/2509/1459
f 1443/2480/1443 1521/2609/1521 1444/2481/1444
f 1487/2549/1487 1488/2550/1488 1522/2610/1522
f 1509/2595/1509 1444/2481/1444 1521/2609/1521
f 1508/2594/1508 1510/2611/1510 1385/2445/1385
f 1510/2596/1510 1522/2612/1522 1488/2613/1488
f 1510/2596/1510 1488/2613/1488 1428/2444/1428
f 1523/2614/1523 1462/2534/1462 1429/2446/1429
f 1523/2614/1523 1501/2615/1501 1462/2534/1462
f 1524/2616/1524 1464/2552/1464 1463/2514/1463
f 1512/2599/1512 1235/1972/1235 1448/2516/1448
f 386/523/386 379/513/379 1477/2535/1477
f 1490/2553/1490 1525/2617/1525 1477/2535/1477
f 1490/2553/1490 1513/2600/1513 1525/2617/1525
f 1492/2618/1492 1491/2555/1491 1526/2619/1526
f 1503/2579/1503 1435/2580/1435 1527/2620/1527
f 1435/2465/1435 1453/2499/1453 1527/2621/1527
f 1515/2602/1515 1527/2621/1527 1453/2499/1453
f 1528/2622/1528 1470/2524/1470 1466/2520/1466
f 1419/2434/1419 1506/2589/1506 1483/2544/1483
f 1352/2246/1352 1495/2568/1495 1482/2543/1482
f 1496/2569/1496 1515/2602/1515 1440/2474/1440
f 1455/2504/1455 1470/2524/1470 1529/2623/1529
f 1507/2593/1507 1530/2624/1530 1442/2478/1442
f 1496/2569/1496 1472/2529/1472 1531/2625/1531
f 1530/2624/1530 1518/2606/1518 1442/2478/1442
f 1460/2510/1460 1383/2328/1383 1497/2570/1497
f 1486/2573/1486 1531/2625/1531 1472/2529/1472
f 1531/2626/1531 1486/2548/1486 1518/2605/1518
f 1511/2627/1511 1512/2599/1512 1448/2516/1448
f 1450/2489/1450 1532/2628/1532 1449/2488/1449
f 1533/2629/1533 1491/2555/1491 1503/2579/1503
f 1466/2520/1466 1492/2557/1492 1528/2622/1528
f 1527/2620/1527 1534/2630/1534 1503/2579/1503
f 1504/2585/1504 1505/2587/1505 1535/2631/1535
f 1514/2601/1514 1494/2559/1494 1504/2581/1504
f 1506/2589/1506 1535/2632/1535 1505/2588/1505
f 1536/2633/1536 1468/2522/1468 1467/2521/1467
f 1481/2540/1481 1494/2559/1494 1514/2601/1514
f 1529/2623/1529 1470/2524/1470 1528/2622/1528
f 1454/2502/1454 1537/2634/1537 1402/2376/1402
f 1538/2635/1538 1482/2543/1482 1495/2568/1495
f 1496/2569/1496 1539/2636/1539 1515/2602/1515
f 1438/2472/1438 1457/2506/1457 1406/2390/1406
f 1498/2574/1498 1540/2637/1540 1474/2531/1474
f 1541/2638/1541 1496/2569/1496 1531/2625/1531
f 1542/2639/1542 1499/2575/1499 1457/2506/1457
f 1520/2608/1520 1498/2574/1498 1459/2509/1459
f 1543/2640/1543 1508/2594/1508 1460/2510/1460
f 1489/2551/1489 1461/2511/1461 1446/2484/1446
f 1429/2446/1429 1500/2576/1500 1523/2614/1523
f 1476/2533/1476 1288/2123/1288 1409/2641/1409
f 1465/2517/1465 1449/2488/1449 1532/2628/1532
f 1525/2617/1525 386/523/386 1477/2535/1477
f 1544/2642/1544 1525/2617/1525 1513/2600/1513
f 1478/2536/1478 1452/2496/1452 1513/2643/1513
f 1533/2629/1533 1526/2619/1526 1491/2555/1491
f 1533/2629/1533 1503/2579/1503 1534/2630/1534
f 1437/2471/1437 1482/2543/1482 1502/2578/1502
f 1504/2585/1504 1535/2631/1535 1545/2644/1545
f 1546/2645/1546 1536/2633/1536 1467/2521/1467
f 1545/2646/1545 1514/2601/1514 1504/2581/1504
f 1507/2593/1507 1402/2376/1402 1537/2634/1537
f 1506/2589/1506 1419/2434/1419 1547/2647/1547
f 1460/2510/1460 1497/2570/1497 1543/2640/1543
f 1485/2546/1485 1548/2648/1548 1484/2547/1484
f 1518/2605/1518 1541/2649/1541 1531/2626/1531
f 1521/2609/1521 1443/2480/1443 1499/2575/1499
f 1549/2650/1549 1522/2610/1522 1510/2651/1510
f 1550/2652/1550 1489/2597/1489 1509/2595/1509
f 1551/2653/1551 1447/2485/1447 1464/2515/1464
f 1551/2654/1551 1511/2598/1511 1447/2486/1447
f 1501/2577/1501 1524/2616/1524 1463/2514/1463
f 1465/2517/1465 1532/2628/1532 1552/2655/1552
f 1454/2656/1454 1553/2657/1553 1537/2658/1537
f 1454/2501/1454 1471/2525/1471 1553/2659/1553
f 1554/2660/1554 1457/2506/1457 1438/2472/1438
f 1419/2434/1419 1516/2603/1516 1547/2647/1547
f 1554/2660/1554 1542/2639/1542 1457/2506/1457
f 1495/2568/1495 1474/2531/1474 1540/2637/1540
f 1529/2623/1529 1555/2661/1555 1455/2504/1455
f 1484/2545/1484 1548/2662/1548 1516/2603/1516
f 1455/2504/1455 1555/2661/1555 1485/2572/1485
f 1520/2608/1520 1556/2663/1556 1498/2574/1498
f 1557/2664/1557 1548/2648/1548 1485/2546/1485
f 1485/2572/1485 1555/2661/1555 1557/2665/1557
f 1518/2605/1518 1530/2666/1530 1541/2649/1541
f 1549/2667/1549 1510/2611/1510 1508/2594/1508
f 1552/2655/1552 1409/2395/1409 1465/2517/1465
f 1450/2518/1450 1512/2599/1512 1558/2668/1558
f 1525/2617/1525 388/525/388 386/523/386
f 1544/2642/1544 1559/2669/1559 1525/2617/1525
f 1513/2643/1513 1452/2496/1452 1560/2670/1560
f 1561/2671/1561 1514/2601/1514 1545/2646/1545
f 1506/2589/1506 1547/2647/1547 1535/2632/1535
f 1537/2634/1537 1562/2672/1562 1507/2593/1507
f 1537/2673/1537 1553/2659/1553 1563/2674/1563
f 1553/2659/1553 1471/2525/1471 1473/2530/1473
f 1553/2659/1553 1473/2530/1473 1517/2604/1517
f 1530/2624/1530 1507/2593/1507 1562/2672/1562
f 1548/2662/1548 1564/2675/1564 1516/2603/1516
f 1498/2574/1498 1556/2663/1556 1540/2637/1540
f 1565/2676/1565 1541/2677/1541 1530/2678/1530
f 1408/2394/1408 1566/2679/1566 1445/2483/1445
f 1567/2680/1567 1523/2614/1523 1500/2576/1500
f 1568/2681/1568 1501/2615/1501 1523/2614/1523
f 1558/2682/1558 1532/2628/1532 1450/2489/1450
f 1560/2683/1560 1544/2642/1544 1513/2600/1513
f 1452/2496/1452 1502/2684/1502 1560/2670/1560
f 1482/2543/1482 1569/2685/1569 1502/2578/1502
f 1492/2557/1492 1570/2686/1570 1528/2622/1528
f 1571/2687/1571 1569/2685/1569 1482/2543/1482
f 1514/2601/1514 1554/2660/1554 1438/2472/1438
f 1528/2622/1528 1570/2686/1570 1529/2623/1529
f 1572/2688/1572 1562/2672/1562 1537/2634/1537
f 1482/2543/1482 1538/2635/1538 1571/2687/1571
f 1495/2568/1495 1540/2637/1540 1538/2635/1538
f 1573/2689/1573 1542/2639/1542 1554/2660/1554
f 1496/2569/1496 1574/2690/1574 1539/2636/1539
f 1541/2638/1541 1574/2690/1574 1496/2569/1496
f 1543/2640/1543 1497/2570/1497 1575/2691/1575
f 1509/2595/1509 1576/2692/1576 1550/2652/1550
f 1489/2551/1489 1577/2693/1577 1461/2511/1461
f 1577/2694/1577 1500/2576/1500 1461/2512/1461
f 1577/2694/1577 1567/2680/1567 1500/2576/1500
f 1552/2655/1552 1476/2695/1476 1409/2395/1409
f 1525/2617/1525 1578/2696/1578 388/525/388
f 1559/2669/1559 1578/2696/1578 1525/2617/1525
f 1534/2630/1534 1526/2619/1526 1533/2629/1533
f 1579/2697/1579 1536/2633/1536 1546/2645/1546
f 1527/2620/1527 1580/2698/1580 1534/2630/1534
f 1547/2647/1547 1581/2699/1581 1535/2632/1535
f 1527/2621/1527 1515/2602/1515 1580/2700/1580
f 1539/2636/1539 1582/2701/1582 1515/2602/1515
f 1554/2660/1554 1514/2601/1514 1561/2671/1561
f 1547/2647/1547 1583/2702/1583 1581/2699/1581
f 1563/2703/1563 1572/2704/1572 1537/2705/1537
f 1584/2706/1584 1538/2635/1538 1540/2637/1540
f 1585/2707/1585 1553/2659/1553 1517/2604/1517
f 1575/2708/1575 1586/2709/1586 1553/2710/1553
f 1575/2691/1575 1553/2711/1553 1585/2712/1585
f 1587/2713/1587 1575/2691/1575 1585/2712/1585
f 1588/2714/1588 1530/2624/1530 1562/2672/1562
f 1575/2691/1575 1587/2713/1587 1543/2640/1543
f 1576/2692/1576 1509/2595/1509 1521/2609/1521
f 1577/2693/1577 1489/2551/1489 1550/2715/1550
f 1589/2716/1589 1511/2598/1511 1551/2654/1551
f 1512/2599/1512 1511/2627/1511 1589/2717/1589
f 1501/2577/1501 1568/2718/1568 1590/2719/1590
f 1524/2720/1524 1551/2653/1551 1464/2515/1464
f 1590/2719/1590 1524/2616/1524 1501/2577/1501
f 1589/2717/1589 1558/2668/1558 1512/2599/1512
f 1591/2721/1591 1559/2669/1559 1544/2642/1544
f 1560/2683/1560 1591/2721/1591 1544/2642/1544
f 1592/2722/1592 1560/2670/1560 1502/2684/1502
f 1592/2723/1592 1502/2578/1502 1569/2685/1569
f 1593/2724/1593 1526/2619/1526 1534/2630/1534
f 1545/2644/1545 1535/2631/1535 1594/2725/1594
f 1582/2701/1582 1580/2700/1580 1515/2602/1515
f 1595/2726/1595 1554/2660/1554 1561/2671/1561
f 1596/2727/1596 1597/2728/1597 1536/2729/1536
f 1516/2603/1516 1564/2675/1564 1547/2647/1547
f 1553/2659/1553 1598/2730/1598 1563/2674/1563
f 1598/2731/1598 1553/2732/1553 1586/2733/1586
f 1517/2604/1517 1599/2734/1599 1585/2707/1585
f 1585/2707/1585 1599/2734/1599 1598/2730/1598
f 1585/2735/1585 1598/2736/1598 1586/2737/1586
f 1585/2738/1585 1586/2739/1586 1600/2740/1600
f 1585/2712/1585 1600/2741/1600 1587/2713/1587
f 1601/2742/1601 1557/2665/1557 1555/2661/1555
f 1602/2743/1602 1541/2638/1541 1565/2744/1565
f 1519/2607/1519 1599/2734/1599 1517/2604/1517
f 1603/2745/1603 1543/2640/1543 1587/2713/1587
f 1604/2746/1604 1499/2575/1499 1542/2639/1542
f 1499/2575/1499 1605/2747/1605 1521/2609/1521
f 1605/2747/1605 1576/2692/1576 1521/2609/1521
f 1549/2667/1549 1508/2594/1508 1606/2748/1606
f 1566/2679/1566 1475/2532/1475 1445/2483/1445
f 1524/2720/1524 1607/2749/1607 1551/2653/1551
f 1589/2716/1589 1551/2654/1551 1607/2750/1607
f 1524/2616/1524 1590/2719/1590 1608/2751/1608
f 1609/2752/1609 1552/2655/1552 1532/2628/1532
f 1610/2753/1610 1532/2754/1532 1558/2668/1558
f 1610/2755/1610 1609/2752/1609 1532/2628/1532
f 1578/2696/1578 391/528/391 388/525/388
f 1592/2722/1592 1611/2756/1611 1560/2670/1560
f 1580/2698/1580 1593/2724/1593 1534/2630/1534
f 1594/2725/1594 1535/2631/1535 1581/2757/1581
f 1594/2758/1594 1561/2671/1561 1545/2646/1545
f 1579/2697/1579 1596/2759/1596 1536/2633/1536
f 1594/2758/1594 1595/2726/1595 1561/2671/1561
f 1612/2760/1612 1581/2699/1581 1583/2702/1583
f 1584/2706/1584 1613/2761/1613 1571/2687/1571
f 1584/2706/1584 1571/2687/1571 1538/2635/1538
f 1564/2675/1564 1583/2702/1583 1547/2647/1547
f 1574/2690/1574 1582/2701/1582 1539/2636/1539
f 1598/2762/1598 1599/2763/1599 1587/2764/1587
f 1598/2762/1598 1587/2764/1587 1600/2765/1600
f 1548/2662/1548 1614/2766/1614 1564/2675/1564
f 1574/2690/1574 1541/2638/1541 1602/2743/1602
f 1530/2767/1530 1615/2768/1615 1565/2769/1565
f 1616/2770/1616 1519/2607/1519 1487/2549/1487
f 1487/2549/1487 1522/2610/1522 1616/2770/1616
f 1603/2745/1603 1606/2748/1606 1543/2640/1543
f 1543/2640/1543 1606/2748/1606 1508/2594/1508
f 1617/2771/1617 1577/2693/1577 1550/2715/1550
f 1617/2772/1617 1567/2680/1567 1577/2694/1577
f 1568/2681/1568 1523/2614/1523 1567/2680/1567
f 1524/2616/1524 1608/2751/1608 1607/2773/1607
f 1618/2774/1618 1589/2716/1589 1607/2750/1607
f 1618/2775/1618 1558/2668/1558 1589/2717/1589
f 1619/2776/1619 1558/2668/1558 1618/2775/1618
f 1558/2668/1558 1619/2776/1619 1610/2753/1610
f 1620/2777/1620 391/528/391 1578/2696/1578
f 1526/2619/1526 1593/2724/1593 1492/2618/1492
f 1593/2778/1593 1570/2686/1570 1492/2557/1492
f 1621/2779/1621 1593/2724/1593 1580/2698/1580
f 1621/2779/1621 1580/2698/1580 1582/2780/1582
f 1596/2727/1596 1622/2781/1622 1597/2728/1597
f 1572/2688/1572 1588/2714/1588 1562/2672/1562
f 1598/2730/1598 1623/2782/1623 1563/2674/1563
f 1530/2624/1530 1588/2714/1588 1615/2783/1615
f 1565/2769/1565 1615/2768/1615 1602/2784/1602
f 1476/2533/1476 1624/2785/1624 1408/2394/1408
f 1552/2655/1552 1625/2786/1625 1476/2695/1476
f 1578/2696/1578 1559/2669/1559 1626/2787/1626
f 1560/2683/1560 1627/2788/1627 1591/2721/1591
f 1628/2789/1628 1594/2725/1594 1581/2757/1581
f 1629/2790/1629 1596/2759/1596 1579/2697/1579
f 1612/2760/1612 1628/2791/1628 1581/2699/1581
f 1574/2690/1574 1630/2792/1630 1582/2701/1582
f 1572/2688/1572 1631/2793/1631 1588/2714/1588
f 1583/2702/1583 1564/2675/1564 1632/2794/1632
f 1598/2730/1598 1633/2795/1633 1623/2782/1623
f 1584/2706/1584 1540/2637/1540 1634/2796/1634
f 1614/2766/1614 1632/2794/1632 1564/2675/1564
f 1633/2797/1633 1598/2798/1598 1600/2799/1600
f 1587/2800/1587 1599/2801/1599 1635/2802/1635
f 1587/2713/1587 1635/2803/1635 1636/2804/1636
f 1548/2662/1548 1637/2805/1637 1614/2766/1614
f 1557/2806/1557 1637/2805/1637 1548/2662/1548
f 1636/2804/1636 1603/2745/1603 1587/2713/1587
f 1616/2770/1616 1522/2610/1522 1638/2807/1638
f 1603/2745/1603 1639/2808/1639 1606/2748/1606
f 1475/2532/1475 1640/2809/1640 1520/2608/1520
f 1549/2650/1549 1638/2807/1638 1522/2610/1522
f 1576/2692/1576 1641/2810/1641 1550/2652/1550
f 1624/2785/1624 1566/2679/1566 1408/2394/1408
f 1641/2811/1641 1617/2771/1617 1550/2715/1550
f 1642/2812/1642 1567/2680/1567 1617/2772/1617
f 1642/2812/1642 1568/2681/1568 1567/2680/1567
f 1607/2813/1607 1643/2814/1643 1618/2815/1618
f 1608/2816/1608 1644/2817/1644 1607/2813/1607
f 1578/2696/1578 1626/2787/1626 1620/2777/1620
f 1645/2818/1645 1626/2787/1626 1559/2669/1559
f 1591/2721/1591 1645/2818/1645 1559/2669/1559
f 1611/2819/1611 1627/2788/1627 1560/2683/1560
f 1621/2779/1621 1582/2780/1582 1630/2820/1630
f 1646/2821/1646 1554/2660/1554 1595/2726/1595
f 1647/2822/1647 1572/2704/1572 1563/2703/1563
f 1647/2822/1647 1563/2703/1563 1623/2823/1623
f 1554/2660/1554 1646/2821/1646 1573/2689/1573
f 1583/2702/1583 1632/2794/1632 1612/2760/1612
f 1570/2686/1570 1555/2661/1555 1529/2623/1529
f 1574/2690/1574 1602/2743/1602 1648/2824/1648
f 1556/2663/1556 1634/2796/1634 1540/2637/1540
f 1557/2825/1557 1601/2826/1601 1637/2827/1637
f 1602/2743/1602 1649/2828/1649 1648/2824/1648
f 1635/2829/1635 1599/2734/1599 1650/2830/1650
f 1602/2784/1602 1615/2768/1615 1649/2831/1649
f 1650/2830/1650 1599/2734/1599 1519/2607/1519
f 1640/2809/1640 1556/2663/1556 1520/2608/1520
f 1605/2747/1605 1499/2575/1499 1604/2746/1604
f 1638/2832/1638 1549/2833/1549 1606/2834/1606
f 1475/2532/1475 1566/2679/1566 1640/2809/1640
f 1642/2835/1642 1617/2836/1617 1651/2837/1651
f 1644/2817/1644 1651/2837/1651 1643/2814/1643
f 1643/2814/1643 1652/2838/1652 1653/2839/1653
f 1607/2813/1607 1644/2817/1644 1643/2814/1643
f 1654/2840/1654 1653/2839/1653 1655/2841/1655
f 1642/2835/1642 1651/2837/1651 1656/2842/1656
f 1643/2814/1643 1653/2839/1653 1657/2843/1657
f 1657/2843/1657 1653/2839/1653 1654/2840/1654
f 1658/2844/1658 1655/2841/1655 1659/2845/1659
f 1654/2840/1654 1655/2841/1655 1658/2844/1658
f 1642/2812/1642 1590/2846/1590 1568/2681/1568
f 1657/2843/1657 1618/2815/1618 1643/2814/1643
f 1660/2847/1660 1657/2848/1657 1654/2849/1654
f 1660/2850/1660 1654/2840/1654 1658/2844/1658
f 1592/2722/1592 1661/2851/1661 1611/2756/1611
f 1662/2852/1662 1611/2756/1611 1661/2851/1661
f 1593/2778/1593 1663/2853/1663 1570/2686/1570
f 1622/2781/1622 1596/2727/1596 1664/2854/1664
f 1665/2855/1665 1570/2686/1570 1663/2853/1663
f 1572/2688/1572 1666/2856/1666 1631/2793/1631
f 1574/2690/1574 1667/2857/1667 1630/2792/1630
f 1665/2855/1665 1555/2661/1555 1570/2686/1570
f 1665/2855/1665 1601/2742/1601 1555/2661/1555
f 1614/2766/1614 1668/2858/1668 1632/2794/1632
f 1636/2859/1636 1635/2829/1635 1633/2795/1633
f 1573/2689/1573 1669/2860/1669 1542/2639/1542
f 1588/2714/1588 1670/2861/1670 1615/2783/1615
f 1649/2831/1649 1615/2768/1615 1670/2862/1670
f 1640/2809/1640 1671/2863/1671 1556/2663/1556
f 1639/2808/1639 1603/2745/1603 1672/2864/1672
f 1606/2865/1606 1673/2866/1673 1638/2807/1638
f 1641/2810/1641 1576/2692/1576 1674/2867/1674
f 1617/2836/1617 1641/2868/1641 1651/2837/1651
f 1641/2868/1641 1675/2869/1675 1651/2837/1651
f 1651/2837/1651 1675/2869/1675 1652/2838/1652
f 1643/2814/1643 1651/2837/1651 1652/2838/1652
f 1652/2838/1652 1676/2870/1676 1653/2839/1653
f 1676/2870/1676 1655/2841/1655 1653/2839/1653
f 1659/2871/1659 1655/2872/1655 1676/2873/1676
f 1476/2533/1476 1625/2874/1625 1624/2785/1624
f 1644/2817/1644 1656/2842/1656 1651/2837/1651
f 1657/2848/1657 1677/2875/1677 1678/2876/1678
f 1678/2877/1678 1679/2878/1679 1657/2879/1657
f 1642/2835/1642 1656/2842/1656 1590/2880/1590
f 1679/2878/1679 1618/2881/1618 1657/2879/1657
f 1660/2847/1660 1677/2875/1677 1657/2848/1657
f 1590/2880/1590 1656/2842/1656 1608/2816/1608
f 1608/2882/1608 1656/2883/1656 1644/2884/1644
f 1679/2885/1679 1619/2776/1619 1618/2775/1618
f 1679/2885/1679 1680/2886/1680 1619/2776/1619
f 1681/2887/1681 1552/2655/1552 1609/2752/1609
f 1610/2755/1610 1682/2888/1682 1609/2752/1609
f 1627/2788/1627 1645/2818/1645 1591/2721/1591
f 1611/2819/1611 1662/2889/1662 1627/2788/1627
f 1683/2890/1683 1663/2853/1663 1593/2778/1593
f 1683/2891/1683 1593/2724/1593 1621/2779/1621
f 1571/2687/1571 1684/2892/1684 1569/2685/1569
f 1685/2893/1685 1621/2779/1621 1630/2820/1630
f 1629/2790/1629 1686/2894/1686 1596/2759/1596
f 1687/2895/1687 1664/2854/1664 1596/2727/1596
f 1666/2896/1666 1572/2704/1572 1647/2822/1647
f 1612/2760/1612 1632/2794/1632 1688/2897/1688
f 1646/2821/1646 1669/2860/1669 1573/2689/1573
f 1648/2824/1648 1667/2857/1667 1574/2690/1574
f 1637/2805/1637 1668/2858/1668 1614/2766/1614
f 1637/2805/1637 1689/2898/1689 1668/2858/1668
f 1601/2826/1601 1689/2899/1689 1637/2827/1637
f 1636/2804/1636 1633/2900/1633 1690/2901/1690
f 1556/2663/1556 1671/2863/1671 1634/2796/1634
f 1691/2902/1691 1604/2746/1604 1542/2639/1542
f 1673/2903/1673 1606/2748/1606 1639/2808/1639
f 1675/2904/1675 1692/2905/1692 1652/2906/1652
f 1678/2876/1678 1693/2907/1693 1694/2908/1694
f 1692/2905/1692 1676/2909/1676 1652/2906/1652
f 1694/2910/1694 1679/2878/1679 1678/2877/1678
f 1695/2911/1695 1696/2912/1696 1694/2910/1694
f 1694/2910/1694 1696/2912/1696 1679/2878/1679
f 1679/2878/1679 1696/2912/1696 1680/2913/1680
f 1696/2912/1696 1697/2914/1697 1680/2913/1680
f 1698/2915/1698 1677/2916/1677 1699/2917/1699
f 1661/2918/1661 1700/2919/1700 1662/2889/1662
f 1701/2920/1701 1594/2725/1594 1628/2789/1628
f 1683/2891/1683 1621/2779/1621 1685/2893/1685
f 1686/2894/1686 1687/2921/1687 1596/2759/1596
f 1667/2857/1667 1685/2922/1685 1630/2792/1630
f 1687/2923/1687 1666/2924/1666 1664/2925/1664
f 1688/2897/1688 1702/2926/1702 1612/2760/1612
f 1647/2927/1647 1664/2925/1664 1666/2924/1666
f 1664/2928/1664 1647/2929/1647 1703/2930/1703
f 1704/2931/1704 1703/2930/1703 1647/2929/1647
f 1664/2854/1664 1703/2932/1703 1622/2781/1622
f 1632/2794/1632 1689/2898/1689 1688/2897/1688
f 1668/2858/1668 1689/2898/1689 1632/2794/1632
f 1705/2933/1705 1601/2742/1601 1665/2855/1665
f 1635/2829/1635 1706/2934/1706 1633/2795/1633
f 1588/2714/1588 1707/2935/1707 1670/2861/1670
f 1669/2860/1669 1691/2902/1691 1542/2639/1542
f 1616/2770/1616 1650/2830/1650 1519/2607/1519
f 1636/2804/1636 1672/2864/1672 1603/2745/1603
f 1674/2867/1674 1576/2692/1576 1605/2747/1605
f 1708/2936/1708 1673/2937/1673 1639/2938/1639
f 1566/2679/1566 1709/2939/1709 1640/2809/1640
f 1641/2940/1641 1710/2941/1710 1675/2904/1675
f 1710/2941/1710 1692/2905/1692 1675/2904/1675
f 1711/2942/1711 1695/2943/1695 1712/2944/1712
f 1694/2908/1694 1712/2945/1712 1695/2946/1695
f 1693/2907/1693 1712/2945/1712 1694/2908/1694
f 1676/2873/1676 1713/2947/1713 1659/2871/1659
f 1678/2876/1678 1714/2948/1714 1693/2907/1693
f 1715/2949/1715 1695/2943/1695 1711/2942/1711
f 1696/2950/1696 1695/2951/1695 1715/2952/1715
f 1678/2876/1678 1677/2875/1677 1714/2948/1714
f 1713/2953/1713 1698/2915/1698 1699/2917/1699
f 1715/2952/1715 1697/2954/1697 1696/2950/1696
f 1681/2887/1681 1625/2786/1625 1552/2655/1552
f 1716/2955/1716 1681/2887/1681 1609/2752/1609
f 1645/2818/1645 1717/2956/1717 1718/2957/1718
f 1627/2788/1627 1717/2956/1717 1645/2818/1645
f 1719/2958/1719 1661/2851/1661 1592/2722/1592
f 1592/2723/1592 1569/2685/1569 1719/2959/1719
f 1702/2926/1702 1628/2791/1628 1612/2760/1612
f 1703/2960/1703 1704/2961/1704 1666/2962/1666
f 1720/2963/1720 1663/2853/1663 1683/2890/1683
f 1631/2964/1631 1666/2965/1666 1704/2966/1704
f 1663/2967/1663 1720/2968/1720 1665/2969/1665
f 1647/2929/1647 1623/2970/1623 1704/2931/1704
f 1705/2971/1705 1665/2972/1665 1720/2973/1720
f 1721/2974/1721 1588/2714/1588 1631/2793/1631
f 1623/2975/1623 1706/2976/1706 1704/2977/1704
f 1689/2978/1689 1601/2979/1601 1688/2980/1688
f 1705/2981/1705 1688/2982/1688 1601/2983/1601
f 1722/2984/1722 1667/2857/1667 1648/2824/1648
f 1649/2828/1649 1722/2984/1722 1648/2824/1648
f 1721/2974/1721 1707/2935/1707 1588/2714/1588
f 1650/2830/1650 1723/2985/1723 1635/2829/1635
f 1670/2862/1670 1722/2986/1722 1649/2831/1649
f 1691/2902/1691 1605/2747/1605 1604/2746/1604
f 1724/2987/1724 1692/2905/1692 1710/2941/1710
f 1725/2988/1725 1726/2989/1726 1692/2905/1692
f 1692/2905/1692 1726/2989/1726 1676/2909/1676
f 1711/2990/1711 1727/2991/1727 1728/2992/1728
f 1676/2873/1676 1729/2993/1729 1713/2947/1713
f 1728/2992/1728 1715/2994/1715 1711/2990/1711
f 1729/2995/1729 1714/2948/1714 1677/2875/1677
f 1698/2915/1698 1729/2996/1729 1677/2916/1677
f 1729/2996/1729 1698/2915/1698 1713/2953/1713
f 1730/2997/1730 1731/2998/1731 1732/2999/1732
f 1733/3000/1733 1732/3001/1732 1731/3002/1731
f 1715/3003/1715 1734/3004/1734 1697/3005/1697
f 1731/3006/1731 1730/3007/1730 1733/3008/1733
f 1682/3009/1682 1610/2753/1610 1619/2776/1619
f 1735/3010/1735 1717/2956/1717 1627/2788/1627
f 1662/2889/1662 1735/3010/1735 1627/2788/1627
f 1719/2958/1719 1700/3011/1700 1661/2851/1661
f 1700/2919/1700 1735/3010/1735 1662/2889/1662
f 1701/2920/1701 1736/3012/1736 1594/2725/1594
f 1701/2920/1701 1628/2789/1628 1737/3013/1737
f 1702/2926/1702 1737/3014/1737 1628/2791/1628
f 1646/2821/1646 1595/2726/1595 1736/3015/1736
f 1687/3016/1687 1703/2960/1703 1666/2962/1666
f 1737/3014/1737 1702/2926/1702 1688/2897/1688
f 1737/3017/1737 1688/2982/1688 1705/2981/1705
f 1720/3018/1720 1683/3019/1683 1738/3020/1738
f 1738/3020/1738 1683/3019/1683 1685/3021/1685
f 1738/3020/1738 1685/3021/1685 1667/3022/1667
f 1631/3023/1631 1704/2977/1704 1721/3024/1721
f 1584/2706/1584 1739/3025/1739 1613/2761/1613
f 1667/3022/1667 1722/3026/1722 1738/3020/1738
f 1720/2973/1720 1738/3027/1738 1740/3028/1740
f 1635/2829/1635 1723/2985/1723 1706/2934/1706
f 1722/2986/1722 1670/2862/1670 1707/3029/1707
f 1690/2901/1690 1672/2864/1672 1636/2804/1636
f 1650/2830/1650 1616/2770/1616 1638/2807/1638
f 1650/2830/1650 1638/2807/1638 1741/3030/1741
f 1673/2866/1673 1741/3030/1741 1638/2807/1638
f 1742/3031/1742 1639/2808/1639 1672/2864/1672
f 1708/3032/1708 1639/2808/1639 1742/3031/1742
f 1743/3033/1743 1674/2867/1674 1605/2747/1605
f 1744/3034/1744 1673/2937/1673 1708/2936/1708
f 1674/3035/1674 1710/2941/1710 1641/2940/1641
f 1624/2785/1624 1709/2939/1709 1566/2679/1566
f 1727/3036/1727 1711/3037/1711 1712/2945/1712
f 1745/3038/1745 1727/3036/1727 1712/2945/1712
f 1726/3039/1726 1729/3040/1729 1676/3041/1676
f 1625/2874/1625 1746/3042/1746 1624/2785/1624
f 1732/2999/1732 1747/3043/1747 1730/2997/1730
f 1748/3044/1748 1734/3045/1734 1715/2994/1715
f 1625/2874/1625 1749/3046/1749 1746/3042/1746
f 1681/2887/1681 1749/3047/1749 1625/2786/1625
f 1697/3048/1697 1734/3049/1734 1750/3050/1750
f 1750/3050/1750 1680/3051/1680 1697/3048/1697
f 1682/2888/1682 1716/2955/1716 1609/2752/1609
f 1751/3052/1751 1619/2776/1619 1680/2886/1680
f 1682/3009/1682 1619/2776/1619 1751/3052/1751
f 1620/2777/1620 396/533/396 391/528/391
f 396/533/396 1620/2777/1620 1626/2787/1626
f 1718/2957/1718 1626/2787/1626 1645/2818/1645
f 1719/2959/1719 1569/2685/1569 1684/2892/1684
f 1686/2894/1686 1752/3053/1752 1753/3054/1753
f 1753/3054/1753 1687/2921/1687 1686/2894/1686
f 1736/3015/1736 1595/2726/1595 1594/2758/1594
f 1753/3055/1753 1703/3056/1703 1687/3057/1687
f 1737/3017/1737 1705/2981/1705 1754/3058/1754
f 1755/3059/1755 1737/3017/1737 1754/3058/1754
f 1754/3058/1754 1705/2981/1705 1740/3060/1740
f 1721/3024/1721 1704/2977/1704 1756/3061/1756
f 1704/2977/1704 1706/2976/1706 1756/3061/1756
f 1705/2971/1705 1720/2973/1720 1740/3028/1740
f 1738/3062/1738 1754/3058/1754 1740/3060/1740
f 1757/3063/1757 1754/3058/1754 1738/3062/1738
f 1757/3063/1757 1738/3062/1738 1722/3064/1722
f 1722/3064/1722 1707/3065/1707 1757/3063/1757
f 1707/3065/1707 1721/3066/1721 1757/3063/1757
f 1671/2863/1671 1640/2809/1640 1758/3067/1758
f 1673/2866/1673 1744/3068/1744 1741/3030/1741
f 1759/3069/1759 1674/2867/1674 1743/3033/1743
f 1709/2939/1709 1760/3070/1760 1640/2809/1640
f 1745/3038/1745 1712/2945/1712 1693/2907/1693
f 1724/2987/1724 1725/2988/1725 1692/2905/1692
f 1745/3038/1745 1693/2907/1693 1714/2948/1714
f 1761/3071/1761 1714/2948/1714 1729/2995/1729
f 1624/2785/1624 1746/3042/1746 1762/3072/1762
f 1748/3044/1748 1715/2994/1715 1728/2992/1728
f 1763/3073/1763 1730/3007/1730 1747/3074/1747
f 1748/3044/1748 1764/3075/1764 1734/3045/1734
f 1730/3007/1730 1763/3073/1763 1765/3076/1765
f 1733/3000/1733 1766/3077/1766 1732/3001/1732
f 1765/3076/1765 1733/3008/1733 1730/3007/1730
f 1680/3051/1680 1750/3050/1750 1751/3078/1751
f 405/542/405 396/533/396 1626/2787/1626
f 405/542/405 1626/2787/1626 1718/2957/1718
f 1767/3079/1767 1717/2956/1717 1735/3010/1735
f 1768/3080/1768 1703/3081/1703 1753/3082/1753
f 1684/2892/1684 1571/2687/1571 1613/2761/1613
f 1755/3059/1755 1754/3058/1754 1769/3083/1769
f 1769/3083/1769 1754/3058/1754 1757/3063/1757
f 1634/2796/1634 1739/3025/1739 1584/2706/1584
f 1671/2863/1671 1770/3084/1770 1634/2796/1634
f 1691/2902/1691 1743/3033/1743 1605/2747/1605
f 1674/3035/1674 1771/3085/1771 1710/2941/1710
f 1772/3086/1772 1744/3034/1744 1708/2936/1708
f 1759/3087/1759 1773/3088/1773 1674/3089/1674
f 1771/3090/1771 1674/3091/1674 1773/3092/1773
f 1771/3085/1771 1724/2987/1724 1710/2941/1710
f 1727/3036/1727 1774/3093/1774 1773/3094/1773
f 1773/3095/1773 1775/3096/1775 1727/3097/1727
f 1745/3038/1745 1774/3093/1774 1727/3036/1727
f 1728/3098/1728 1727/3097/1727 1775/3096/1775
f 1745/3038/1745 1714/2948/1714 1776/3099/1776
f 1624/2785/1624 1762/3072/1762 1709/2939/1709
f 1726/3100/1726 1777/3101/1777 1729/3102/1729
f 1778/3103/1778 1734/3045/1734 1764/3075/1764
f 1765/3104/1765 1766/3105/1766 1733/3106/1733
f 1682/3009/1682 1751/3052/1751 1779/3107/1779
f 1718/2957/1718 1780/3108/1780 1781/3109/1781
f 1717/2956/1717 1780/3108/1780 1718/2957/1718
f 1782/3110/1782 1767/3079/1767 1735/3010/1735
f 1735/3010/1735 1783/3111/1783 1782/3110/1782
f 1783/3112/1783 1735/3113/1735 1700/3114/1700
f 1700/3114/1700 1784/3115/1784 1783/3112/1783
f 1785/3116/1785 1783/3112/1783 1784/3115/1784
f 1755/3117/1755 1785/3118/1785 1784/3119/1784
f 1737/3013/1737 1755/3120/1755 1701/2920/1701
f 1785/3121/1785 1755/3059/1755 1769/3083/1769
f 1786/3122/1786 1684/2892/1684 1613/2761/1613
f 1723/2985/1723 1756/3123/1756 1706/2934/1706
f 1770/3084/1770 1739/3025/1739 1634/2796/1634
f 1640/2809/1640 1760/3070/1760 1758/3067/1758
f 1709/2939/1709 1787/3124/1787 1760/3070/1760
f 1773/3125/1773 1774/3126/1774 1771/3127/1771
f 1778/3128/1778 1750/3050/1750 1734/3049/1734
f 1681/2887/1681 1788/3129/1788 1749/3047/1749
f 1788/3129/1788 1681/2887/1681 1716/2955/1716
f 1750/3050/1750 1789/3130/1789 1751/3078/1751
f 1790/3131/1790 1716/2955/1716 1682/2888/1682
f 1779/3132/1779 1790/3131/1790 1682/2888/1682
f 1717/2956/1717 1791/3133/1791 1780/3108/1780
f 1717/2956/1717 1767/3079/1767 1791/3133/1791
f 1782/3134/1782 1783/3112/1783 1792/3135/1792
f 1782/3134/1782 1792/3135/1792 1793/3136/1793
f 1794/3137/1794 1784/3138/1784 1700/3011/1700
f 1783/3112/1783 1785/3116/1785 1792/3135/1792
f 1793/3136/1793 1753/3139/1753 1752/3140/1752
f 1793/3136/1793 1792/3135/1792 1753/3139/1753
f 1795/3141/1795 1736/3012/1736 1701/2920/1701
f 1795/3141/1795 1701/2920/1701 1755/3120/1755
f 1796/3142/1796 1795/3141/1795 1755/3120/1755
f 1796/3143/1796 1755/3144/1755 1784/3145/1784
f 1796/3142/1796 1785/3146/1785 1769/3147/1769
f 1797/3148/1797 1796/3142/1796 1769/3147/1769
f 1753/3149/1753 1792/3150/1792 1768/3151/1768
f 1739/3025/1739 1786/3122/1786 1613/2761/1613
f 1797/3148/1797 1769/3147/1769 1757/3152/1757
f 1768/3151/1768 1798/3153/1798 1703/2932/1703
f 1799/3154/1799 1646/2821/1646 1736/3015/1736
f 1800/3155/1800 1797/3148/1797 1757/3152/1757
f 1721/3024/1721 1800/3155/1800 1757/3152/1757
f 1801/3156/1801 1646/2821/1646 1799/3154/1799
f 1723/2985/1723 1802/3157/1802 1756/3123/1756
f 1801/3156/1801 1669/2860/1669 1646/2821/1646
f 1803/3158/1803 1739/3025/1739 1770/3084/1770
f 1691/2902/1691 1669/2860/1669 1804/3159/1804
f 1805/3160/1805 1650/2830/1650 1741/3030/1741
f 1806/3161/1806 1759/3069/1759 1743/3033/1743
f 1772/3162/1772 1708/3032/1708 1742/3031/1742
f 1774/3163/1774 1759/3164/1759 1771/3165/1771
f 1744/3034/1744 1772/3086/1772 1807/3166/1807
f 1709/3167/1709 1808/3168/1808 1787/3169/1787
f 1808/3170/1808 1773/3171/1773 1759/3172/1759
f 1709/2939/1709 1762/3072/1762 1808/3173/1808
f 1775/3096/1775 1773/3095/1773 1808/3174/1808
f 1726/2989/1726 1809/3175/1809 1777/3176/1777
f 1761/3071/1761 1776/3099/1776 1714/2948/1714
f 1810/3177/1810 1761/3071/1761 1729/2995/1729
f 1777/3101/1777 1810/3178/1810 1729/3102/1729
f 1811/3179/1811 1812/3180/1812 1766/3105/1766
f 1811/3179/1811 1766/3105/1766 1765/3104/1765
f 1750/3050/1750 1778/3128/1778 1813/3181/1813
f 1716/2955/1716 1790/3131/1790 1788/3129/1788
f 1718/2957/1718 1781/3109/1781 405/542/405
f 1782/3134/1782 1814/3182/1814 1767/3183/1767
f 1814/3182/1814 1782/3134/1782 1793/3136/1793
f 1719/2958/1719 1794/3137/1794 1700/3011/1700
f 1719/2959/1719 1684/2892/1684 1815/3184/1815
f 1816/3185/1816 1785/3186/1785 1796/3187/1796
f 1784/3188/1784 1816/3189/1816 1796/3190/1796
f 1816/3191/1816 1784/3138/1784 1794/3137/1794
f 1797/3148/1797 1795/3141/1795 1796/3142/1796
f 1768/3151/1768 1817/3192/1817 1798/3153/1798
f 1800/3155/1800 1721/3024/1721 1756/3061/1756
f 1801/3156/1801 1804/3159/1804 1669/2860/1669
f 1758/3067/1758 1770/3084/1770 1671/2863/1671
f 1818/3193/1818 1691/2902/1691 1804/3159/1804
f 1743/3033/1743 1691/2902/1691 1818/3193/1818
f 1819/3194/1819 1741/3030/1741 1744/3068/1744
f 1806/3195/1806 1771/3165/1771 1759/3164/1759
f 1819/3194/1819 1744/3068/1744 1807/3196/1807
f 1820/3197/1820 1759/3198/1759 1774/3093/1774
f 1821/3199/1821 1724/2987/1724 1771/3085/1771
f 1821/3199/1821 1725/2988/1725 1724/2987/1724
f 1822/3200/1822 1807/3166/1807 1772/3086/1772
f 1822/3201/1822 1772/3162/1772 1823/3202/1823
f 1762/3072/1762 1824/3203/1824 1808/3173/1808
f 1825/3204/1825 1728/3098/1728 1775/3096/1775
f 1809/3175/1809 1726/2989/1726 1725/2988/1725
f 1825/3205/1825 1748/3044/1748 1728/2992/1728
f 1826/3206/1826 1777/3207/1777 1827/3208/1827
f 1810/3209/1810 1777/3210/1777 1826/3211/1826
f 1812/3212/1812 1732/3001/1732 1766/3077/1766
f 1765/3076/1765 1763/3073/1763 1811/3213/1811
f 1813/3181/1813 1789/3130/1789 1750/3050/1750
f 1751/3078/1751 1789/3130/1789 1828/3214/1828
f 1779/3107/1779 1751/3052/1751 1828/3215/1828
f 1767/3183/1767 1814/3182/1814 1791/3216/1791
f 1829/3217/1829 1814/3182/1814 1830/3218/1830
f 1830/3218/1830 1814/3182/1814 1793/3136/1793
f 1830/3218/1830 1793/3136/1793 1752/3140/1752
f 1719/2958/1719 1815/3219/1815 1794/3137/1794
f 1786/3122/1786 1831/3220/1831 1684/2892/1684
f 1684/2892/1684 1831/3220/1831 1815/3184/1815
f 1736/3012/1736 1795/3141/1795 1832/3221/1832
f 1785/3222/1785 1816/3191/1816 1792/3150/1792
f 1833/3223/1833 1795/3141/1795 1797/3148/1797
f 1833/3223/1833 1797/3148/1797 1800/3155/1800
f 1741/3030/1741 1819/3194/1819 1805/3160/1805
f 1672/2864/1672 1834/3224/1834 1742/3031/1742
f 1818/3193/1818 1806/3161/1806 1743/3033/1743
f 1742/3031/1742 1823/3202/1823 1772/3162/1772
f 1806/3225/1806 1835/3226/1835 1771/3227/1771
f 1771/3085/1771 1835/3228/1835 1821/3199/1821
f 1836/3229/1836 1787/3169/1787 1808/3168/1808
f 1836/3230/1836 1808/3231/1808 1759/3232/1759
f 1820/3197/1820 1836/3229/1836 1759/3198/1759
f 1819/3194/1819 1807/3196/1807 1822/3233/1822
f 1823/3234/1823 1837/3235/1837 1822/3236/1822
f 1838/3237/1838 1820/3197/1820 1774/3093/1774
f 1745/3038/1745 1838/3237/1838 1774/3093/1774
f 1826/3238/1826 1822/3236/1822 1837/3235/1837
f 1777/3239/1777 1839/3240/1839 1827/3241/1827
f 1809/3175/1809 1839/3242/1839 1777/3176/1777
f 1822/3243/1822 1826/3244/1826 1827/3245/1827
f 1840/3246/1840 1761/3071/1761 1810/3177/1810
f 1841/3247/1841 1840/3246/1840 1810/3177/1810
f 1788/3129/1788 1842/3248/1842 1749/3047/1749
f 1843/3249/1843 1812/3212/1812 1811/3250/1811
f 1780/3108/1780 1844/3251/1844 1781/3109/1781
f 1791/3216/1791 1814/3182/1814 1845/3252/1845
f 1791/3133/1791 1845/3253/1845 1780/3108/1780
f 1845/3252/1845 1814/3182/1814 1829/3217/1829
f 1829/3217/1829 1830/3218/1830 1846/3254/1846
f 1799/3154/1799 1736/3015/1736 1832/3255/1832
f 1756/3061/1756 1802/3256/1802 1800/3155/1800
f 1802/3157/1802 1723/2985/1723 1847/3257/1847
f 1723/2985/1723 1650/2830/1650 1847/3257/1847
f 1758/3067/1758 1803/3158/1803 1770/3084/1770
f 1650/2830/1650 1805/3160/1805 1847/3257/1847
f 1848/3258/1848 1834/3224/1834 1672/2864/1672
f 1834/3224/1834 1823/3202/1823 1742/3031/1742
f 1819/3259/1819 1822/3260/1822 1849/3261/1849
f 1808/3174/1808 1850/3262/1850 1775/3096/1775
f 1775/3096/1775 1850/3262/1850 1851/3263/1851
f 1852/3264/1852 1725/2988/1725 1821/3199/1821
f 1775/3096/1775 1851/3263/1851 1825/3204/1825
f 1776/3099/1776 1838/3237/1838 1745/3038/1745
f 1840/3246/1840 1776/3099/1776 1761/3071/1761
f 1762/3072/1762 1746/3042/1746 1824/3203/1824
f 1826/3265/1826 1853/3266/1853 1810/3267/1810
f 1732/3268/1732 1763/3269/1763 1747/3270/1747
f 1749/3046/1749 1854/3271/1854 1746/3042/1746
f 1763/3073/1763 1855/3272/1855 1811/3213/1811
f 1779/3132/1779 1856/3273/1856 1790/3131/1790
f 1828/3215/1828 1856/3274/1856 1779/3107/1779
f 1857/3275/1857 1856/3274/1856 1828/3215/1828
f 1844/3251/1844 1858/3276/1858 1781/3109/1781
f 1780/3277/1780 1845/3252/1845 1844/3278/1844
f 1859/3279/1859 1844/3278/1844 1845/3252/1845
f 1859/3279/1859 1845/3252/1845 1829/3217/1829
f 1816/3191/1816 1860/3280/1860 1792/3150/1792
f 1794/3137/1794 1860/3280/1860 1816/3191/1816
f 1860/3280/1860 1768/3151/1768 1792/3150/1792
f 1760/3070/1760 1861/3281/1861 1758/3067/1758
f 1862/3282/1862 1806/3161/1806 1818/3193/1818
f 1806/3283/1806 1862/3284/1862 1835/3285/1835
f 1805/3286/1805 1819/3259/1819 1849/3261/1849
f 1787/3124/1787 1861/3281/1861 1760/3070/1760
f 1836/3229/1836 1861/3287/1861 1787/3169/1787
f 1863/3288/1863 1821/3199/1821 1835/3228/1835
f 1838/3237/1838 1851/3289/1851 1820/3197/1820
f 1827/3241/1827 1849/3290/1849 1822/3233/1822
f 1809/3175/1809 1864/3291/1864 1839/3242/1839
f 1865/3292/1865 1748/3044/1748 1825/3205/1825
f 1837/3293/1837 1853/3266/1853 1826/3265/1826
f 1810/3267/1810 1853/3266/1853 1841/3294/1841
f 1866/3295/1866 1748/3044/1748 1865/3292/1865
f 1867/3296/1867 1732/3001/1732 1812/3212/1812
f 1732/3297/1732 1867/3298/1867 1763/3299/1763
f 1855/3272/1855 1763/3073/1763 1867/3300/1867
f 1855/3301/1855 1867/3302/1867 1868/3303/1868
f 1749/3046/1749 1842/3304/1842 1854/3271/1854
f 1866/3295/1866 1764/3075/1764 1748/3044/1748
f 1869/3305/1869 1778/3103/1778 1764/3075/1764
f 1778/3103/1778 1869/3305/1869 1813/3306/1813
f 1843/3307/1843 1811/3213/1811 1855/3272/1855
f 1856/3273/1856 1870/3308/1870 1790/3131/1790
f 1781/3109/1781 408/545/408 405/542/405
f 1859/3279/1859 1858/3309/1858 1844/3278/1844
f 1859/3279/1859 1871/3310/1871 1858/3309/1858
f 1859/3279/1859 1846/3254/1846 1871/3310/1871
f 1846/3254/1846 1859/3279/1859 1829/3217/1829
f 1872/3311/1872 1794/3137/1794 1815/3219/1815
f 1768/3151/1768 1873/3312/1873 1817/3192/1817
f 1874/3313/1874 1739/3025/1739 1803/3158/1803
f 1802/3256/1802 1833/3223/1833 1800/3155/1800
f 1875/3314/1875 1876/3315/1876 1802/3157/1802
f 1848/3258/1848 1877/3316/1877 1834/3224/1834
f 1847/3317/1847 1805/3286/1805 1849/3261/1849
f 1818/3193/1818 1878/3318/1878 1862/3282/1862
f 1877/3316/1877 1823/3202/1823 1834/3224/1834
f 1879/3319/1879 1823/3202/1823 1877/3316/1877
f 1823/3202/1823 1879/3319/1879 1837/3293/1837
f 1851/3289/1851 1836/3229/1836 1820/3197/1820
f 1850/3320/1850 1836/3229/1836 1851/3289/1851
f 1849/3290/1849 1827/3241/1827 1880/3321/1880
f 1824/3203/1824 1850/3322/1850 1808/3173/1808
f 1852/3264/1852 1809/3175/1809 1725/2988/1725
f 1809/3175/1809 1852/3264/1852 1864/3291/1864
f 1840/3246/1840 1838/3237/1838 1776/3099/1776
f 1864/3291/1864 1881/3323/1881 1839/3242/1839
f 1866/3295/1866 1869/3305/1869 1764/3075/1764
f 1870/3308/1870 1788/3129/1788 1790/3131/1790
f 1828/3214/1828 1789/3130/1789 1857/3324/1857
f 408/545/408 1781/3109/1781 1882/3325/1882
f 1858/3276/1858 1882/3325/1882 1781/3109/1781
f 1882/3326/1882 1858/3309/1858 1883/3327/1883
f 1883/3327/1883 1858/3309/1858 1871/3310/1871
f 1831/3328/1831 1872/3311/1872 1815/3219/1815
f 1872/3311/1872 1860/3280/1860 1794/3137/1794
f 1884/3329/1884 1832/3221/1832 1795/3141/1795
f 1833/3223/1833 1884/3329/1884 1795/3141/1795
f 1860/3280/1860 1873/3312/1873 1768/3151/1768
f 1885/3330/1885 1886/3331/1886 1817/3192/1817
f 1801/3156/1801 1799/3154/1799 1887/3332/1887
f 1888/3333/1888 1833/3223/1833 1802/3256/1802
f 1847/3257/1847 1875/3314/1875 1802/3157/1802
f 1847/3257/1847 1889/3334/1889 1875/3314/1875
f 1758/3067/1758 1890/3335/1890 1803/3158/1803
f 1849/3290/1849 1889/3334/1889 1847/3257/1847
f 1758/3067/1758 1861/3281/1861 1890/3335/1890
f 1878/3318/1878 1891/3336/1891 1862/3282/1862
f 1849/3290/1849 1880/3321/1880 1889/3334/1889
f 1835/3337/1835 1862/3282/1862 1863/3338/1863
f 1821/3199/1821 1863/3288/1863 1892/3339/1892
f 1861/3287/1861 1836/3229/1836 1850/3320/1850
f 1821/3199/1821 1892/3339/1892 1852/3264/1852
f 1880/3321/1880 1827/3241/1827 1893/3340/1893
f 1851/3263/1851 1894/3341/1894 1825/3204/1825
f 1894/3342/1894 1851/3289/1851 1838/3237/1838
f 1894/3343/1894 1865/3292/1865 1825/3205/1825
f 1895/3344/1895 1838/3237/1838 1840/3246/1840
f 1746/3042/1746 1854/3271/1854 1824/3203/1824
f 1827/3241/1827 1839/3240/1839 1893/3340/1893
f 1868/3303/1868 1867/3302/1867 1896/3345/1896
f 1868/3346/1868 1843/3307/1843 1855/3272/1855
f 1897/3347/1897 1870/3308/1870 1856/3273/1856
f 1857/3275/1857 1897/3348/1897 1856/3274/1856
f 1832/3255/1832 1887/3332/1887 1799/3154/1799
f 1817/3192/1817 1873/3312/1873 1885/3330/1885
f 1739/3025/1739 1874/3313/1874 1786/3122/1786
f 1888/3333/1888 1898/3349/1898 1833/3223/1833
f 1899/3350/1899 1801/3156/1801 1887/3332/1887
f 1876/3351/1876 1888/3333/1888 1802/3256/1802
f 1899/3350/1899 1900/3352/1900 1801/3156/1801
f 1803/3158/1803 1901/3353/1901 1874/3313/1874
f 1900/3352/1900 1804/3159/1804 1801/3156/1801
f 1900/3352/1900 1818/3193/1818 1804/3159/1804
f 1900/3352/1900 1878/3318/1878 1818/3193/1818
f 1902/3354/1902 1875/3314/1875 1889/3334/1889
f 1903/3355/1903 1891/3336/1891 1878/3318/1878
f 1894/3342/1894 1838/3237/1838 1904/3356/1904
f 1895/3344/1895 1904/3356/1904 1838/3237/1838
f 1893/3340/1893 1839/3240/1839 1881/3357/1881
f 1905/3358/1905 1840/3246/1840 1841/3247/1841
f 1842/3304/1842 1906/3359/1906 1854/3271/1854
f 1843/3249/1843 1907/3360/1907 1812/3212/1812
f 1813/3181/1813 1908/3361/1908 1789/3130/1789
f 1882/3325/1882 410/547/410 408/545/408
f 1882/3326/1882 1883/3327/1883 410/551/410
f 1874/3313/1874 1901/3353/1901 1909/3362/1909
f 1910/3363/1910 1900/3364/1900 1911/3365/1911
f 1899/3366/1899 1911/3367/1911 1900/3368/1900
f 1912/3369/1912 1899/3370/1899 1913/3371/1913
f 1914/3372/1914 1913/3371/1913 1915/3373/1915
f 1916/3374/1916 1901/3353/1901 1803/3158/1803
f 1911/3365/1911 1899/3375/1899 1912/3376/1912
f 1912/3369/1912 1913/3371/1913 1914/3372/1914
f 1875/3377/1875 1915/3373/1915 1876/3378/1876
f 1917/3379/1917 1912/3369/1912 1914/3372/1914
f 1875/3377/1875 1914/3372/1914 1915/3373/1915
f 1917/3379/1917 1914/3372/1914 1902/3380/1902
f 1902/3380/1902 1914/3372/1914 1875/3377/1875
f 1918/3381/1918 1877/3316/1877 1848/3258/1848
f 1803/3158/1803 1890/3335/1890 1916/3374/1916
f 1919/3382/1919 1877/3316/1877 1918/3381/1918
f 1877/3316/1877 1919/3382/1919 1879/3319/1879
f 1920/3383/1920 1837/3293/1837 1879/3319/1879
f 1893/3340/1893 1921/3384/1921 1880/3321/1880
f 1922/3385/1922 1865/3292/1865 1894/3343/1894
f 1905/3358/1905 1895/3344/1895 1840/3246/1840
f 1923/3386/1923 1905/3358/1905 1841/3247/1841
f 1853/3266/1853 1923/3387/1923 1841/3294/1841
f 1896/3388/1896 1867/3296/1867 1812/3212/1812
f 1868/3303/1868 1896/3345/1896 1924/3389/1924
f 1925/3390/1925 1843/3307/1843 1868/3346/1868
f 1926/3391/1926 1842/3248/1842 1788/3129/1788
f 1927/3392/1927 1788/3129/1788 1870/3308/1870
f 1789/3130/1789 1908/3361/1908 1857/3324/1857
f 1908/3361/1908 1928/3393/1928 1857/3324/1857
f 413/552/413 410/551/410 1883/3327/1883
f 1883/3327/1883 1929/3394/1929 413/552/413
f 1860/3280/1860 1872/3311/1872 1930/3395/1930
f 1931/3396/1931 1832/3255/1832 1884/3397/1884
f 1833/3223/1833 1898/3349/1898 1884/3329/1884
f 1931/3396/1931 1887/3332/1887 1832/3255/1832
f 1887/3398/1887 1931/3399/1931 1899/3370/1899
f 1913/3371/1913 1898/3400/1898 1915/3373/1915
f 1888/3401/1888 1915/3373/1915 1898/3400/1898
f 1899/3370/1899 1931/3399/1931 1913/3371/1913
f 1876/3378/1876 1915/3373/1915 1888/3401/1888
f 1932/3402/1932 1912/3376/1912 1917/3403/1917
f 1932/3402/1932 1911/3365/1911 1912/3376/1912
f 1933/3404/1933 1917/3403/1917 1902/3405/1902
f 1933/3404/1933 1932/3402/1932 1917/3403/1917
f 1933/3406/1933 1902/3354/1902 1889/3334/1889
f 1934/3407/1934 1889/3334/1889 1880/3321/1880
f 1861/3281/1861 1935/3408/1935 1890/3335/1890
f 1936/3409/1936 1863/3338/1863 1862/3282/1862
f 1936/3410/1936 1937/3411/1937 1863/3288/1863
f 1863/3288/1863 1937/3411/1937 1892/3339/1892
f 1861/3281/1861 1850/3322/1850 1938/3412/1938
f 1939/3413/1939 1852/3264/1852 1892/3339/1892
f 1824/3203/1824 1938/3412/1938 1850/3322/1850
f 1824/3203/1824 1854/3271/1854 1938/3412/1938
f 1939/3413/1939 1940/3414/1940 1852/3264/1852
f 1853/3266/1853 1837/3293/1837 1920/3383/1920
f 1866/3295/1866 1941/3415/1941 1869/3305/1869
f 1896/3388/1896 1812/3212/1812 1907/3360/1907
f 1924/3416/1924 1925/3390/1925 1868/3346/1868
f 1928/3417/1928 1907/3360/1907 1843/3249/1843
f 1942/3418/1942 1907/3360/1907 1928/3417/1928
f 1926/3391/1926 1788/3129/1788 1927/3392/1927
f 1857/3275/1857 1928/3419/1928 1943/3420/1943
f 1927/3392/1927 1870/3308/1870 1897/3347/1897
f 1943/3420/1943 1897/3348/1897 1857/3275/1857
f 1897/3348/1897 1943/3420/1943 1944/3421/1944
f 1945/3422/1945 1946/3423/1946 1947/3424/1947
f 1948/3425/1948 1872/3311/1872 1831/3328/1831
f 1948/3426/1948 1831/3220/1831 1949/3427/1949
f 1786/3122/1786 1949/3427/1949 1831/3220/1831
f 1930/3395/1930 1873/3312/1873 1860/3280/1860
f 1786/3122/1786 1874/3313/1874 1949/3427/1949
f 1898/3349/1898 1931/3428/1931 1884/3329/1884
f 1913/3371/1913 1931/3399/1931 1898/3400/1898
f 1950/3429/1950 1951/3430/1951 1910/3431/1910
f 1910/3432/1910 1952/3433/1952 1950/3434/1950
f 1900/3352/1900 1951/3430/1951 1878/3318/1878
f 1900/3364/1900 1910/3363/1910 1951/3435/1951
f 1952/3436/1952 1910/3363/1910 1911/3365/1911
f 1932/3437/1932 1953/3438/1953 1952/3433/1952
f 1952/3436/1952 1911/3365/1911 1932/3402/1932
f 1953/3438/1953 1932/3437/1932 1933/3439/1933
f 1889/3440/1889 1954/3441/1954 1933/3442/1933
f 1935/3408/1935 1955/3443/1955 1890/3335/1890
f 1891/3336/1891 1936/3409/1936 1862/3282/1862
f 1938/3412/1938 1935/3408/1935 1861/3281/1861
f 1922/3444/1922 1894/3342/1894 1904/3356/1904
f 1852/3264/1852 1940/3414/1940 1864/3291/1864
f 1906/3359/1906 1956/3445/1956 1854/3271/1854
f 1941/3415/1941 1813/3306/1813 1869/3305/1869
f 1928/3419/1928 1843/3307/1843 1925/3390/1925
f 1813/3181/1813 1957/3446/1957 1908/3361/1908
f 1926/3447/1926 1927/3448/1927 1958/3449/1958
f 1897/3347/1897 1944/3450/1944 1927/3392/1927
f 1959/3451/1959 1960/3452/1960 1961/3453/1961
f 1962/3454/1962 1927/3448/1927 1944/3455/1944
f 1963/3456/1963 1960/3457/1960 1959/3458/1959
f 1964/3459/1964 1945/3460/1945 1965/3461/1965
f 1966/3462/1966 1963/3463/1963 1967/3464/1967
f 1967/3464/1967 1963/3463/1963 1965/3465/1965
f 1945/3422/1945 1967/3464/1967 1965/3465/1965
f 1945/3422/1945 1947/3424/1947 1967/3464/1967
f 1968/3466/1968 1967/3464/1967 1947/3424/1947
f 1969/3467/1969 1950/3434/1950 1952/3433/1952
f 1952/3433/1952 1953/3438/1953 1970/3468/1970
f 1970/3468/1970 1953/3438/1953 1971/3469/1971
f 1933/3439/1933 1972/3470/1972 1971/3469/1971
f 1953/3438/1953 1933/3439/1933 1971/3469/1971
f 1889/3334/1889 1934/3407/1934 1954/3471/1954
f 1879/3319/1879 1919/3382/1919 1973/3472/1973
f 1921/3384/1921 1934/3407/1934 1880/3321/1880
f 1974/3473/1974 1939/3413/1939 1892/3339/1892
f 1975/3474/1975 1938/3412/1938 1854/3271/1854
f 1854/3271/1854 1956/3445/1956 1975/3474/1975
f 1976/3475/1976 1853/3266/1853 1920/3383/1920
f 1977/3476/1977 1881/3323/1881 1864/3291/1864
f 1893/3340/1893 1881/3357/1881 1978/3477/1978
f 1865/3292/1865 1979/3478/1979 1866/3295/1866
f 1924/3389/1924 1896/3345/1896 1980/3479/1980
f 1926/3480/1926 1906/3359/1906 1842/3304/1842
f 1907/3360/1907 1980/3481/1980 1896/3388/1896
f 1813/3181/1813 1941/3482/1941 1957/3446/1957
f 1981/3483/1981 1928/3419/1928 1925/3390/1925
f 1957/3446/1957 1982/3484/1982 1908/3361/1908
f 1983/3485/1983 1928/3393/1928 1908/3361/1908
f 1983/3486/1983 1942/3418/1942 1928/3417/1928
f 1984/3487/1984 1985/3488/1985 1958/3449/1958
f 1982/3484/1982 1943/3489/1943 1908/3361/1908
f 1943/3490/1943 1983/3491/1983 1908/3492/1908
f 1984/3487/1984 1958/3449/1958 1927/3448/1927
f 1984/3487/1984 1927/3448/1927 1962/3454/1962
f 1944/3455/1944 1986/3493/1986 1962/3454/1962
f 1960/3494/1960 1987/3495/1987 1961/3496/1961
f 1988/3497/1988 1962/3498/1962 1986/3499/1986
f 1989/3500/1989 1987/3501/1987 1990/3502/1990
f 1960/3503/1960 1990/3502/1990 1987/3501/1987
f 1990/3504/1990 1960/3505/1960 1966/3506/1966
f 1966/3507/1966 1960/3508/1960 1963/3509/1963
f 1991/3510/1991 1966/3511/1966 1967/3512/1967
f 1991/3510/1991 1967/3512/1967 1992/3513/1992
f 1968/3514/1968 1992/3515/1992 1967/3516/1967
f 1885/3330/1885 1993/3517/1993 1994/3518/1994
f 1995/3519/1995 1950/3429/1950 1969/3520/1969
f 1970/3468/1970 1969/3467/1969 1952/3433/1952
f 1996/3521/1996 1970/3468/1970 1971/3469/1971
f 1971/3469/1971 1997/3522/1997 1996/3521/1996
f 1997/3522/1997 1971/3469/1971 1972/3470/1972
f 1951/3430/1951 1950/3429/1950 1995/3519/1995
f 1933/3439/1933 1954/3523/1954 1972/3470/1972
f 1951/3430/1951 1903/3355/1903 1878/3318/1878
f 1934/3407/1934 1998/3524/1998 1954/3471/1954
f 1935/3408/1935 1999/3525/1999 1955/3443/1955
f 1937/3411/1937 1974/3473/1974 1892/3339/1892
f 1865/3526/1865 1922/3527/1922 1979/3528/1979
f 2000/3529/2000 2001/3530/2001 1904/3356/1904
f 2000/3529/2000 1904/3356/1904 1895/3344/1895
f 1864/3291/1864 1940/3414/1940 1977/3476/1977
f 2000/3529/2000 1895/3344/1895 1905/3358/1905
f 1977/3476/1977 2002/3531/2002 1881/3323/1881
f 2003/3532/2003 1905/3358/1905 1923/3386/1923
f 2004/3533/2004 1924/3389/1924 1980/3479/1980
f 1907/3360/1907 2005/3534/2005 1980/3481/1980
f 1942/3418/1942 2005/3534/2005 1907/3360/1907
f 2006/3535/2006 1925/3390/1925 1924/3416/1924
f 2007/3536/2007 2008/3537/2008 1958/3538/1958
f 1958/3538/1958 1985/3539/1985 2007/3536/2007
f 1981/3483/1981 1943/3420/1943 1928/3419/1928
f 1983/3540/1983 1943/3420/1943 1981/3483/1981
f 1984/3541/1984 2009/3542/2009 1985/3543/1985
f 1982/3544/1982 1944/3421/1944 1943/3420/1943
f 2010/3545/2010 1984/3541/1984 1962/3498/1962
f 1986/3546/1986 1944/3421/1944 1982/3544/1982
f 2011/3547/2011 2012/3548/2012 1961/3496/1961
f 1961/3549/1961 2012/3550/2012 1959/3551/1959
f 1987/3495/1987 2011/3547/2011 1961/3496/1961
f 1963/3463/1963 1959/3552/1959 1965/3465/1965
f 1965/3461/1965 1959/3551/1959 1964/3459/1964
f 1945/3460/1945 1964/3459/1964 2013/3553/2013
f 2013/3554/2013 1946/3555/1946 1945/3556/1945
f 1946/3555/1946 2014/3557/2014 2015/3558/2015
f 1946/3555/1946 2015/3558/2015 1947/3559/1947
f 2016/3560/2016 1992/3515/1992 1968/3514/1968
f 2015/3561/2015 2016/3562/2016 1968/3563/1968
f 2015/3558/2015 1968/3564/1968 1947/3559/1947
f 1874/3313/1874 2017/3565/2017 1949/3427/1949
f 1970/3468/1970 2018/3566/2018 1969/3467/1969
f 1970/3468/1970 1996/3521/1996 2018/3566/2018
f 1873/3312/1873 2019/3567/2019 1885/3330/1885
f 1885/3330/1885 2019/3567/2019 1993/3517/1993
f 1954/3471/1954 2020/3568/2020 1972/3569/1972
f 2021/3570/2021 1903/3355/1903 1951/3430/1951
f 1890/3335/1890 1955/3443/1955 1916/3374/1916
f 1973/3472/1973 1920/3383/1920 1879/3319/1879
f 1921/3384/1921 1893/3340/1893 1978/3477/1978
f 2001/3530/2001 1922/3444/1922 1904/3356/1904
f 2001/3530/2001 2022/3571/2022 1922/3444/1922
f 1881/3323/1881 2002/3531/2002 2023/3572/2023
f 1978/3477/1978 1881/3357/1881 2023/3573/2023
f 2024/3574/2024 2000/3529/2000 1905/3358/1905
f 2003/3532/2003 2024/3574/2024 1905/3358/1905
f 2025/3575/2025 1866/3295/1866 1979/3478/1979
f 1941/3415/1941 1866/3295/1866 2025/3575/2025
f 1980/3576/1980 2005/3577/2005 2026/3578/2026
f 2004/3579/2004 2006/3535/2006 1924/3416/1924
f 1926/3480/1926 2008/3537/2008 1906/3359/1906
f 2008/3537/2008 1926/3480/1926 1958/3538/1958
f 1957/3446/1957 2027/3580/2027 1982/3484/1982
f 2007/3536/2007 1985/3539/1985 2028/3581/2028
f 2009/3542/2009 2028/3582/2028 1985/3543/1985
f 2010/3545/2010 2009/3542/2009 1984/3541/1984
f 1959/3551/1959 2029/3583/2029 1964/3459/1964
f 1990/3584/1990 1966/3585/1966 2030/3586/2030
f 2030/3587/2030 1966/3511/1966 1991/3510/1991
f 2031/3588/2031 1991/3510/1991 1992/3513/1992
f 2031/3588/2031 1992/3513/1992 2032/3589/2032
f 2013/3554/2013 2014/3557/2014 1946/3555/1946
f 1992/3515/1992 2016/3560/2016 2032/3590/2032
f 1873/3312/1873 1930/3395/1930 2033/3591/2033
f 1874/3313/1874 1909/3362/1909 2017/3565/2017
f 2018/3592/2018 2034/3593/2034 1969/3520/1969
f 2033/3591/2033 2019/3567/2019 1873/3312/1873
f 2034/3593/2034 1995/3519/1995 1969/3520/1969
f 2035/3594/2035 2034/3595/2034 2018/3596/2018
f 2035/3594/2035 2018/3596/2018 1996/3597/1996
f 1997/3598/1997 1972/3599/1972 2036/3600/2036
f 1901/3353/1901 2037/3601/2037 1909/3362/1909
f 2037/3601/2037 1901/3353/1901 1916/3374/1916
f 1916/3374/1916 2038/3602/2038 2037/3601/2037
f 2021/3570/2021 1951/3430/1951 2039/3603/2039
f 2040/3604/2040 1919/3382/1919 1918/3381/1918
f 2041/3605/2041 1920/3383/1920 1973/3472/1973
f 1935/3408/1935 1938/3412/1938 1975/3474/1975
f 1979/3528/1979 1922/3527/1922 2022/3606/2022
f 1853/3266/1853 1976/3475/1976 2042/3607/2042
f 1923/3387/1923 1853/3266/1853 2042/3607/2042
f 1979/3608/1979 2026/3578/2026 2043/3609/2043
f 2044/3610/2044 2043/3611/2043 2005/3612/2005
f 2043/3609/2043 2026/3578/2026 2005/3577/2005
f 2025/3575/2025 2027/3613/2027 1941/3415/1941
f 1941/3482/1941 2027/3580/2027 1957/3446/1957
f 1942/3418/1942 2045/3614/2045 2005/3534/2005
f 2005/3534/2005 2045/3614/2045 2046/3615/2046
f 1942/3418/1942 1983/3486/1983 2045/3614/2045
f 1981/3483/1981 2045/3616/2045 1983/3540/1983
f 1981/3483/1981 1925/3390/1925 2006/3535/2006
f 2012/3548/2012 2011/3547/2011 2047/3617/2047
f 1989/3618/1989 2048/3619/2048 1987/3495/1987
f 1991/3510/1991 2031/3588/2031 2030/3587/2030
f 2049/3620/2049 1989/3500/1989 1990/3502/1990
f 2050/3621/2050 2015/3558/2015 2014/3557/2014
f 1948/3425/1948 2051/3622/2051 1930/3395/1930
f 1948/3425/1948 1930/3395/1930 1872/3311/1872
f 1949/3427/1949 2051/3623/2051 1948/3426/1948
f 2017/3565/2017 2051/3623/2051 1949/3427/1949
f 1997/3598/1997 2035/3594/2035 1996/3597/1996
f 2037/3601/2037 2052/3624/2052 1909/3362/1909
f 2039/3603/2039 1951/3430/1951 1995/3519/1995
f 1998/3524/1998 2020/3568/2020 1954/3471/1954
f 2053/3625/2053 2040/3604/2040 1918/3381/1918
f 1955/3443/1955 2038/3602/2038 1916/3374/1916
f 1976/3475/1976 1920/3383/1920 2041/3605/2041
f 1936/3410/1936 2054/3626/2054 1937/3411/1937
f 2054/3626/2054 1974/3473/1974 1937/3411/1937
f 2001/3530/2001 2055/3627/2055 2022/3571/2022
f 1940/3414/1940 2056/3628/2056 1977/3476/1977
f 2057/3629/2057 2001/3530/2001 2000/3529/2000
f 2057/3629/2057 2000/3529/2000 2024/3574/2024
f 2058/3630/2058 2024/3574/2024 2003/3532/2003
f 2026/3631/2026 2059/3632/2059 1980/3479/1980
f 2004/3533/2004 1980/3479/1980 2059/3632/2059
f 1979/3608/1979 2043/3609/2043 2025/3633/2025
f 2008/3634/2008 2060/3635/2060 1906/3636/1906
f 2060/3635/2060 2008/3634/2008 2007/3637/2007
f 2025/3633/2025 2043/3609/2043 2044/3638/2044
f 2061/3639/2061 2006/3535/2006 2004/3579/2004
f 2046/3640/2046 2044/3610/2044 2005/3612/2005
f 2044/3638/2044 2027/3641/2027 2025/3633/2025
f 2007/3642/2007 2062/3643/2062 2060/3644/2060
f 2027/3645/2027 2044/3646/2044 2063/3647/2063
f 2027/3580/2027 2064/3648/2064 1982/3484/1982
f 1982/3544/1982 2065/3649/2065 1986/3546/1986
f 2012/3550/2012 2047/3650/2047 2066/3651/2066
f 2012/3550/2012 2066/3651/2066 1959/3551/1959
f 1988/3497/1988 2010/3545/2010 1962/3498/1962
f 2048/3619/2048 2011/3547/2011 1987/3495/1987
f 2067/3652/2067 2013/3553/2013 1964/3459/1964
f 2017/3565/2017 2068/3653/2068 2051/3623/2051
f 2036/3600/2036 1972/3599/1972 2020/3654/2020
f 1903/3355/1903 2069/3655/2069 1891/3336/1891
f 2069/3655/2069 1936/3409/1936 1891/3336/1891
f 1955/3443/1955 1999/3525/1999 2070/3656/2070
f 1975/3474/1975 1999/3525/1999 1935/3408/1935
f 2071/3657/2071 2054/3626/2054 1936/3410/1936
f 1974/3473/1974 2072/3658/2072 1939/3413/1939
f 1939/3413/1939 2072/3658/2072 1940/3414/1940
f 2072/3658/2072 2056/3628/2056 1940/3414/1940
f 1906/3359/1906 2073/3659/2073 1956/3445/1956
f 1978/3477/1978 2023/3573/2023 2074/3660/2074
f 2075/3661/2075 2026/3631/2026 1979/3528/1979
f 2059/3662/2059 2024/3663/2024 2058/3664/2058
f 2003/3532/2003 2076/3665/2076 2058/3630/2058
f 2042/3666/2042 2003/3532/2003 1923/3386/1923
f 1906/3636/1906 2060/3635/2060 2077/3667/2077
f 2060/3668/2060 2078/3669/2078 2077/3670/2077
f 2044/3671/2044 2046/3672/2046 2063/3673/2063
f 2062/3674/2062 2078/3669/2078 2060/3668/2060
f 2028/3675/2028 2062/3643/2062 2007/3642/2007
f 2006/3535/2006 2079/3676/2079 1981/3483/1981
f 2079/3677/2079 2045/3678/2045 1981/3679/1981
f 2063/3647/2063 2064/3680/2064 2027/3645/2027
f 2064/3648/2064 2079/3681/2079 1982/3484/1982
f 1982/3544/1982 2079/3676/2079 2065/3649/2065
f 2048/3619/2048 2047/3617/2047 2011/3547/2011
f 2029/3583/2029 2067/3652/2067 1964/3459/1964
f 2030/3586/2030 2049/3682/2049 1990/3584/1990
f 2016/3560/2016 2080/3683/2080 2032/3590/2032
f 2080/3684/2080 2016/3562/2016 2015/3561/2015
f 2081/3685/2081 1930/3395/1930 2051/3622/2051
f 2033/3591/2033 1930/3395/1930 2081/3685/2081
f 2051/3623/2051 2068/3653/2068 2081/3686/2081
f 2081/3685/2081 2082/3687/2082 2033/3591/2033
f 2017/3565/2017 2083/3688/2083 2068/3653/2068
f 2084/3689/2084 2085/3690/2085 2034/3595/2034
f 1909/3362/1909 2083/3688/2083 2017/3565/2017
f 2034/3595/2034 2035/3594/2035 2084/3689/2084
f 2052/3624/2052 2083/3688/2083 1909/3362/1909
f 2086/3691/2086 2035/3594/2035 1997/3598/1997
f 2036/3600/2036 2086/3691/2086 1997/3598/1997
f 2087/3692/2087 2020/3568/2020 1998/3524/1998
f 2054/3626/2054 2072/3658/2072 1974/3473/1974
f 1921/3384/1921 1978/3477/1978 2088/3693/2088
f 2022/3606/2022 2055/3694/2055 1979/3528/1979
f 2089/3695/2089 2042/3607/2042 1976/3475/1976
f 2026/3631/2026 2090/3696/2090 2059/3632/2059
f 2024/3697/2024 2059/3698/2059 2091/3699/2091
f 2091/3700/2091 2059/3632/2059 2090/3696/2090
f 2058/3701/2058 2004/3533/2004 2059/3632/2059
f 2003/3532/2003 2092/3702/2092 2076/3665/2076
f 2093/3703/2093 2092/3702/2092 2003/3532/2003
f 2003/3704/2003 2042/3607/2042 2093/3705/2093
f 2094/3706/2094 2006/3535/2006 2061/3639/2061
f 2095/3707/2095 2006/3535/2006 2094/3706/2094
f 2095/3707/2095 2079/3676/2079 2006/3535/2006
f 2063/3673/2063 2046/3672/2046 2079/3708/2079
f 2063/3673/2063 2079/3708/2079 2064/3709/2064
f 2079/3710/2079 2046/3615/2046 2045/3614/2045
f 2096/3711/2096 1986/3546/1986 2065/3649/2065
f 2029/3583/2029 1959/3551/1959 2066/3651/2066
f 2097/3712/2097 2010/3545/2010 1988/3497/1988
f 1988/3713/1988 2096/3711/2096 2097/3714/2097
f 1988/3713/1988 1986/3546/1986 2096/3711/2096
f 2098/3715/2098 2031/3588/2031 2032/3589/2032
f 2080/3716/2080 2098/3715/2098 2032/3589/2032
f 2015/3558/2015 2050/3621/2050 2080/3717/2080
f 2083/3688/2083 2099/3718/2099 2068/3653/2068
f 2034/3593/2034 2100/3719/2100 1995/3519/1995
f 2019/3567/2019 2101/3720/2101 1993/3517/1993
f 2100/3719/2100 2039/3603/2039 1995/3519/1995
f 2040/3604/2040 1973/3472/1973 1919/3382/1919
f 2069/3655/2069 1903/3355/1903 2021/3570/2021
f 2088/3693/2088 2102/3721/2102 1921/3384/1921
f 2057/3629/2057 2055/3627/2055 2001/3530/2001
f 2056/3628/2056 2103/3722/2103 1977/3476/1977
f 2104/3723/2104 2103/3722/2103 2056/3628/2056
f 2075/3661/2075 1979/3528/1979 2055/3694/2055
f 2024/3574/2024 2105/3724/2105 2057/3629/2057
f 2024/3574/2024 2091/3725/2091 2105/3724/2105
f 2075/3661/2075 2090/3696/2090 2026/3631/2026
f 2090/3726/2090 2058/3727/2058 2091/3728/2091
f 2042/3607/2042 2089/3695/2089 2093/3705/2093
f 2106/3729/2106 1906/3730/1906 2077/3731/2077
f 1906/3359/1906 2106/3732/2106 2073/3659/2073
f 2058/3701/2058 2090/3696/2090 2107/3733/2107
f 2061/3639/2061 2058/3734/2058 2107/3735/2107
f 2004/3579/2004 2058/3734/2058 2061/3639/2061
f 2047/3650/2047 2108/3736/2108 2066/3651/2066
f 2047/3617/2047 2048/3619/2048 2109/3737/2109
f 2097/3712/2097 2110/3738/2110 2010/3545/2010
f 2111/3739/2111 2049/3682/2049 2030/3586/2030
f 2029/3583/2029 2112/3740/2112 2067/3652/2067
f 2098/3715/2098 2113/3741/2113 2031/3588/2031
f 2099/3718/2099 2081/3686/2081 2068/3653/2068
f 2114/3742/2114 2099/3718/2099 2083/3688/2083
f 2085/3743/2085 2100/3719/2100 2034/3593/2034
f 2115/3744/2115 2083/3688/2083 2052/3624/2052
f 2116/3745/2116 2101/3720/2101 2019/3567/2019
f 2086/3691/2086 2036/3600/2036 2020/3654/2020
f 2052/3624/2052 2037/3601/2037 2117/3746/2117
f 2037/3601/2037 2118/3747/2118 2117/3746/2117
f 2037/3601/2037 2038/3602/2038 2118/3747/2118
f 2069/3655/2069 2071/3748/2071 1936/3409/1936
f 2119/3749/2119 2072/3658/2072 2054/3626/2054
f 2073/3659/2073 1999/3525/1999 1975/3474/1975
f 2119/3749/2119 2120/3750/2120 2072/3658/2072
f 2072/3658/2072 2120/3750/2120 2056/3628/2056
f 2073/3659/2073 1975/3474/1975 1956/3445/1956
f 2103/3722/2103 2002/3531/2002 1977/3476/1977
f 2075/3661/2075 2121/3751/2121 2090/3696/2090
f 2122/3752/2122 2105/3724/2105 2091/3725/2091
f 2091/3728/2091 2058/3727/2058 2123/3753/2123
f 2124/3754/2124 2002/3531/2002 2103/3722/2103
f 2124/3754/2124 2023/3572/2023 2002/3531/2002
f 2121/3751/2121 2107/3733/2107 2090/3696/2090
f 2091/3755/2091 2107/3756/2107 2122/3757/2122
f 2061/3758/2061 2107/3756/2107 2091/3755/2091
f 2123/3759/2123 2061/3760/2061 2091/3761/2091
f 2123/3762/2123 2094/3763/2094 2061/3764/2061
f 2078/3669/2078 2062/3674/2062 2125/3765/2125
f 2028/3675/2028 2125/3766/2125 2062/3643/2062
f 2028/3675/2028 2126/3767/2126 2125/3766/2125
f 2009/3768/2009 2126/3769/2126 2028/3581/2028
f 2009/3768/2009 2127/3770/2127 2126/3769/2126
f 2095/3707/2095 2065/3649/2065 2079/3676/2079
f 1989/3500/1989 2049/3620/2049 2048/3771/2048
f 2113/3741/2113 2030/3587/2030 2031/3588/2031
f 2128/3772/2128 2067/3652/2067 2112/3740/2112
f 2067/3652/2067 2129/3773/2129 2013/3553/2013
f 2014/3557/2014 2013/3554/2013 2129/3774/2129
f 2129/3774/2129 2050/3621/2050 2014/3557/2014
f 2130/3775/2130 2098/3715/2098 2080/3716/2080
f 2130/3776/2130 2080/3717/2080 2050/3621/2050
f 2033/3591/2033 2116/3745/2116 2019/3567/2019
f 2115/3744/2115 2114/3742/2114 2083/3688/2083
f 2052/3624/2052 2131/3777/2131 2115/3744/2115
f 1999/3525/1999 2073/3659/2073 2132/3778/2132
f 2133/3779/2133 1976/3475/1976 2041/3605/2041
f 2054/3626/2054 2071/3657/2071 2134/3780/2134
f 2134/3780/2134 2119/3749/2119 2054/3626/2054
f 2057/3781/2057 2075/3782/2075 2055/3783/2055
f 2105/3724/2105 2121/3784/2121 2057/3629/2057
f 2121/3785/2121 2075/3782/2075 2057/3781/2057
f 2121/3784/2121 2105/3724/2105 2122/3752/2122
f 2058/3786/2058 2076/3787/2076 2123/3788/2123
f 2122/3757/2122 2107/3756/2107 2135/3789/2135
f 2107/3790/2107 2123/3791/2123 2135/3792/2135
f 2076/3787/2076 2135/3793/2135 2123/3788/2123
f 2077/3670/2077 2136/3794/2136 2106/3795/2106
f 2121/3751/2121 2137/3796/2137 2107/3733/2107
f 2107/3733/2107 2137/3796/2137 2123/3762/2123
f 2078/3669/2078 2136/3794/2136 2077/3670/2077
f 2138/3797/2138 2095/3707/2095 2094/3706/2094
f 2125/3765/2125 2136/3794/2136 2078/3669/2078
f 2136/3798/2136 2125/3799/2125 2139/3800/2139
f 2139/3801/2139 2125/3766/2125 2126/3767/2126
f 2010/3545/2010 2127/3802/2127 2009/3542/2009
f 2109/3737/2109 2108/3803/2108 2047/3617/2047
f 2066/3651/2066 2108/3736/2108 2029/3583/2029
f 2030/3587/2030 2113/3741/2113 2111/3804/2111
f 2129/3773/2129 2067/3652/2067 2128/3772/2128
f 2086/3691/2086 2084/3689/2084 2035/3594/2035
f 2100/3719/2100 2140/3805/2140 2039/3603/2039
f 2020/3568/2020 2087/3692/2087 2141/3806/2141
f 2070/3656/2070 2038/3602/2038 1955/3443/1955
f 1934/3407/1934 2142/3807/2142 1998/3524/1998
f 2142/3807/2142 1934/3407/1934 2102/3721/2102
f 2143/3808/2143 1973/3472/1973 2040/3604/2040
f 1921/3384/1921 2102/3721/2102 1934/3407/1934
f 2143/3808/2143 2041/3605/2041 1973/3472/1973
f 2144/3809/2144 2041/3605/2041 2143/3808/2143
f 2088/3693/2088 2145/3810/2145 2102/3721/2102
f 1976/3475/1976 2133/3779/2133 2089/3695/2089
f 2074/3660/2074 2088/3693/2088 1978/3477/1978
f 2121/3784/2121 2122/3752/2122 2135/3811/2135
f 2023/3573/2023 2146/3812/2146 2074/3660/2074
f 2124/3754/2124 2146/3813/2146 2023/3572/2023
f 2136/3798/2136 2147/3814/2147 2106/3815/2106
f 2121/3816/2121 2135/3817/2135 2137/3818/2137
f 2123/3762/2123 2137/3796/2137 2148/3819/2148
f 2094/3763/2094 2123/3762/2123 2148/3819/2148
f 2136/3798/2136 2139/3800/2139 2147/3814/2147
f 2149/3820/2149 2065/3649/2065 2095/3707/2095
f 2010/3545/2010 2110/3738/2110 2127/3802/2127
f 2150/3821/2150 2048/3771/2048 2049/3620/2049
f 2085/3743/2085 2151/3822/2151 2100/3719/2100
f 2021/3570/2021 2039/3603/2039 2140/3805/2140
f 2070/3656/2070 2152/3823/2152 2038/3602/2038
f 2134/3780/2134 2120/3750/2120 2119/3749/2119
f 2120/3750/2120 2104/3723/2104 2056/3628/2056
f 2074/3660/2074 2153/3824/2153 2088/3693/2088
f 2074/3660/2074 2154/3825/2154 2153/3824/2153
f 2135/3817/2135 2155/3826/2155 2137/3818/2137
f 2156/3827/2156 2135/3811/2135 2076/3665/2076
f 2092/3702/2092 2156/3827/2156 2076/3665/2076
f 2137/3796/2137 2157/3828/2157 2148/3819/2148
f 2158/3829/2158 2157/3828/2157 2137/3796/2137
f 2126/3769/2126 2159/3830/2159 2139/3831/2139
f 2127/3770/2127 2159/3830/2159 2126/3769/2126
f 2149/3820/2149 2096/3711/2096 2065/3649/2065
f 2160/3832/2160 2050/3833/2050 2129/3834/2129
f 2160/3835/2160 2130/3776/2130 2050/3621/2050
f 2161/3836/2161 2098/3715/2098 2130/3775/2130
f 2099/3837/2099 2082/3687/2082 2081/3685/2081
f 2114/3742/2114 2162/3838/2162 2099/3718/2099
f 2086/3691/2086 2020/3654/2020 2163/3839/2163
f 2131/3777/2131 2052/3624/2052 2117/3746/2117
f 2164/3840/2164 2021/3570/2021 2140/3805/2140
f 2152/3823/2152 2118/3747/2118 2038/3602/2038
f 1998/3524/1998 2165/3841/2165 2087/3692/2087
f 2164/3840/2164 2166/3842/2166 2021/3570/2021
f 2143/3808/2143 2040/3604/2040 2167/3843/2167
f 1999/3525/1999 2132/3778/2132 2070/3656/2070
f 2144/3809/2144 2133/3779/2133 2041/3605/2041
f 2168/3844/2168 2104/3723/2104 2120/3750/2120
f 2073/3659/2073 2106/3732/2106 2169/3845/2169
f 2170/3846/2170 2103/3722/2103 2104/3723/2104
f 2147/3847/2147 2169/3845/2169 2106/3732/2106
f 2156/3827/2156 2155/3848/2155 2135/3811/2135
f 2093/3703/2093 2171/3849/2171 2092/3702/2092
f 2137/3818/2137 2155/3826/2155 2158/3850/2158
f 2148/3819/2148 2172/3851/2172 2094/3763/2094
f 2138/3797/2138 2094/3706/2094 2172/3852/2172
f 2158/3829/2158 2173/3853/2173 2157/3828/2157
f 2095/3707/2095 2138/3797/2138 2174/3854/2174
f 2108/3736/2108 2175/3855/2175 2029/3583/2029
f 2029/3583/2029 2175/3855/2175 2112/3740/2112
f 2150/3856/2150 2109/3737/2109 2048/3619/2048
f 2175/3855/2175 2128/3772/2128 2112/3740/2112
f 2049/3682/2049 2111/3739/2111 2150/3857/2150
f 2176/3858/2176 2098/3715/2098 2161/3836/2161
f 2130/3776/2130 2160/3835/2160 2161/3859/2161
f 2082/3687/2082 2177/3860/2177 2116/3745/2116
f 2116/3745/2116 2033/3591/2033 2082/3687/2082
f 2178/3861/2178 2117/3746/2117 2118/3747/2118
f 2070/3656/2070 2179/3862/2179 2152/3823/2152
f 2166/3842/2166 2069/3655/2069 2021/3570/2021
f 2167/3843/2167 2180/3863/2180 2143/3808/2143
f 2134/3780/2134 2168/3844/2168 2120/3750/2120
f 2088/3693/2088 2153/3824/2153 2145/3810/2145
f 2170/3846/2170 2181/3864/2181 2103/3722/2103
f 2182/3865/2182 2093/3705/2093 2089/3695/2089
f 2074/3660/2074 2146/3812/2146 2154/3825/2154
f 2183/3866/2183 2124/3754/2124 2103/3722/2103
f 2146/3813/2146 2124/3754/2124 2183/3866/2183
f 2171/3867/2171 2093/3705/2093 2182/3865/2182
f 2155/3868/2155 2156/3869/2156 2172/3870/2172
f 2184/3871/2184 2156/3827/2156 2092/3702/2092
f 2171/3872/2171 2184/3873/2184 2092/3874/2092
f 2157/3875/2157 2172/3876/2172 2148/3877/2148
f 2095/3707/2095 2174/3854/2174 2149/3820/2149
f 2109/3737/2109 2185/3878/2185 2108/3803/2108
f 2185/3879/2185 2175/3855/2175 2108/3736/2108
f 2186/3880/2186 2111/3804/2111 2113/3741/2113
f 2187/3881/2187 2186/3880/2186 2113/3741/2113
f 2187/3881/2187 2113/3741/2113 2098/3715/2098
f 2187/3881/2187 2098/3715/2098 2176/3858/2176
f 2162/3882/2162 2082/3687/2082 2099/3837/2099
f 2188/3883/2188 2189/3884/2189 2101/3720/2101
f 2151/3822/2151 2140/3805/2140 2100/3719/2100
f 2190/3885/2190 2140/3805/2140 2151/3822/2151
f 2141/3806/2141 2087/3692/2087 2165/3841/2165
f 2164/3886/2164 2118/3887/2118 2152/3888/2152
f 2164/3889/2164 2152/3890/2152 2166/3891/2166
f 2165/3841/2165 1998/3524/1998 2191/3892/2191
f 2191/3892/2191 1998/3524/1998 2142/3807/2142
f 2144/3893/2144 2102/3894/2102 2180/3895/2180
f 2143/3896/2143 2102/3897/2102 2144/3898/2144
f 2102/3897/2102 2143/3896/2143 2142/3899/2142
f 2073/3659/2073 2192/3900/2192 2132/3778/2132
f 2134/3780/2134 2071/3657/2071 2193/3901/2193
f 2169/3845/2169 2192/3900/2192 2073/3659/2073
f 2183/3866/2183 2103/3722/2103 2181/3864/2181
f 2147/3847/2147 2194/3902/2194 2169/3845/2169
f 2195/3903/2195 2155/3904/2155 2172/3905/2172
f 2172/3852/2172 2156/3906/2156 2196/3907/2196
f 2196/3908/2196 2156/3827/2156 2184/3871/2184
f 2147/3847/2147 2197/3909/2197 2194/3902/2194
f 2157/3875/2157 2195/3910/2195 2172/3876/2172
f 2138/3797/2138 2172/3852/2172 2196/3907/2196
f 2139/3831/2139 2197/3909/2197 2147/3847/2147
f 2174/3854/2174 2138/3797/2138 2198/3911/2198
f 2159/3830/2159 2197/3909/2197 2139/3831/2139
f 2199/3912/2199 2200/3913/2200 2127/3802/2127
f 2199/3912/2199 2127/3802/2127 2110/3738/2110
f 2110/3738/2110 2097/3712/2097 2201/3914/2201
f 2186/3880/2186 2150/3915/2150 2111/3804/2111
f 2202/3916/2202 2161/3859/2161 2160/3835/2160
f 2203/3917/2203 2202/3916/2202 2160/3835/2160
f 2177/3860/2177 2204/3918/2204 2116/3745/2116
f 2115/3744/2115 2162/3838/2162 2114/3742/2114
f 2116/3745/2116 2188/3883/2188 2101/3720/2101
f 2086/3691/2086 2205/3919/2205 2084/3689/2084
f 2205/3919/2205 2086/3691/2086 2163/3839/2163
f 2141/3920/2141 2163/3839/2163 2020/3654/2020
f 2178/3921/2178 2190/3922/2190 2117/3923/2117
f 2178/3924/2178 2140/3925/2140 2190/3926/2190
f 2118/3747/2118 2206/3927/2206 2178/3861/2178
f 2178/3928/2178 2164/3840/2164 2140/3805/2140
f 2207/3929/2207 2164/3840/2164 2178/3928/2178
f 2164/3930/2164 2206/3931/2206 2118/3932/2118
f 2206/3927/2206 2152/3823/2152 2179/3862/2179
f 2206/3931/2206 2164/3930/2164 2207/3933/2207
f 2152/3934/2152 2206/3935/2206 2207/3936/2207
f 2166/3937/2166 2152/3938/2152 2207/3939/2207
f 2070/3656/2070 2132/3778/2132 2179/3862/2179
f 2142/3807/2142 2208/3940/2208 2191/3892/2191
f 2145/3810/2145 2208/3940/2208 2102/3721/2102
f 2142/3941/2142 2143/3942/2143 2180/3943/2180
f 2208/3944/2208 2142/3941/2142 2180/3943/2180
f 2102/3945/2102 2208/3946/2208 2180/3947/2180
f 2209/3948/2209 2071/3748/2071 2069/3655/2069
f 2144/3809/2144 2210/3949/2210 2133/3779/2133
f 2180/3863/2180 2210/3949/2210 2144/3809/2144
f 2134/3780/2134 2193/3901/2193 2168/3844/2168
f 2089/3695/2089 2133/3779/2133 2182/3865/2182
f 2169/3845/2169 2211/3950/2211 2192/3900/2192
f 2168/3844/2168 2170/3846/2170 2104/3723/2104
f 2212/3951/2212 2158/3850/2158 2155/3826/2155
f 2195/3903/2195 2212/3952/2212 2155/3904/2155
f 2173/3953/2173 2158/3850/2158 2212/3951/2212
f 2157/3875/2157 2173/3954/2173 2195/3910/2195
f 2159/3830/2159 2127/3770/2127 2200/3955/2200
f 2199/3912/2199 2110/3738/2110 2201/3914/2201
f 2213/3956/2213 2201/3914/2201 2097/3712/2097
f 2097/3714/2097 2096/3711/2096 2213/3957/2213
f 2214/3958/2214 2187/3881/2187 2176/3858/2176
f 2162/3882/2162 2177/3860/2177 2082/3687/2082
f 2151/3822/2151 2085/3743/2085 2215/3959/2215
f 2215/3960/2215 2085/3690/2085 2084/3689/2084
f 2084/3689/2084 2205/3919/2205 2215/3960/2215
f 2204/3918/2204 2188/3883/2188 2116/3745/2116
f 2117/3746/2117 2216/3961/2216 2131/3777/2131
f 2217/3962/2217 2163/3839/2163 2141/3920/2141
f 2117/3963/2117 2190/3964/2190 2216/3965/2216
f 2207/3966/2207 2216/3967/2216 2190/3968/2190
f 2178/3928/2178 2216/3969/2216 2207/3929/2207
f 2217/3962/2217 2141/3920/2141 2165/3970/2165
f 2206/3927/2206 2216/3961/2216 2178/3861/2178
f 2218/3971/2218 2165/3841/2165 2191/3892/2191
f 2219/3972/2219 2220/3973/2220 2208/3974/2208
f 2221/3975/2221 2180/3863/2180 2167/3843/2167
f 2222/3976/2222 2166/3977/2166 2207/3978/2207
f 2222/3976/2222 2223/3979/2223 2166/3977/2166
f 2192/3900/2192 2179/3862/2179 2132/3778/2132
f 2223/3979/2223 2222/3976/2222 2224/3980/2224
f 2224/3980/2224 2222/3976/2222 2220/3973/2220
f 2145/3981/2145 2219/3972/2219 2208/3974/2208
f 2166/3842/2166 2209/3948/2209 2069/3655/2069
f 2166/3977/2166 2223/3979/2223 2209/3982/2209
f 2224/3980/2224 2220/3973/2220 2219/3972/2219
f 2225/3983/2225 2223/3979/2223 2224/3980/2224
f 2219/3972/2219 2145/3981/2145 2153/3984/2153
f 2224/3980/2224 2226/3985/2226 2225/3983/2225
f 2226/3985/2226 2224/3980/2224 2219/3972/2219
f 2226/3986/2226 2219/3987/2219 2227/3988/2227
f 2227/3988/2227 2219/3987/2219 2153/3989/2153
f 2210/3949/2210 2182/3865/2182 2133/3779/2133
f 2228/3990/2228 2229/3991/2229 2168/3844/2168
f 2168/3844/2168 2229/3991/2229 2170/3846/2170
f 2154/3825/2154 2146/3812/2146 2230/3992/2230
f 2182/3865/2182 2231/3993/2231 2171/3867/2171
f 2194/3902/2194 2211/3950/2211 2169/3845/2169
f 2181/3864/2181 2232/3994/2232 2183/3866/2183
f 2233/3995/2233 2212/3996/2212 2195/3997/2195
f 2234/3998/2234 2196/3908/2196 2184/3871/2184
f 2235/3999/2235 2173/4000/2173 2212/3996/2212
f 2236/4001/2236 2195/3910/2195 2173/3954/2173
f 2237/4002/2237 2234/3998/2234 2184/3871/2184
f 2237/4003/2237 2184/3873/2184 2171/3872/2171
f 2173/4004/2173 2235/4005/2235 2236/4006/2236
f 2198/3911/2198 2138/3797/2138 2196/3907/2196
f 2109/3737/2109 2238/4007/2238 2185/3878/2185
f 2239/4008/2239 2213/3957/2213 2096/3711/2096
f 2150/3915/2150 2238/4009/2238 2109/4010/2109
f 2175/3855/2175 2240/4011/2240 2128/3772/2128
f 2203/4012/2203 2160/3832/2160 2129/3834/2129
f 2202/4013/2202 2176/3858/2176 2161/3836/2161
f 2115/3744/2115 2131/3777/2131 2162/3838/2162
f 2215/4014/2215 2241/4015/2241 2151/4016/2151
f 2242/4017/2242 2215/3960/2215 2205/3919/2205
f 2242/4017/2242 2205/3919/2205 2243/4018/2243
f 2241/4019/2241 2244/4020/2244 2151/4021/2151
f 2163/3839/2163 2243/4018/2243 2205/3919/2205
f 2244/4022/2244 2190/4023/2190 2151/4016/2151
f 2245/4024/2245 2243/4018/2243 2163/3839/2163
f 2163/3839/2163 2217/3962/2217 2245/4024/2245
f 2220/3973/2220 2244/4022/2244 2241/4015/2241
f 2244/4022/2244 2207/3978/2207 2190/4023/2190
f 2165/4025/2165 2218/4026/2218 2217/4027/2217
f 2207/3978/2207 2244/4022/2244 2222/3976/2222
f 2208/3974/2208 2220/3973/2220 2245/4028/2245
f 2222/3976/2222 2244/4022/2244 2220/3973/2220
f 2218/4026/2218 2245/4028/2245 2217/4027/2217
f 2208/3974/2208 2245/4028/2245 2218/4026/2218
f 2208/3940/2208 2218/3971/2218 2191/3892/2191
f 2246/4029/2246 2209/4030/2209 2223/4031/2223
f 2246/4029/2246 2223/4031/2223 2225/4032/2225
f 2247/4033/2247 2071/3748/2071 2209/3948/2209
f 2247/4033/2247 2193/4034/2193 2071/3748/2071
f 2227/4035/2227 2153/4036/2153 2230/4037/2230
f 2153/3824/2153 2154/3825/2154 2230/3992/2230
f 2233/4038/2233 2170/3846/2170 2229/3991/2229
f 2233/4039/2233 2248/4040/2248 2170/4041/2170
f 2248/4042/2248 2181/3864/2181 2170/3846/2170
f 2248/4042/2248 2249/4043/2249 2181/3864/2181
f 2183/4044/2183 2230/3992/2230 2146/3812/2146
f 2232/4045/2232 2230/3992/2230 2183/4044/2183
f 2232/4046/2232 2250/4047/2250 2251/4048/2251
f 2181/3864/2181 2250/4049/2250 2232/3994/2232
f 2233/4050/2233 2234/4051/2234 2252/4052/2252
f 2229/4053/2229 2235/3999/2235 2212/3996/2212
f 2229/4053/2229 2212/3996/2212 2233/3995/2233
f 2234/4054/2234 2233/3995/2233 2195/3997/2195
f 2236/4055/2236 2234/4054/2234 2195/3997/2195
f 2236/4056/2236 2196/4057/2196 2234/4058/2234
f 2237/4059/2237 2171/4060/2171 2253/4061/2253
f 2253/4062/2253 2171/3867/2171 2254/4063/2254
f 2196/4064/2196 2236/4065/2236 2198/4066/2198
f 2239/4008/2239 2096/3711/2096 2149/3820/2149
f 2255/4067/2255 2185/3879/2185 2256/4068/2256
f 2238/4007/2238 2256/4069/2256 2185/3878/2185
f 2185/3879/2185 2257/4070/2257 2175/3855/2175
f 2257/4070/2257 2240/4011/2240 2175/3855/2175
f 2258/4071/2258 2238/4009/2238 2259/4072/2259
f 2259/4072/2259 2238/4009/2238 2150/3915/2150
f 2128/3772/2128 2240/4011/2240 2260/4073/2260
f 2128/3772/2128 2260/4073/2260 2129/3773/2129
f 2129/4074/2129 2260/4075/2260 2213/4076/2213
f 2203/3917/2203 2129/3774/2129 2213/3957/2213
f 2239/4008/2239 2203/3917/2203 2213/3957/2213
f 2261/4077/2261 2186/3880/2186 2187/3881/2187
f 2214/3958/2214 2261/4077/2261 2187/3881/2187
f 2262/4078/2262 2214/3958/2214 2176/3858/2176
f 2176/3858/2176 2202/4013/2202 2262/4078/2262
f 2215/4014/2215 2242/4079/2242 2241/4015/2241
f 2241/4015/2241 2242/4079/2242 2263/4080/2263
f 2243/4081/2243 2263/4080/2263 2242/4079/2242
f 2263/4080/2263 2243/4081/2243 2245/4028/2245
f 2241/4015/2241 2263/4080/2263 2220/3973/2220
f 2220/3973/2220 2263/4080/2263 2245/4028/2245
f 2192/3900/2192 2264/4082/2264 2179/3862/2179
f 2180/3863/2180 2265/4083/2265 2210/3949/2210
f 2180/3863/2180 2221/3975/2221 2265/4083/2265
f 2266/4084/2266 2264/4082/2264 2192/3900/2192
f 2209/4085/2209 2246/4086/2246 2267/4087/2267
f 2268/4088/2268 2210/3949/2210 2265/4083/2265
f 2193/4034/2193 2247/4033/2247 2269/4089/2269
f 2270/4090/2270 2271/4091/2271 2227/4092/2227
f 2272/4093/2272 2266/4094/2266 2192/4095/2192
f 2230/4096/2230 2270/4090/2270 2227/4092/2227
f 2272/4093/2272 2192/4095/2192 2211/4097/2211
f 2228/3990/2228 2168/3844/2168 2193/3901/2193
f 2210/3949/2210 2231/3993/2231 2182/3865/2182
f 2268/4088/2268 2231/3993/2231 2210/3949/2210
f 2229/4053/2229 2228/4098/2228 2235/3999/2235
f 2248/4099/2248 2233/4050/2233 2252/4052/2252
f 2249/4100/2249 2252/4101/2252 2250/4102/2250
f 2181/3864/2181 2249/4043/2249 2250/4049/2250
f 2231/3993/2231 2254/4063/2254 2171/3867/2171
f 2250/4102/2250 2252/4101/2252 2234/4103/2234
f 2251/4104/2251 2250/4105/2250 2234/3998/2234
f 2237/4002/2237 2251/4104/2251 2234/3998/2234
f 2237/4106/2237 2198/4107/2198 2251/4108/2251
f 2273/4109/2273 2198/4107/2198 2237/4106/2237
f 2273/4109/2273 2237/4106/2237 2253/4110/2253
f 2274/4111/2274 2174/3854/2174 2198/3911/2198
f 2274/4112/2274 2198/4107/2198 2273/4109/2273
f 2159/3830/2159 2200/3955/2200 2197/3909/2197
f 2149/3820/2149 2174/3854/2174 2274/4111/2274
f 2200/3913/2200 2199/3912/2199 2255/4113/2255
f 2260/4075/2260 2201/4114/2201 2213/4076/2213
f 2275/4115/2275 2259/4072/2259 2150/3915/2150
f 2275/4115/2275 2150/3915/2150 2186/3880/2186
f 2275/4115/2275 2186/3880/2186 2261/4077/2261
f 2276/4116/2276 2202/3916/2202 2203/3917/2203
f 2131/3777/2131 2277/4117/2277 2162/3838/2162
f 2162/4118/2162 2277/4119/2277 2177/4120/2177
f 2177/4120/2177 2277/4119/2277 2204/4121/2204
f 2131/4122/2131 2278/4123/2278 2277/4124/2277
f 2279/4125/2279 2204/4121/2204 2280/4126/2280
f 2204/4121/2204 2279/4125/2279 2188/4127/2188
f 2131/3777/2131 2216/3961/2216 2278/4128/2278
f 2279/4125/2279 2189/4129/2189 2188/4127/2188
f 2189/4129/2189 2279/4125/2279 2281/4130/2281
f 2282/4131/2282 2216/3961/2216 2206/3927/2206
f 2179/3862/2179 2264/4082/2264 2206/3927/2206
f 2206/3927/2206 2264/4082/2264 2282/4131/2282
f 2265/4083/2265 2221/3975/2221 2283/4132/2283
f 2209/4085/2209 2267/4087/2267 2284/4133/2284
f 2285/4134/2285 2271/4091/2271 2286/4135/2286
f 2271/4091/2271 2270/4090/2270 2286/4135/2286
f 2287/4136/2287 2246/4029/2246 2225/4032/2225
f 2287/4136/2287 2225/4032/2225 2226/4137/2226
f 2269/4138/2269 2288/4139/2288 2193/3901/2193
f 2230/3992/2230 2289/4140/2289 2270/4141/2270
f 2193/3901/2193 2288/4139/2288 2228/3990/2228
f 2290/4142/2290 2249/4143/2249 2248/4144/2248
f 2232/4045/2232 2289/4140/2289 2230/3992/2230
f 2291/4145/2291 2272/4146/2272 2292/4147/2292
f 2292/4148/2292 2272/4093/2272 2194/4149/2194
f 2211/4097/2211 2194/4149/2194 2272/4093/2272
f 2235/4150/2235 2228/4151/2228 2293/4152/2293
f 2248/4144/2248 2293/4152/2293 2290/4142/2290
f 2252/4153/2252 2293/4152/2293 2248/4144/2248
f 2252/4153/2252 2251/4108/2251 2293/4152/2293
f 2293/4152/2293 2236/4154/2236 2235/4150/2235
f 2198/4107/2198 2236/4154/2236 2293/4152/2293
f 2293/4152/2293 2251/4108/2251 2198/4107/2198
f 2253/4062/2253 2294/4155/2294 2273/4156/2273
f 2295/4157/2295 2274/4158/2274 2273/4159/2273
f 2295/4157/2295 2273/4159/2273 2294/4160/2294
f 2255/4113/2255 2199/3912/2199 2296/4161/2296
f 2256/4068/2256 2297/4162/2297 2255/4067/2255
f 2201/3914/2201 2298/4163/2298 2199/3912/2199
f 2280/4126/2280 2204/4121/2204 2277/4119/2277
f 2299/4164/2299 2278/4128/2278 2216/3961/2216
f 2279/4165/2279 2300/4166/2300 2281/4167/2281
f 2285/4134/2285 2301/4168/2301 2302/4169/2302
f 2303/4170/2303 2304/4171/2304 2305/4172/2305
f 2301/4168/2301 2286/4135/2286 2306/4173/2306
f 2301/4168/2301 2285/4134/2285 2286/4135/2286
f 2306/4173/2306 2286/4135/2286 2307/4174/2307
f 2303/4170/2303 2284/4133/2284 2304/4171/2304
f 2284/4133/2284 2267/4087/2267 2304/4171/2304
f 2286/4135/2286 2308/4175/2308 2307/4174/2307
f 2303/4176/2303 2309/4177/2309 2284/4178/2284
f 2309/4177/2309 2209/3948/2209 2284/4178/2284
f 2309/4177/2309 2247/4033/2247 2209/3948/2209
f 2227/4092/2227 2271/4091/2271 2310/4179/2310
f 2310/4180/2310 2311/4181/2311 2227/4182/2227
f 2270/4090/2270 2308/4175/2308 2286/4135/2286
f 2226/3986/2226 2227/3988/2227 2311/4183/2311
f 2270/4141/2270 2289/4140/2289 2308/4184/2308
f 2266/4084/2266 2272/4146/2272 2312/4185/2312
f 2272/4146/2272 2291/4145/2291 2312/4185/2312
f 2228/4151/2228 2290/4142/2290 2293/4152/2293
f 2252/4153/2252 2249/4143/2249 2313/4186/2313
f 2313/4186/2313 2251/4108/2251 2252/4153/2252
f 2232/4187/2232 2251/4108/2251 2313/4186/2313
f 2289/4140/2289 2232/4045/2232 2313/4188/2313
f 2314/4189/2314 2292/4190/2292 2194/4191/2194
f 2194/3902/2194 2197/3909/2197 2314/4192/2314
f 2315/4193/2315 2149/3820/2149 2274/4111/2274
f 2200/3955/2200 2297/4194/2297 2316/4195/2316
f 2200/3955/2200 2255/4196/2255 2297/4194/2297
f 2315/4193/2315 2239/4008/2239 2149/3820/2149
f 2185/3879/2185 2255/4067/2255 2296/4197/2296
f 2256/4068/2256 2317/4198/2317 2297/4162/2297
f 2296/4197/2296 2257/4070/2257 2185/3879/2185
f 2317/4199/2317 2256/4069/2256 2238/4007/2238
f 2238/4007/2238 2258/4200/2258 2317/4199/2317
f 2259/4072/2259 2318/4201/2318 2258/4071/2258
f 2318/4201/2318 2259/4072/2259 2275/4115/2275
f 2262/4202/2262 2202/3916/2202 2276/4116/2276
f 2319/4203/2319 2280/4204/2280 2277/4124/2277
f 2320/4205/2320 2321/4206/2321 2305/4207/2305
f 2322/4208/2322 2323/4209/2323 2279/4165/2279
f 2279/4165/2279 2323/4209/2323 2300/4166/2300
f 2299/4164/2299 2216/3961/2216 2282/4131/2282
f 2302/4169/2302 2320/4210/2320 2305/4211/2305
f 2324/4212/2324 2305/4172/2305 2304/4171/2304
f 2305/4213/2305 2324/4214/2324 2302/4215/2302
f 2303/4176/2303 2305/4207/2305 2321/4206/2321
f 2310/4216/2310 2285/4217/2285 2302/4218/2302
f 2303/4176/2303 2321/4206/2321 2309/4177/2309
f 2267/4219/2267 2325/4220/2325 2304/4221/2304
f 2271/4222/2271 2285/4223/2285 2310/4224/2310
f 2267/4225/2267 2246/4029/2246 2287/4136/2287
f 2326/4226/2326 2327/4227/2327 2308/4184/2308
f 2289/4140/2289 2326/4226/2326 2308/4184/2308
f 2328/4228/2328 2287/4136/2287 2226/4137/2226
f 2329/4229/2329 2326/4226/2326 2289/4140/2289
f 2330/4230/2330 2228/3990/2228 2288/4139/2288
f 2330/4230/2330 2290/4231/2290 2228/3990/2228
f 2313/4188/2313 2329/4229/2329 2289/4140/2289
f 2331/4232/2331 2290/4231/2290 2330/4230/2330
f 2200/3955/2200 2332/4233/2332 2197/3909/2197
f 2200/3955/2200 2316/4195/2316 2332/4233/2332
f 2333/4234/2333 2274/4158/2274 2295/4157/2295
f 2316/4195/2316 2297/4194/2297 2334/4235/2334
f 2298/4163/2298 2296/4161/2296 2199/3912/2199
f 2296/4197/2296 2335/4236/2335 2257/4070/2257
f 2336/4237/2336 2317/4238/2317 2258/4239/2258
f 2201/4240/2201 2337/4241/2337 2338/4242/2338
f 2201/4243/2201 2260/4244/2260 2337/4245/2337
f 2257/4070/2257 2337/4246/2337 2240/4011/2240
f 2260/4073/2260 2240/4011/2240 2337/4246/2337
f 2203/3917/2203 2239/4008/2239 2339/4247/2339
f 2339/4247/2339 2276/4116/2276 2203/3917/2203
f 2262/4078/2262 2276/4248/2276 2214/3958/2214
f 2340/4249/2340 2278/4250/2278 2341/4251/2341
f 2278/4123/2278 2340/4252/2340 2277/4124/2277
f 2340/4252/2340 2319/4203/2319 2277/4124/2277
f 2280/4204/2280 2319/4203/2319 2279/4165/2279
f 2322/4208/2322 2279/4165/2279 2319/4203/2319
f 2301/4253/2301 2342/4254/2342 2320/4255/2320
f 2300/4256/2300 2343/4257/2343 2344/4258/2344
f 2320/4210/2320 2302/4169/2302 2301/4168/2301
f 2301/4168/2301 2322/4259/2322 2342/4260/2342
f 2322/4259/2322 2301/4168/2301 2306/4173/2306
f 2323/4261/2323 2343/4262/2343 2300/4263/2300
f 2322/4259/2322 2306/4173/2306 2323/4264/2323
f 2306/4173/2306 2307/4174/2307 2323/4264/2323
f 2324/4265/2324 2304/4266/2304 2345/4267/2345
f 2324/4268/2324 2310/4269/2310 2302/4270/2302
f 2325/4220/2325 2345/4271/2345 2304/4221/2304
f 2327/4227/2327 2307/4272/2307 2308/4184/2308
f 2325/4220/2325 2267/4219/2267 2346/4273/2346
f 2287/4136/2287 2346/4274/2346 2267/4225/2267
f 2346/4274/2346 2287/4136/2287 2328/4228/2328
f 2347/4275/2347 2268/4088/2268 2265/4083/2265
f 2311/4276/2311 2328/4277/2328 2226/4278/2226
f 2231/3993/2231 2268/4088/2268 2347/4275/2347
f 2290/4231/2290 2331/4232/2331 2249/4043/2249
f 2331/4232/2331 2348/4279/2348 2249/4043/2249
f 2249/4143/2249 2348/4280/2348 2313/4186/2313
f 2347/4275/2347 2254/4063/2254 2231/3993/2231
f 2253/4062/2253 2254/4063/2254 2349/4281/2349
f 2333/4282/2333 2315/4193/2315 2274/4111/2274
f 2297/4162/2297 2317/4198/2317 2334/4283/2334
f 2201/3914/2201 2338/4284/2338 2298/4163/2298
f 2335/4236/2335 2337/4246/2337 2257/4070/2257
f 2336/4285/2336 2258/4071/2258 2318/4201/2318
f 2275/4115/2275 2350/4286/2350 2318/4201/2318
f 2351/4287/2351 2261/4077/2261 2214/3958/2214
f 2276/4248/2276 2351/4287/2351 2214/3958/2214
f 2352/4288/2352 2340/4249/2340 2341/4251/2341
f 2353/4289/2353 2352/4288/2352 2354/4290/2354
f 2352/4288/2352 2355/4291/2355 2354/4290/2354
f 2353/4289/2353 2340/4249/2340 2352/4288/2352
f 2319/4203/2319 2340/4252/2340 2353/4292/2353
f 2354/4290/2354 2355/4291/2355 2356/4293/2356
f 2357/4294/2357 2341/4295/2341 2278/4128/2278
f 2353/4296/2353 2354/4297/2354 2358/4298/2358
f 2278/4128/2278 2299/4164/2299 2357/4294/2357
f 2353/4299/2353 2342/4300/2342 2319/4301/2319
f 2354/4290/2354 2356/4293/2356 2359/4302/2359
f 2360/4303/2360 2321/4206/2321 2320/4205/2320
f 2360/4303/2360 2361/4304/2361 2321/4206/2321
f 2320/4305/2320 2342/4306/2342 2360/4307/2360
f 2342/4260/2342 2322/4259/2322 2319/4308/2319
f 2358/4309/2358 2354/4290/2354 2343/4310/2343
f 2343/4310/2343 2354/4290/2354 2344/4311/2344
f 2344/4311/2344 2354/4290/2354 2359/4302/2359
f 2361/4304/2361 2362/4312/2362 2321/4206/2321
f 2323/4261/2323 2363/4313/2363 2343/4262/2343
f 2307/4272/2307 2363/4313/2363 2323/4261/2323
f 2362/4312/2362 2309/4177/2309 2321/4206/2321
f 2324/4265/2324 2345/4267/2345 2364/4314/2364
f 2364/4314/2364 2310/4315/2310 2324/4265/2324
f 2264/4082/2264 2365/4316/2365 2282/4131/2282
f 2325/4317/2325 2346/4318/2346 2366/4319/2366
f 2367/4320/2367 2310/4315/2310 2364/4314/2364
f 2247/4033/2247 2309/4177/2309 2366/4321/2366
f 2366/4321/2366 2269/4089/2269 2247/4033/2247
f 2269/4322/2269 2366/4319/2366 2368/4323/2368
f 2311/4324/2311 2310/4325/2310 2367/4326/2367
f 2365/4316/2365 2266/4084/2266 2312/4185/2312
f 2269/4322/2269 2368/4323/2368 2288/4327/2288
f 2369/4328/2369 2368/4323/2368 2346/4318/2346
f 2328/4329/2328 2369/4328/2369 2346/4318/2346
f 2311/4276/2311 2367/4330/2367 2328/4277/2328
f 2330/4331/2330 2288/4327/2288 2368/4323/2368
f 2368/4323/2368 2369/4328/2369 2330/4331/2330
f 2348/4332/2348 2369/4333/2369 2328/4334/2328
f 2348/4280/2348 2328/4335/2328 2367/4336/2367
f 2348/4280/2348 2367/4336/2367 2329/4337/2329
f 2331/4338/2331 2330/4331/2330 2369/4328/2369
f 2331/4338/2331 2369/4328/2369 2348/4339/2348
f 2348/4280/2348 2329/4337/2329 2313/4186/2313
f 2349/4281/2349 2254/4063/2254 2347/4275/2347
f 2292/4147/2292 2370/4340/2370 2291/4145/2291
f 2314/4192/2314 2197/3909/2197 2332/4233/2332
f 2371/4341/2371 2294/4155/2294 2253/4062/2253
f 2315/4193/2315 2339/4247/2339 2239/4008/2239
f 2336/4342/2336 2334/4343/2334 2317/4344/2317
f 2296/4345/2296 2298/4346/2298 2335/4347/2335
f 2338/4348/2338 2335/4347/2335 2298/4346/2298
f 2337/4349/2337 2335/4347/2335 2338/4348/2338
f 2350/4286/2350 2336/4285/2336 2318/4201/2318
f 2275/4115/2275 2261/4077/2261 2350/4286/2350
f 2372/4350/2372 2352/4351/2352 2341/4352/2341
f 2355/4291/2355 2352/4288/2352 2372/4353/2372
f 2373/4354/2373 2359/4355/2359 2356/4356/2356
f 2374/4357/2374 2375/4358/2375 2360/4307/2360
f 2353/4296/2353 2376/4359/2376 2374/4360/2374
f 2373/4354/2373 2377/4361/2377 2359/4355/2359
f 2374/4357/2374 2360/4307/2360 2342/4306/2342
f 2374/4357/2374 2342/4306/2342 2353/4362/2353
f 2358/4298/2358 2376/4359/2376 2353/4296/2353
f 2378/4363/2378 2358/4298/2358 2343/4364/2343
f 2343/4262/2343 2363/4313/2363 2378/4365/2378
f 2307/4272/2307 2327/4227/2327 2363/4313/2363
f 2379/4366/2379 2345/4367/2345 2380/4368/2380
f 2379/4366/2379 2364/4369/2364 2345/4367/2345
f 2380/4368/2380 2345/4367/2345 2325/4370/2325
f 2366/4371/2366 2380/4372/2380 2325/4373/2325
f 2266/4084/2266 2365/4316/2365 2264/4082/2264
f 2309/4374/2309 2381/4375/2381 2366/4376/2366
f 2346/4318/2346 2368/4323/2368 2366/4319/2366
f 2367/4336/2367 2326/4377/2326 2329/4337/2329
f 2370/4340/2370 2312/4185/2312 2291/4145/2291
f 2382/4378/2382 2383/4379/2383 2333/4282/2333
f 2383/4379/2383 2315/4193/2315 2333/4282/2333
f 2384/4380/2384 2382/4381/2382 2333/4234/2333
f 2384/4380/2384 2333/4234/2333 2295/4157/2295
f 2384/4380/2384 2295/4157/2295 2294/4160/2294
f 2385/4382/2385 2315/4193/2315 2383/4379/2383
f 2385/4382/2385 2339/4247/2339 2315/4193/2315
f 2385/4382/2385 2386/4383/2386 2339/4247/2339
f 2350/4286/2350 2261/4077/2261 2351/4287/2351
f 2387/4384/2387 2350/4286/2350 2351/4287/2351
f 2339/4247/2339 2386/4383/2386 2276/4116/2276
f 2276/4248/2276 2387/4384/2387 2351/4287/2351
f 2276/4116/2276 2386/4383/2386 2387/4385/2387
f 2378/4363/2378 2376/4359/2376 2358/4298/2358
f 2388/4386/2388 2299/4164/2299 2282/4131/2282
f 2365/4316/2365 2388/4386/2388 2282/4131/2282
f 2379/4366/2379 2389/4387/2389 2364/4369/2364
f 2389/4387/2389 2390/4388/2390 2391/4389/2391
f 2309/4177/2309 2362/4312/2362 2392/4390/2392
f 2389/4387/2389 2391/4389/2391 2364/4369/2364
f 2391/4389/2391 2367/4336/2367 2364/4369/2364
f 2392/4390/2392 2381/4391/2381 2309/4177/2309
f 2391/4389/2391 2326/4377/2326 2367/4336/2367
f 2393/4392/2393 2370/4340/2370 2292/4147/2292
f 2314/4189/2314 2393/4393/2393 2292/4190/2292
f 2371/4341/2371 2253/4062/2253 2349/4281/2349
f 2394/4394/2394 2395/4395/2395 2396/4396/2396
f 2395/4397/2395 2385/4398/2385 2397/4399/2397
f 2398/4400/2398 2395/4395/2395 2394/4394/2394
f 2395/4395/2395 2398/4400/2398 2385/4401/2385
f 2334/4343/2334 2336/4342/2336 2399/4402/2399
f 2336/4285/2336 2350/4286/2350 2399/4403/2399
f 2386/4404/2386 2385/4401/2385 2398/4400/2398
f 2356/4356/2356 2355/4405/2355 2373/4354/2373
f 2400/4406/2400 2375/4407/2375 2374/4360/2374
f 2400/4406/2400 2374/4360/2374 2376/4359/2376
f 2373/4354/2373 2401/4408/2401 2377/4361/2377
f 2375/4409/2375 2361/4304/2361 2360/4303/2360
f 2379/4410/2379 2390/4411/2390 2389/4412/2389
f 2380/4372/2380 2402/4413/2402 2379/4414/2379
f 2391/4389/2391 2390/4388/2390 2403/4415/2403
f 2366/4371/2366 2404/4416/2404 2380/4372/2380
f 2405/4417/2405 2327/4227/2327 2326/4226/2326
f 2406/4418/2406 2326/4419/2326 2391/4420/2391
f 2312/4185/2312 2407/4421/2407 2365/4316/2365
f 2370/4340/2370 2407/4421/2407 2312/4185/2312
f 2349/4281/2349 2347/4275/2347 2408/4422/2408
f 2393/4393/2393 2314/4189/2314 2409/4423/2409
f 2384/4424/2384 2294/4155/2294 2371/4341/2371
f 2334/4425/2334 2410/4426/2410 2316/4427/2316
f 2316/4427/2316 2410/4426/2410 2396/4396/2396
f 2383/4379/2383 2411/4428/2411 2385/4382/2385
f 2410/4426/2410 2394/4394/2394 2396/4396/2396
f 2397/4399/2397 2396/4429/2396 2395/4397/2395
f 2410/4426/2410 2334/4425/2334 2399/4430/2399
f 2410/4426/2410 2399/4430/2399 2412/4431/2412
f 2410/4432/2410 2412/4433/2412 2394/4434/2394
f 2412/4433/2412 2398/4435/2398 2394/4434/2394
f 2350/4286/2350 2412/4436/2412 2399/4403/2399
f 2412/4436/2412 2350/4286/2350 2387/4384/2387
f 2387/4437/2387 2386/4404/2386 2398/4400/2398
f 2299/4164/2299 2413/4438/2413 2357/4294/2357
f 2414/4439/2414 2401/4408/2401 2373/4354/2373
f 2392/4390/2392 2362/4312/2362 2415/4440/2415
f 2327/4227/2327 2405/4417/2405 2363/4313/2363
f 2391/4441/2391 2403/4442/2403 2416/4443/2416
f 2381/4375/2381 2404/4444/2404 2366/4376/2366
f 2417/4445/2417 2404/4446/2404 2381/4447/2381
f 2391/4448/2391 2416/4449/2416 2406/4450/2406
f 2406/4451/2406 2405/4417/2405 2326/4226/2326
f 2314/4192/2314 2418/4452/2418 2409/4453/2409
f 2418/4452/2418 2314/4192/2314 2332/4233/2332
f 2382/4378/2382 2419/4454/2419 2383/4379/2383
f 2420/4455/2420 2421/4456/2421 2382/4457/2382
f 2420/4458/2420 2384/4424/2384 2371/4341/2371
f 2316/4195/2316 2418/4452/2418 2332/4233/2332
f 2419/4454/2419 2411/4428/2411 2383/4379/2383
f 2384/4459/2384 2420/4455/2420 2382/4457/2382
f 2316/4460/2316 2422/4461/2422 2418/4462/2418
f 2396/4429/2396 2422/4463/2422 2316/4464/2316
f 2423/4465/2423 2422/4463/2422 2396/4429/2396
f 2423/4465/2423 2396/4429/2396 2397/4399/2397
f 2397/4399/2397 2385/4398/2385 2411/4466/2411
f 2412/4431/2412 2387/4437/2387 2398/4400/2398
f 2424/4467/2424 2341/4295/2341 2357/4294/2357
f 2341/4352/2341 2424/4468/2424 2372/4350/2372
f 2299/4164/2299 2388/4386/2388 2425/4469/2425
f 2379/4410/2379 2426/4470/2426 2390/4411/2390
f 2390/4411/2390 2426/4470/2426 2403/4471/2403
f 2427/4472/2427 2388/4386/2388 2365/4316/2365
f 2404/4416/2404 2402/4413/2402 2380/4372/2380
f 2428/4473/2428 2381/4391/2381 2392/4390/2392
f 2381/4474/2381 2428/4475/2428 2417/4476/2417
f 2406/4451/2406 2429/4477/2429 2405/4417/2405
f 2370/4340/2370 2430/4478/2430 2407/4421/2407
f 2370/4340/2370 2393/4392/2393 2430/4478/2430
f 2430/4479/2430 2409/4480/2409 2431/4481/2431
f 2409/4480/2409 2430/4479/2430 2393/4482/2393
f 2432/4483/2432 2349/4281/2349 2408/4422/2408
f 2433/4484/2433 2434/4485/2434 2421/4456/2421
f 2371/4341/2371 2349/4281/2349 2432/4483/2432
f 2420/4455/2420 2433/4484/2433 2421/4456/2421
f 2421/4486/2421 2435/4487/2435 2382/4378/2382
f 2419/4454/2419 2382/4378/2382 2435/4487/2435
f 2422/4463/2422 2423/4465/2423 2436/4488/2436
f 2437/4489/2437 2397/4399/2397 2411/4466/2411
f 2372/4350/2372 2438/4490/2438 2355/4405/2355
f 2373/4354/2373 2355/4405/2355 2438/4490/2438
f 2413/4438/2413 2424/4467/2424 2357/4294/2357
f 2376/4359/2376 2378/4363/2378 2439/4491/2439
f 2362/4312/2362 2361/4304/2361 2440/4492/2440
f 2440/4492/2440 2415/4440/2415 2362/4312/2362
f 2388/4386/2388 2427/4472/2427 2441/4493/2441
f 2403/4471/2403 2426/4470/2426 2442/4494/2442
f 2404/4416/2404 2443/4495/2443 2402/4413/2402
f 2416/4443/2416 2403/4442/2403 2442/4496/2442
f 2444/4497/2444 2445/4498/2445 2283/4132/2283
f 2445/4498/2445 2265/4083/2265 2283/4132/2283
f 2445/4498/2445 2347/4275/2347 2265/4083/2265
f 2407/4421/2407 2427/4472/2427 2365/4316/2365
f 2347/4275/2347 2445/4498/2445 2446/4499/2446
f 2447/4500/2447 2404/4446/2404 2417/4445/2417
f 2448/4501/2448 2417/4445/2417 2428/4502/2428
f 2416/4503/2416 2449/4504/2449 2450/4505/2450
f 2450/4505/2450 2406/4506/2406 2416/4503/2416
f 2417/4445/2417 2448/4501/2448 2447/4500/2447
f 2448/4501/2448 2428/4502/2428 2451/4507/2451
f 2447/4500/2447 2448/4501/2448 2452/4508/2452
f 2449/4504/2449 2453/4509/2453 2450/4505/2450
f 2451/4510/2451 2454/4511/2454 2431/4481/2431
f 2451/4512/2451 2431/4513/2431 2448/4514/2448
f 2455/4515/2455 2452/4508/2452 2456/4516/2456
f 2431/4517/2431 2457/4518/2457 2448/4501/2448
f 2448/4501/2448 2456/4516/2456 2452/4508/2452
f 2448/4501/2448 2457/4518/2457 2456/4516/2456
f 2456/4516/2456 2434/4485/2434 2455/4515/2455
f 2434/4485/2434 2449/4504/2449 2455/4515/2455
f 2434/4485/2434 2453/4509/2453 2449/4504/2449
f 2456/4516/2456 2458/4519/2458 2434/4485/2434
f 2454/4511/2454 2430/4479/2430 2431/4481/2431
f 2431/4520/2431 2409/4453/2409 2459/4521/2459
f 2431/4522/2431 2459/4523/2459 2457/4524/2457
f 2434/4485/2434 2433/4484/2433 2453/4509/2453
f 2418/4452/2418 2459/4521/2459 2409/4453/2409
f 2421/4456/2421 2434/4485/2434 2458/4519/2458
f 2418/4452/2418 2460/4525/2460 2459/4521/2459
f 2458/4526/2458 2461/4527/2461 2421/4528/2421
f 2453/4509/2453 2433/4484/2433 2462/4529/2462
f 2433/4484/2433 2420/4455/2420 2462/4529/2462
f 2462/4529/2462 2371/4530/2371 2432/4531/2432
f 2461/4532/2461 2435/4487/2435 2421/4486/2421
f 2462/4529/2462 2420/4455/2420 2371/4530/2371
f 2418/4452/2418 2463/4533/2463 2460/4525/2460
f 2436/4488/2436 2418/4534/2418 2422/4463/2422
f 2463/4535/2463 2418/4534/2418 2436/4488/2436
f 2437/4489/2437 2423/4465/2423 2397/4399/2397
f 2411/4466/2411 2464/4536/2464 2437/4489/2437
f 2400/4406/2400 2465/4537/2465 2375/4407/2375
f 2466/4538/2466 2376/4359/2376 2439/4491/2439
f 2467/4539/2467 2439/4491/2439 2378/4363/2378
f 2388/4386/2388 2441/4493/2441 2468/4540/2468
f 2402/4541/2402 2469/4542/2469 2379/4410/2379
f 2469/4542/2469 2426/4470/2426 2379/4410/2379
f 2469/4543/2469 2402/4413/2402 2470/4544/2470
f 2363/4313/2363 2405/4417/2405 2471/4545/2471
f 2415/4440/2415 2472/4546/2472 2392/4390/2392
f 2443/4495/2443 2470/4544/2470 2402/4413/2402
f 2447/4547/2447 2443/4495/2443 2404/4416/2404
f 2416/4443/2416 2473/4548/2473 2449/4549/2449
f 2474/4550/2474 2447/4551/2447 2452/4552/2452
f 2475/4553/2475 2347/4275/2347 2446/4499/2446
f 2455/4554/2455 2474/4555/2474 2452/4556/2452
f 2450/4557/2450 2476/4558/2476 2406/4451/2406
f 2477/4559/2477 2407/4560/2407 2454/4561/2454
f 2453/4562/2453 2476/4558/2476 2450/4557/2450
f 2475/4553/2475 2408/4422/2408 2347/4275/2347
f 2407/4563/2407 2430/4479/2430 2454/4511/2454
f 2459/4523/2459 2478/4564/2478 2457/4524/2457
f 2456/4565/2456 2479/4566/2479 2458/4526/2458
f 2432/4483/2432 2408/4422/2408 2480/4567/2480
f 2460/4525/2460 2481/4568/2481 2459/4521/2459
f 2458/4526/2458 2479/4566/2479 2482/4569/2482
f 2476/4558/2476 2453/4562/2453 2462/4570/2462
f 2458/4526/2458 2482/4569/2482 2461/4527/2461
f 2483/4571/2483 2435/4487/2435 2461/4532/2461
f 2484/4572/2484 2463/4573/2463 2485/4574/2485
f 2419/4454/2419 2435/4487/2435 2483/4571/2483
f 2486/4575/2486 2419/4576/2419 2483/4577/2483
f 2483/4577/2483 2487/4578/2487 2486/4575/2486
f 2436/4579/2436 2488/4580/2488 2485/4574/2485
f 2436/4579/2436 2485/4574/2485 2463/4573/2463
f 2486/4581/2486 2411/4428/2411 2419/4454/2419
f 2488/4580/2488 2436/4579/2436 2489/4582/2489
f 2486/4581/2486 2464/4583/2464 2411/4428/2411
f 2490/4584/2490 2489/4582/2489 2436/4579/2436
f 2490/4584/2490 2436/4579/2436 2423/4585/2423
f 2490/4584/2490 2423/4585/2423 2437/4586/2437
f 2437/4586/2437 2464/4587/2464 2491/4588/2491
f 2492/4589/2492 2424/4467/2424 2413/4438/2413
f 2493/4590/2493 2465/4537/2465 2400/4406/2400
f 2494/4591/2494 2414/4439/2414 2373/4354/2373
f 2425/4469/2425 2413/4438/2413 2299/4164/2299
f 2400/4406/2400 2376/4359/2376 2466/4538/2466
f 2378/4365/2378 2363/4313/2363 2467/4592/2467
f 2363/4313/2363 2471/4545/2471 2467/4592/2467
f 2495/4593/2495 2473/4548/2473 2416/4443/2416
f 2392/4390/2392 2472/4546/2472 2428/4473/2428
f 2451/4594/2451 2428/4473/2428 2472/4546/2472
f 2447/4547/2447 2496/4595/2496 2443/4495/2443
f 2496/4596/2496 2447/4597/2447 2474/4555/2474
f 2497/4598/2497 2407/4560/2407 2477/4559/2477
f 2406/4451/2406 2476/4558/2476 2429/4477/2429
f 2454/4599/2454 2498/4600/2498 2477/4601/2477
f 2498/4602/2498 2454/4603/2454 2451/4604/2451
f 2457/4524/2457 2478/4564/2478 2456/4565/2456
f 2478/4564/2478 2479/4566/2479 2456/4565/2456
f 2478/4564/2478 2459/4523/2459 2481/4605/2481
f 2476/4558/2476 2462/4570/2462 2499/4606/2499
f 2460/4607/2460 2484/4572/2484 2481/4608/2481
f 2463/4573/2463 2484/4572/2484 2460/4607/2460
f 2500/4609/2500 2483/4577/2483 2461/4610/2461
f 2501/4611/2501 2500/4609/2500 2502/4612/2502
f 2483/4577/2483 2500/4609/2500 2501/4611/2501
f 2487/4578/2487 2483/4577/2483 2501/4611/2501
f 2437/4586/2437 2491/4588/2491 2490/4584/2490
f 2494/4591/2494 2373/4354/2373 2438/4490/2438
f 2503/4613/2503 2413/4438/2413 2425/4469/2425
f 2361/4304/2361 2375/4409/2375 2465/4614/2465
f 2442/4496/2442 2495/4593/2495 2416/4443/2416
f 2405/4417/2405 2429/4477/2429 2471/4545/2471
f 2407/4421/2407 2497/4615/2497 2427/4472/2427
f 2498/4616/2498 2451/4617/2451 2504/4618/2504
f 2455/4554/2455 2496/4596/2496 2474/4555/2474
f 2484/4572/2484 2505/4619/2505 2481/4608/2481
f 2506/4620/2506 2461/4527/2461 2482/4569/2482
f 2507/4621/2507 2462/4622/2462 2432/4623/2432
f 2507/4624/2507 2432/4483/2432 2480/4567/2480
f 2506/4620/2506 2500/4625/2500 2461/4527/2461
f 2508/4626/2508 2501/4627/2501 2502/4628/2502
f 2488/4629/2488 2489/4630/2489 2509/4631/2509
f 2510/4632/2510 2486/4581/2486 2487/4633/2487
f 2486/4581/2486 2510/4632/2510 2464/4583/2464
f 2492/4634/2492 2511/4635/2511 2424/4468/2424
f 2424/4468/2424 2438/4490/2438 2372/4350/2372
f 2492/4634/2492 2413/4636/2413 2503/4637/2503
f 2466/4538/2466 2493/4590/2493 2400/4406/2400
f 2388/4386/2388 2468/4540/2468 2425/4469/2425
f 2512/4638/2512 2451/4594/2451 2472/4546/2472
f 2446/4499/2446 2445/4498/2445 2513/4639/2513
f 2504/4640/2504 2451/4594/2451 2512/4638/2512
f 2499/4606/2499 2462/4570/2462 2507/4641/2507
f 2500/4625/2500 2506/4620/2506 2502/4642/2502
f 2508/4626/2508 2487/4633/2487 2501/4627/2501
f 2514/4643/2514 2485/4644/2485 2488/4645/2488
f 2515/4646/2515 2489/4630/2489 2490/4647/2490
f 2515/4646/2515 2490/4647/2490 2491/4648/2491
f 2441/4493/2441 2516/4649/2516 2468/4540/2468
f 2469/4542/2469 2517/4650/2517 2426/4470/2426
f 2517/4650/2517 2518/4651/2518 2426/4470/2426
f 2426/4470/2426 2518/4651/2518 2442/4494/2442
f 2519/4652/2519 2513/4639/2513 2445/4498/2445
f 2443/4653/2443 2496/4596/2496 2520/4654/2520
f 2449/4549/2449 2473/4548/2473 2521/4655/2521
f 2449/4656/2449 2521/4657/2521 2455/4658/2455
f 2478/4564/2478 2481/4605/2481 2522/4659/2522
f 2484/4660/2484 2523/4661/2523 2505/4662/2505
f 2485/4644/2485 2523/4661/2523 2484/4660/2484
f 2510/4632/2510 2487/4633/2487 2508/4626/2508
f 2515/4646/2515 2509/4631/2509 2489/4630/2489
f 2511/4635/2511 2438/4490/2438 2424/4468/2424
f 2524/4663/2524 2493/4590/2493 2466/4538/2466
f 2401/4408/2401 2414/4439/2414 2525/4664/2525
f 2439/4491/2439 2467/4539/2467 2526/4665/2526
f 2440/4492/2440 2527/4666/2527 2415/4440/2415
f 2528/4667/2528 2469/4543/2469 2470/4544/2470
f 2526/4668/2526 2467/4592/2467 2471/4545/2471
f 2442/4496/2442 2529/4669/2529 2495/4593/2495
f 2455/4670/2455 2521/4655/2521 2530/4671/2530
f 2531/4672/2531 2532/4673/2532 2505/4674/2505
f 2481/4605/2481 2505/4674/2505 2532/4673/2532
f 2522/4659/2522 2481/4605/2481 2532/4673/2532
f 2507/4624/2507 2480/4567/2480 2533/4675/2533
f 2485/4644/2485 2514/4643/2514 2523/4661/2523
f 2534/4676/2534 2510/4632/2510 2508/4626/2508
f 2509/4631/2509 2514/4677/2514 2488/4629/2488
f 2535/4678/2535 2536/4679/2536 2537/4680/2537
f 2538/4681/2538 2537/4682/2537 2536/4683/2536
f 2539/4684/2539 2540/4685/2540 2537/4686/2537
f 2541/4687/2541 2537/4682/2537 2538/4681/2538
f 2537/4686/2537 2541/4688/2541 2542/4689/2542
f 2537/4686/2537 2542/4689/2542 2539/4684/2539
f 2542/4690/2542 2541/4687/2541 2543/4691/2543
f 2491/4692/2491 2464/4583/2464 2510/4632/2510
f 2544/4693/2544 2491/4692/2491 2510/4632/2510
f 2545/4694/2545 2515/4646/2515 2491/4648/2491
f 2494/4591/2494 2525/4664/2525 2414/4439/2414
f 2528/4695/2528 2517/4650/2517 2469/4542/2469
f 2546/4696/2546 2441/4493/2441 2427/4472/2427
f 2443/4495/2443 2547/4697/2547 2470/4544/2470
f 2520/4698/2520 2547/4697/2547 2443/4495/2443
f 2477/4699/2477 2548/4700/2548 2497/4615/2497
f 2498/4616/2498 2548/4701/2548 2477/4702/2477
f 2522/4659/2522 2532/4673/2532 2549/4703/2549
f 2522/4704/2522 2550/4705/2550 2478/4706/2478
f 2551/4707/2551 2480/4567/2480 2408/4422/2408
f 2552/4708/2552 2506/4620/2506 2482/4569/2482
f 2507/4641/2507 2553/4709/2553 2499/4606/2499
f 2554/4710/2554 2555/4711/2555 2556/4712/2556
f 2557/4713/2557 2556/4714/2556 2555/4715/2555
f 2558/4716/2558 2506/4717/2506 2552/4718/2552
f 2559/4719/2559 2502/4642/2502 2506/4620/2506
f 2558/4716/2558 2560/4720/2560 2506/4717/2506
f 2560/4721/2560 2559/4722/2559 2506/4723/2506
f 2555/4711/2555 2554/4710/2554 2561/4724/2561
f 2555/4711/2555 2535/4678/2535 2557/4725/2557
f 2536/4679/2536 2555/4711/2555 2561/4724/2561
f 2555/4711/2555 2536/4679/2536 2535/4678/2535
f 2558/4716/2558 2562/4726/2562 2560/4720/2560
f 2561/4727/2561 2563/4728/2563 2536/4683/2536
f 2540/4685/2540 2560/4720/2560 2562/4726/2562
f 2564/4729/2564 2534/4676/2534 2508/4626/2508
f 2535/4678/2535 2565/4730/2565 2566/4731/2566
f 2540/4685/2540 2539/4684/2539 2560/4720/2560
f 2560/4720/2560 2539/4684/2539 2567/4732/2567
f 2537/4680/2537 2565/4730/2565 2535/4678/2535
f 2540/4733/2540 2565/4734/2565 2537/4735/2537
f 2563/4728/2563 2538/4681/2538 2536/4683/2536
f 2539/4736/2539 2568/4737/2568 2567/4738/2567
f 2568/4739/2568 2539/4684/2539 2542/4689/2542
f 2569/4740/2569 2509/4631/2509 2515/4646/2515
f 2542/4690/2542 2543/4691/2543 2568/4741/2568
f 2491/4648/2491 2544/4742/2544 2545/4694/2545
f 2570/4743/2570 2440/4492/2440 2361/4304/2361
f 2547/4697/2547 2528/4667/2528 2470/4544/2470
f 2527/4666/2527 2472/4546/2472 2415/4440/2415
f 2427/4472/2427 2497/4615/2497 2546/4696/2546
f 2571/4744/2571 2512/4638/2512 2472/4546/2472
f 2476/4558/2476 2572/4745/2572 2429/4477/2429
f 2573/4746/2573 2496/4596/2496 2455/4554/2455
f 2523/4661/2523 2531/4747/2531 2505/4662/2505
f 2574/4748/2574 2550/4705/2550 2522/4704/2522
f 2549/4749/2549 2556/4750/2556 2522/4751/2522
f 2575/4752/2575 2482/4569/2482 2479/4566/2479
f 2574/4748/2574 2522/4704/2522 2556/4714/2556
f 2549/4749/2549 2554/4753/2554 2556/4750/2556
f 2552/4708/2552 2482/4569/2482 2575/4752/2575
f 2574/4748/2574 2556/4714/2556 2557/4713/2557
f 2560/4721/2560 2576/4754/2576 2559/4722/2559
f 2508/4626/2508 2502/4628/2502 2577/4755/2577
f 2535/4756/2535 2578/4757/2578 2557/4713/2557
f 2535/4758/2535 2566/4759/2566 2578/4760/2578
f 2560/4721/2560 2567/4738/2567 2576/4754/2576
f 2579/4761/2579 2540/4762/2540 2562/4763/2562
f 2579/4764/2579 2565/4734/2565 2540/4733/2540
f 2465/4614/2465 2570/4743/2570 2361/4304/2361
f 2466/4538/2466 2439/4491/2439 2580/4765/2580
f 2571/4744/2571 2472/4546/2472 2527/4666/2527
f 2581/4766/2581 2473/4548/2473 2495/4593/2495
f 2582/4767/2582 2520/4654/2520 2496/4596/2496
f 2583/4768/2583 2475/4553/2475 2446/4499/2446
f 2573/4746/2573 2455/4554/2455 2530/4769/2530
f 2478/4564/2478 2550/4770/2550 2479/4566/2479
f 2575/4752/2575 2479/4566/2479 2550/4770/2550
f 2584/4771/2584 2531/4747/2531 2523/4661/2523
f 2499/4606/2499 2585/4772/2585 2476/4558/2476
f 2554/4753/2554 2549/4749/2549 2586/4773/2586
f 2587/4774/2587 2558/4775/2558 2552/4776/2552
f 2559/4719/2559 2577/4777/2577 2502/4642/2502
f 2562/4763/2562 2558/4775/2558 2587/4774/2587
f 2588/4778/2588 2566/4759/2566 2565/4734/2565
f 2567/4738/2567 2589/4779/2589 2576/4754/2576
f 2510/4632/2510 2534/4676/2534 2590/4780/2590
f 2568/4737/2568 2591/4781/2591 2567/4738/2567
f 2590/4780/2590 2544/4693/2544 2510/4632/2510
f 2545/4694/2545 2592/4782/2592 2515/4646/2515
f 2593/4783/2593 2545/4694/2545 2544/4742/2544
f 2494/4591/2494 2594/4784/2594 2525/4664/2525
f 2441/4493/2441 2546/4696/2546 2516/4649/2516
f 2595/4785/2595 2471/4545/2471 2429/4477/2429
f 2548/4700/2548 2596/4786/2596 2497/4615/2497
f 2521/4655/2521 2473/4548/2473 2581/4766/2581
f 2504/4618/2504 2597/4787/2597 2498/4616/2498
f 2582/4767/2582 2496/4596/2496 2573/4746/2573
f 2583/4768/2583 2408/4422/2408 2475/4553/2475
f 2584/4771/2584 2598/4788/2598 2531/4747/2531
f 2480/4567/2480 2551/4707/2551 2599/4789/2599
f 2553/4790/2553 2507/4791/2507 2533/4792/2533
f 2523/4661/2523 2600/4793/2600 2601/4794/2601
f 2564/4729/2564 2508/4626/2508 2577/4755/2577
f 2578/4760/2578 2566/4759/2566 2602/4795/2602
f 2588/4778/2588 2602/4795/2602 2566/4759/2566
f 2588/4778/2588 2565/4734/2565 2579/4764/2579
f 2567/4738/2567 2591/4781/2591 2589/4779/2589
f 2515/4646/2515 2592/4782/2592 2569/4740/2569
f 2593/4783/2593 2592/4782/2592 2545/4694/2545
f 2494/4591/2494 2438/4490/2438 2603/4796/2603
f 2570/4797/2570 2465/4537/2465 2493/4590/2493
f 2604/4798/2604 2570/4743/2570 2493/4799/2493
f 2605/4800/2605 2425/4469/2425 2468/4540/2468
f 2606/4801/2606 2580/4765/2580 2439/4491/2439
f 2526/4668/2526 2606/4802/2606 2439/4803/2439
f 2529/4669/2529 2581/4766/2581 2495/4593/2495
f 2572/4745/2572 2607/4804/2607 2595/4785/2595
f 2572/4745/2572 2595/4785/2595 2429/4477/2429
f 2446/4499/2446 2513/4639/2513 2608/4805/2608
f 2609/4806/2609 2512/4638/2512 2571/4744/2571
f 2609/4806/2609 2504/4640/2504 2512/4638/2512
f 2521/4655/2521 2581/4766/2581 2610/4807/2610
f 2597/4787/2597 2548/4701/2548 2498/4616/2498
f 2585/4772/2585 2572/4745/2572 2476/4558/2476
f 2551/4707/2551 2408/4422/2408 2583/4768/2583
f 2611/4808/2611 2586/4773/2586 2549/4749/2549
f 2601/4794/2601 2584/4771/2584 2523/4661/2523
f 2612/4809/2612 2613/4810/2613 2553/4790/2553
f 2612/4809/2612 2553/4790/2553 2533/4792/2533
f 2614/4811/2614 2561/4812/2561 2554/4753/2554
f 2615/4813/2615 2563/4728/2563 2561/4727/2561
f 2590/4780/2590 2616/4814/2616 2617/4815/2617
f 2618/4816/2618 2511/4635/2511 2492/4634/2492
f 2511/4635/2511 2603/4796/2603 2438/4490/2438
f 2605/4800/2605 2503/4613/2503 2425/4469/2425
f 2603/4796/2603 2619/4817/2619 2494/4591/2494
f 2570/4743/2570 2620/4818/2620 2440/4492/2440
f 2442/4494/2442 2518/4651/2518 2621/4819/2621
f 2621/4819/2621 2529/4820/2529 2442/4494/2442
f 2471/4545/2471 2595/4785/2595 2526/4668/2526
f 2519/4652/2519 2622/4821/2622 2513/4639/2513
f 2623/4822/2623 2547/4697/2547 2520/4698/2520
f 2624/4823/2624 2623/4822/2623 2520/4698/2520
f 2582/4767/2582 2624/4824/2624 2520/4654/2520
f 2530/4671/2530 2521/4655/2521 2610/4807/2610
f 2530/4769/2530 2625/4825/2625 2573/4746/2573
f 2598/4826/2598 2532/4673/2532 2531/4672/2531
f 2549/4703/2549 2532/4673/2532 2611/4827/2611
f 2550/4770/2550 2626/4828/2626 2575/4752/2575
f 2553/4709/2553 2585/4772/2585 2499/4606/2499
f 2480/4567/2480 2599/4789/2599 2533/4675/2533
f 2599/4789/2599 2612/4829/2612 2533/4675/2533
f 2627/4830/2627 2577/4777/2577 2559/4719/2559
f 2559/4722/2559 2576/4754/2576 2627/4831/2627
f 2627/4832/2627 2576/4833/2576 2628/4834/2628
f 2615/4813/2615 2561/4727/2561 2629/4835/2629
f 2514/4677/2514 2509/4631/2509 2630/4836/2630
f 2590/4780/2590 2534/4676/2534 2616/4814/2616
f 2538/4681/2538 2563/4728/2563 2615/4813/2615
f 2569/4740/2569 2630/4836/2630 2509/4631/2509
f 2568/4741/2568 2543/4691/2543 2631/4837/2631
f 2591/4781/2591 2568/4737/2568 2631/4838/2631
f 2590/4780/2590 2617/4815/2617 2544/4693/2544
f 2632/4839/2632 2569/4740/2569 2592/4782/2592
f 2593/4783/2593 2632/4839/2632 2592/4782/2592
f 2492/4634/2492 2503/4637/2503 2618/4816/2618
f 2524/4663/2524 2604/4840/2604 2493/4590/2493
f 2497/4615/2497 2596/4786/2596 2546/4696/2546
f 2583/4768/2583 2446/4499/2446 2608/4805/2608
f 2548/4700/2548 2633/4841/2633 2596/4786/2596
f 2573/4746/2573 2634/4842/2634 2582/4767/2582
f 2532/4673/2532 2598/4826/2598 2635/4843/2635
f 2611/4827/2611 2532/4673/2532 2635/4843/2635
f 2514/4643/2514 2600/4793/2600 2523/4661/2523
f 2614/4811/2614 2629/4844/2629 2561/4812/2561
f 2636/4845/2636 2602/4795/2602 2588/4778/2588
f 2637/4846/2637 2543/4691/2543 2541/4687/2541
f 2637/4846/2637 2638/4847/2638 2543/4691/2543
f 2638/4847/2638 2631/4837/2631 2543/4691/2543
f 2603/4796/2603 2511/4635/2511 2618/4816/2618
f 2468/4540/2468 2639/4848/2639 2605/4800/2605
f 2640/4849/2640 2620/4818/2620 2570/4743/2570
f 2641/4850/2641 2580/4765/2580 2606/4801/2606
f 2642/4851/2642 2517/4650/2517 2528/4695/2528
f 2518/4651/2518 2517/4650/2517 2621/4819/2621
f 2643/4852/2643 2516/4649/2516 2546/4696/2546
f 2609/4806/2609 2571/4744/2571 2644/4853/2644
f 2633/4854/2633 2548/4701/2548 2597/4787/2597
f 2504/4640/2504 2645/4855/2645 2597/4856/2597
f 2550/4770/2550 2574/4857/2574 2646/4858/2646
f 2585/4772/2585 2553/4709/2553 2613/4859/2613
f 2647/4860/2647 2648/4861/2648 2575/4752/2575
f 2557/4713/2557 2646/4862/2646 2574/4748/2574
f 2586/4773/2586 2649/4863/2649 2554/4753/2554
f 2552/4776/2552 2648/4864/2648 2587/4774/2587
f 2649/4863/2649 2614/4811/2614 2554/4753/2554
f 2578/4757/2578 2650/4865/2650 2557/4713/2557
f 2576/4754/2576 2589/4779/2589 2628/4866/2628
f 2578/4760/2578 2602/4795/2602 2651/4867/2651
f 2636/4845/2636 2588/4778/2588 2579/4764/2579
f 2538/4681/2538 2637/4846/2637 2541/4687/2541
f 2604/4798/2604 2640/4849/2640 2570/4743/2570
f 2516/4649/2516 2639/4848/2639 2468/4540/2468
f 2652/4868/2652 2621/4819/2621 2517/4650/2517
f 2547/4697/2547 2642/4869/2642 2528/4667/2528
f 2595/4785/2595 2606/4802/2606 2526/4668/2526
f 2596/4786/2596 2653/4870/2653 2546/4696/2546
f 2609/4806/2609 2645/4855/2645 2504/4640/2504
f 2654/4871/2654 2633/4854/2633 2597/4787/2597
f 2654/4872/2654 2597/4856/2597 2645/4855/2645
f 2530/4769/2530 2655/4873/2655 2625/4825/2625
f 2646/4858/2646 2626/4828/2626 2550/4770/2550
f 2626/4828/2626 2647/4860/2647 2575/4752/2575
f 2656/4874/2656 2598/4788/2598 2584/4771/2584
f 2552/4708/2552 2575/4752/2575 2648/4861/2648
f 2656/4874/2656 2584/4771/2584 2601/4794/2601
f 2657/4875/2657 2613/4810/2613 2612/4809/2612
f 2658/4876/2658 2657/4875/2657 2612/4809/2612
f 2612/4829/2612 2599/4789/2599 2658/4877/2658
f 2627/4878/2627 2564/4729/2564 2577/4755/2577
f 2659/4879/2659 2562/4763/2562 2587/4774/2587
f 2630/4836/2630 2660/4880/2660 2514/4677/2514
f 2562/4763/2562 2661/4881/2661 2579/4761/2579
f 2636/4845/2636 2579/4764/2579 2661/4882/2661
f 2662/4883/2662 2589/4779/2589 2591/4781/2591
f 2616/4814/2616 2534/4676/2534 2663/4884/2663
f 2630/4836/2630 2569/4740/2569 2664/4885/2664
f 2665/4886/2665 2593/4783/2593 2544/4742/2544
f 2594/4784/2594 2619/4817/2619 2666/4887/2666
f 2494/4591/2494 2619/4817/2619 2594/4784/2594
f 2527/4666/2527 2440/4492/2440 2620/4818/2620
f 2644/4853/2644 2571/4744/2571 2527/4666/2527
f 2621/4819/2621 2667/4888/2667 2529/4820/2529
f 2667/4889/2667 2581/4766/2581 2529/4669/2529
f 2622/4821/2622 2608/4805/2608 2513/4639/2513
f 2633/4841/2633 2653/4870/2653 2596/4786/2596
f 2582/4767/2582 2668/4890/2668 2624/4824/2624
f 2608/4805/2608 2669/4891/2669 2583/4768/2583
f 2634/4842/2634 2668/4890/2668 2582/4767/2582
f 2610/4807/2610 2655/4892/2655 2530/4671/2530
f 2670/4893/2670 2572/4745/2572 2585/4772/2585
f 2583/4768/2583 2671/4894/2671 2551/4707/2551
f 2625/4825/2625 2634/4842/2634 2573/4746/2573
f 2557/4713/2557 2672/4895/2672 2646/4862/2646
f 2557/4713/2557 2650/4865/2650 2672/4895/2672
f 2564/4729/2564 2627/4878/2627 2673/4896/2673
f 2534/4676/2534 2564/4729/2564 2673/4896/2673
f 2660/4897/2660 2600/4793/2600 2514/4643/2514
f 2674/4898/2674 2651/4867/2651 2602/4795/2602
f 2675/4899/2675 2636/4845/2636 2661/4882/2661
f 2615/4813/2615 2637/4846/2637 2538/4681/2538
f 2544/4693/2544 2617/4815/2617 2665/4900/2665
f 2618/4816/2618 2676/4901/2676 2603/4796/2603
f 2503/4613/2503 2605/4800/2605 2677/4902/2677
f 2618/4816/2618 2503/4637/2503 2677/4903/2677
f 2678/4904/2678 2604/4840/2604 2524/4663/2524
f 2639/4848/2639 2679/4905/2679 2605/4800/2605
f 2524/4663/2524 2466/4538/2466 2680/4906/2680
f 2643/4852/2643 2639/4848/2639 2516/4649/2516
f 2620/4818/2620 2644/4853/2644 2527/4666/2527
f 2642/4851/2642 2652/4868/2652 2517/4650/2517
f 2621/4819/2621 2652/4868/2652 2681/4907/2681
f 2643/4852/2643 2546/4696/2546 2682/4908/2682
f 2670/4893/2670 2607/4804/2607 2572/4745/2572
f 2608/4805/2608 2683/4909/2683 2669/4891/2669
f 2654/4872/2654 2645/4855/2645 2684/4910/2684
f 2583/4768/2583 2669/4891/2669 2671/4894/2671
f 2685/4911/2685 2586/4773/2586 2611/4808/2611
f 2586/4773/2586 2685/4911/2685 2649/4863/2649
f 2657/4875/2657 2686/4912/2686 2613/4810/2613
f 2687/4913/2687 2658/4877/2658 2599/4789/2599
f 2651/4914/2651 2650/4865/2650 2578/4757/2578
f 2659/4879/2659 2661/4881/2661 2562/4763/2562
f 2615/4813/2615 2629/4835/2629 2688/4915/2688
f 2636/4845/2636 2674/4898/2674 2602/4795/2602
f 2665/4886/2665 2632/4839/2632 2593/4783/2593
f 2676/4901/2676 2689/4916/2689 2603/4796/2603
f 2603/4796/2603 2689/4916/2689 2619/4817/2619
f 2604/4798/2604 2690/4917/2690 2640/4849/2640
f 2680/4906/2680 2678/4904/2678 2524/4663/2524
f 2466/4538/2466 2691/4918/2691 2680/4906/2680
f 2580/4765/2580 2691/4918/2691 2466/4538/2466
f 2681/4907/2681 2667/4888/2667 2621/4819/2621
f 2683/4909/2683 2608/4805/2608 2622/4821/2622
f 2633/4841/2633 2692/4919/2692 2653/4870/2653
f 2668/4890/2668 2693/4920/2693 2624/4824/2624
f 2654/4871/2654 2692/4921/2692 2633/4854/2633
f 2670/4893/2670 2585/4772/2585 2613/4859/2613
f 2599/4789/2599 2551/4707/2551 2671/4894/2671
f 2694/4922/2694 2658/4877/2658 2687/4913/2687
f 2657/4875/2657 2695/4923/2695 2686/4912/2686
f 2696/4924/2696 2660/4880/2660 2630/4836/2630
f 2697/4925/2697 2616/4814/2616 2663/4884/2663
f 2678/4904/2678 2690/4926/2690 2604/4840/2604
f 2691/4918/2691 2580/4765/2580 2641/4850/2641
f 2666/4887/2666 2698/4927/2698 2594/4784/2594
f 2595/4785/2595 2699/4928/2699 2606/4802/2606
f 2683/4909/2683 2622/4821/2622 2700/4929/2700
f 2693/4930/2693 2623/4822/2623 2624/4823/2624
f 2626/4828/2626 2646/4858/2646 2701/4931/2701
f 2626/4828/2626 2702/4932/2702 2647/4860/2647
f 2671/4894/2671 2687/4913/2687 2599/4789/2599
f 2696/4924/2696 2630/4836/2630 2664/4885/2664
f 2632/4839/2632 2664/4885/2664 2569/4740/2569
f 2665/4886/2665 2703/4933/2703 2632/4839/2632
f 2606/4801/2606 2699/4934/2699 2641/4850/2641
f 2704/4935/2704 2652/4936/2652 2642/4869/2642
f 2547/4697/2547 2704/4935/2704 2642/4869/2642
f 2705/4937/2705 2609/4806/2609 2644/4853/2644
f 2623/4822/2623 2704/4935/2704 2547/4697/2547
f 2669/4891/2669 2706/4938/2706 2671/4894/2671
f 2600/4793/2600 2707/4939/2707 2601/4794/2601
f 2673/4896/2673 2627/4878/2627 2708/4940/2708
f 2709/4941/2709 2650/4942/2650 2651/4867/2651
f 2637/4846/2637 2615/4813/2615 2710/4943/2710
f 2711/4944/2711 2631/4837/2631 2638/4847/2638
f 2711/4944/2711 2712/4945/2712 2631/4837/2631
f 2703/4933/2703 2664/4885/2664 2632/4839/2632
f 2713/4946/2713 2665/4900/2665 2617/4815/2617
f 2639/4848/2639 2643/4852/2643 2679/4905/2679
f 2714/4947/2714 2641/4948/2641 2699/4949/2699
f 2546/4696/2546 2653/4870/2653 2682/4908/2682
f 2607/4804/2607 2699/4928/2699 2595/4785/2595
f 2715/4950/2715 2610/4807/2610 2581/4766/2581
f 2684/4910/2684 2645/4855/2645 2609/4806/2609
f 2716/4951/2716 2607/4804/2607 2670/4893/2670
f 2717/4952/2717 2635/4843/2635 2598/4826/2598
f 2671/4894/2671 2706/4938/2706 2687/4913/2687
f 2717/4953/2717 2598/4788/2598 2656/4874/2656
f 2635/4954/2635 2685/4911/2685 2611/4808/2611
f 2701/4931/2701 2702/4932/2702 2626/4828/2626
f 2614/4811/2614 2649/4863/2649 2718/4955/2718
f 2719/4956/2719 2627/4832/2627 2628/4834/2628
f 2708/4957/2708 2627/4832/2627 2719/4956/2719
f 2600/4793/2600 2660/4897/2660 2707/4939/2707
f 2709/4958/2709 2672/4895/2672 2650/4865/2650
f 2720/4959/2720 2674/4898/2674 2636/4845/2636
f 2710/4943/2710 2615/4813/2615 2688/4915/2688
f 2591/4781/2591 2712/4960/2712 2662/4883/2662
f 2591/4781/2591 2631/4838/2631 2712/4960/2712
f 2710/4943/2710 2638/4847/2638 2637/4846/2637
f 2616/4814/2616 2713/4946/2713 2617/4815/2617
f 2721/4961/2721 2618/4816/2618 2677/4903/2677
f 2641/4850/2641 2714/4962/2714 2691/4918/2691
f 2609/4806/2609 2722/4963/2722 2684/4910/2684
f 2667/4889/2667 2715/4950/2715 2581/4766/2581
f 2723/4964/2723 2692/4921/2692 2654/4871/2654
f 2724/4965/2724 2646/4862/2646 2672/4895/2672
f 2648/4861/2648 2647/4860/2647 2725/4966/2725
f 2726/4967/2726 2656/4874/2656 2601/4794/2601
f 2707/4939/2707 2726/4967/2726 2601/4794/2601
f 2725/4968/2725 2587/4774/2587 2648/4864/2648
f 2727/4969/2727 2695/4923/2695 2657/4875/2657
f 2727/4969/2727 2657/4875/2657 2658/4876/2658
f 2587/4774/2587 2725/4968/2725 2728/4970/2728
f 2718/4955/2718 2629/4844/2629 2614/4811/2614
f 2728/4970/2728 2659/4879/2659 2587/4774/2587
f 2720/4959/2720 2729/4971/2729 2674/4898/2674
f 2730/4972/2730 2680/4906/2680 2691/4918/2691
f 2619/4817/2619 2689/4916/2689 2666/4887/2666
f 2653/4870/2653 2731/4973/2731 2682/4908/2682
f 2609/4806/2609 2705/4937/2705 2722/4963/2722
f 2732/4974/2732 2669/4891/2669 2683/4909/2683
f 2733/4975/2733 2706/4938/2706 2669/4891/2669
f 2669/4891/2669 2732/4974/2732 2733/4975/2733
f 2734/4976/2734 2723/4964/2723 2654/4871/2654
f 2625/4825/2625 2735/4977/2735 2634/4842/2634
f 2736/4978/2736 2718/4955/2718 2649/4863/2649
f 2737/4979/2737 2660/4880/2660 2696/4924/2696
f 2738/4980/2738 2697/4925/2697 2663/4884/2663
f 2720/4959/2720 2636/4845/2636 2675/4899/2675
f 2638/4847/2638 2710/4943/2710 2739/4981/2739
f 2703/4933/2703 2740/4982/2740 2664/4885/2664
f 2721/4961/2721 2676/4901/2676 2618/4816/2618
f 2679/4983/2679 2741/4984/2741 2677/4903/2677
f 2605/4800/2605 2679/4905/2679 2677/4902/2677
f 2684/4910/2684 2734/4985/2734 2654/4872/2654
f 2717/4952/2717 2742/4986/2742 2635/4843/2635
f 2685/4911/2685 2635/4954/2635 2742/4987/2742
f 2742/4987/2742 2736/4978/2736 2685/4911/2685
f 2685/4911/2685 2736/4978/2736 2649/4863/2649
f 2647/4860/2647 2743/4988/2743 2725/4966/2725
f 2744/4989/2744 2629/4844/2629 2718/4955/2718
f 2663/4884/2663 2534/4676/2534 2673/4896/2673
f 2662/4883/2662 2628/4866/2628 2589/4779/2589
f 2741/4984/2741 2721/4961/2721 2677/4903/2677
f 2678/4904/2678 2680/4906/2680 2730/4972/2730
f 2689/4916/2689 2745/4990/2745 2666/4887/2666
f 2681/4907/2681 2746/4991/2746 2667/4888/2667
f 2607/4804/2607 2747/4992/2747 2699/4928/2699
f 2747/4992/2747 2607/4804/2607 2716/4951/2716
f 2748/4993/2748 2732/4974/2732 2683/4909/2683
f 2735/4977/2735 2668/4890/2668 2634/4842/2634
f 2613/4859/2613 2686/4994/2686 2670/4893/2670
f 2717/4953/2717 2656/4874/2656 2749/4995/2749
f 2646/4858/2646 2724/4996/2724 2701/4931/2701
f 2750/4997/2750 2727/4969/2727 2658/4876/2658
f 2658/4877/2658 2694/4922/2694 2750/4998/2750
f 2709/4958/2709 2751/4999/2751 2672/4895/2672
f 2673/4896/2673 2708/4940/2708 2663/4884/2663
f 2629/4844/2629 2744/4989/2744 2688/5000/2688
f 2752/5001/2752 2709/4941/2709 2651/4867/2651
f 2752/5001/2752 2651/4867/2651 2674/4898/2674
f 2659/4879/2659 2753/5002/2753 2661/4881/2661
f 2662/4883/2662 2754/5003/2754 2628/4866/2628
f 2755/5004/2755 2738/4980/2738 2663/4884/2663
f 2616/4814/2616 2697/4925/2697 2756/5005/2756
f 2739/4981/2739 2711/4944/2711 2638/4847/2638
f 2682/4908/2682 2757/5006/2757 2643/4852/2643
f 2758/5007/2758 2610/4807/2610 2715/4950/2715
f 2759/5008/2759 2653/4870/2653 2692/4919/2692
f 2723/4964/2723 2759/5009/2759 2692/4921/2692
f 2758/5007/2758 2655/4892/2655 2610/4807/2610
f 2655/4873/2655 2735/4977/2735 2625/4825/2625
f 2670/4893/2670 2686/4994/2686 2760/5010/2760
f 2760/5010/2760 2686/4994/2686 2695/5011/2695
f 2743/4988/2743 2647/4860/2647 2702/4932/2702
f 2761/5012/2761 2728/4970/2728 2725/4968/2725
f 2628/4834/2628 2754/5013/2754 2719/4956/2719
f 2752/5001/2752 2674/4898/2674 2762/5014/2762
f 2674/4898/2674 2729/4971/2729 2762/5014/2762
f 2763/5015/2763 2729/4971/2729 2720/4959/2720
f 2764/5016/2764 2763/5015/2763 2720/4959/2720
f 2765/5017/2765 2740/4982/2740 2703/4933/2703
f 2665/4886/2665 2765/5017/2765 2703/4933/2703
f 2643/4852/2643 2766/5018/2766 2679/4905/2679
f 2690/4917/2690 2767/5019/2767 2640/4849/2640
f 2640/4849/2640 2768/5020/2768 2620/4818/2620
f 2640/4849/2640 2767/5019/2767 2768/5020/2768
f 2768/5020/2768 2644/4853/2644 2620/4818/2620
f 2769/5021/2769 2730/4972/2730 2691/4918/2691
f 2769/5021/2769 2691/4918/2691 2714/4962/2714
f 2766/5018/2766 2643/4852/2643 2757/5006/2757
f 2768/5020/2768 2705/4937/2705 2644/4853/2644
f 2757/5006/2757 2682/4908/2682 2731/4973/2731
f 2770/5022/2770 2652/4936/2652 2704/4935/2704
f 2746/5023/2746 2715/4950/2715 2667/4889/2667
f 2735/4977/2735 2655/4873/2655 2771/5024/2771
f 2687/4913/2687 2706/4938/2706 2772/5025/2772
f 2656/4874/2656 2726/4967/2726 2749/4995/2749
f 2772/5025/2772 2694/4922/2694 2687/4913/2687
f 2773/5026/2773 2724/4965/2724 2672/4895/2672
f 2672/4895/2672 2751/4999/2751 2773/5026/2773
f 2753/5002/2753 2659/4879/2659 2728/4970/2728
f 2753/5002/2753 2774/5027/2774 2661/4881/2661
f 2774/5027/2774 2675/5028/2675 2661/4881/2661
f 2720/4959/2720 2675/4899/2675 2764/5016/2764
f 2616/4814/2616 2756/5005/2756 2713/4946/2713
f 2775/5029/2775 2690/4926/2690 2678/4904/2678
f 2730/4972/2730 2775/5029/2775 2678/4904/2678
f 2775/5030/2775 2767/5019/2767 2690/4917/2690
f 2770/5031/2770 2681/4907/2681 2652/4868/2652
f 2770/5022/2770 2704/4935/2704 2776/5032/2776
f 2776/5032/2776 2704/4935/2704 2623/4822/2623
f 2700/4929/2700 2748/4993/2748 2683/4909/2683
f 2777/5033/2777 2758/5007/2758 2715/4950/2715
f 2778/5034/2778 2716/4951/2716 2670/4893/2670
f 2706/4938/2706 2733/4975/2733 2772/5025/2772
f 2670/4893/2670 2760/5010/2760 2778/5034/2778
f 2743/4988/2743 2702/4932/2702 2779/5035/2779
f 2743/4988/2743 2761/5036/2761 2725/4966/2725
f 2708/4940/2708 2780/5037/2780 2663/4884/2663
f 2781/5038/2781 2745/4990/2745 2689/4916/2689
f 2782/5039/2782 2769/5021/2769 2714/4962/2714
f 2722/4963/2722 2783/5040/2783 2684/4910/2684
f 2759/5008/2759 2731/4973/2731 2653/4870/2653
f 2783/5040/2783 2734/4985/2734 2684/4910/2684
f 2784/5041/2784 2759/5009/2759 2723/4964/2723
f 2734/4976/2734 2784/5041/2784 2723/4964/2723
f 2771/5042/2771 2655/4892/2655 2758/5007/2758
f 2771/5024/2771 2785/5043/2785 2735/4977/2735
f 2695/5011/2695 2786/5044/2786 2760/5010/2760
f 2660/4897/2660 2787/5045/2787 2707/4939/2707
f 2788/5046/2788 2718/4955/2718 2736/4978/2736
f 2719/4956/2719 2780/5047/2780 2708/4957/2708
f 2788/5046/2788 2744/4989/2744 2718/4955/2718
f 2774/5027/2774 2764/5048/2764 2675/5028/2675
f 2789/5049/2789 2662/4883/2662 2712/4960/2712
f 2710/4943/2710 2790/5050/2790 2739/4981/2739
f 2711/4944/2711 2791/5051/2791 2712/4945/2712
f 2689/4916/2689 2676/4901/2676 2792/5052/2792
f 2793/5053/2793 2745/4990/2745 2794/5054/2794
f 2693/4930/2693 2776/5032/2776 2623/4822/2623
f 2795/5055/2795 2715/4950/2715 2746/5023/2746
f 2693/4920/2693 2668/4890/2668 2796/5056/2796
f 2749/4995/2749 2797/5057/2797 2717/4953/2717
f 2797/5058/2797 2742/4986/2742 2717/4952/2717
f 2798/5059/2798 2736/4978/2736 2742/4987/2742
f 2695/4923/2695 2727/4969/2727 2799/5060/2799
f 2754/5013/2754 2800/5061/2800 2719/4956/2719
f 2780/5047/2780 2719/4956/2719 2800/5061/2800
f 2754/5003/2754 2662/4883/2662 2801/5062/2801
f 2744/4989/2744 2802/5063/2802 2688/5000/2688
f 2803/5064/2803 2764/5048/2764 2774/5027/2774
f 2802/5065/2802 2710/4943/2710 2688/4915/2688
f 2804/5066/2804 2765/5017/2765 2665/4886/2665
f 2804/5067/2804 2665/4900/2665 2713/4946/2713
f 2741/4984/2741 2805/5068/2805 2721/4961/2721
f 2721/4961/2721 2792/5052/2792 2676/4901/2676
f 2805/5068/2805 2792/5052/2792 2721/4961/2721
f 2689/4916/2689 2792/5052/2792 2781/5038/2781
f 2730/4972/2730 2769/5021/2769 2806/5069/2806
f 2699/4949/2699 2782/5070/2782 2714/4947/2714
f 2807/5071/2807 2757/5006/2757 2731/4973/2731
f 2705/4937/2705 2808/5072/2808 2722/4963/2722
f 2681/4907/2681 2809/5073/2809 2746/4991/2746
f 2808/5072/2808 2783/5040/2783 2722/4963/2722
f 2779/5035/2779 2702/4932/2702 2701/4931/2701
f 2810/5074/2810 2799/5060/2799 2727/4969/2727
f 2750/4997/2750 2810/5074/2810 2727/4969/2727
f 2737/5075/2737 2787/5045/2787 2660/4897/2660
f 2764/5016/2764 2803/5076/2803 2763/5015/2763
f 2790/5050/2790 2710/4943/2710 2802/5065/2802
f 2712/4960/2712 2791/5077/2791 2789/5049/2789
f 2811/5078/2811 2664/4885/2664 2740/4982/2740
f 2812/5079/2812 2804/5066/2804 2713/5080/2713
f 2770/5031/2770 2813/5081/2813 2681/4907/2681
f 2814/5082/2814 2770/5022/2770 2776/5032/2776
f 2809/5073/2809 2795/5083/2795 2746/4991/2746
f 2731/4973/2731 2759/5008/2759 2815/5084/2815
f 2668/4890/2668 2735/4977/2735 2796/5056/2796
f 2796/5056/2796 2735/4977/2735 2816/5085/2816
f 2784/5086/2784 2734/4985/2734 2817/5087/2817
f 2785/5043/2785 2816/5085/2816 2735/4977/2735
f 2742/4986/2742 2797/5058/2797 2798/5088/2798
f 2786/5044/2786 2778/5034/2778 2760/5010/2760
f 2726/4967/2726 2818/5089/2818 2749/4995/2749
f 2749/4995/2749 2818/5089/2818 2797/5057/2797
f 2772/5025/2772 2819/5090/2819 2694/4922/2694
f 2799/5091/2799 2786/5044/2786 2695/5011/2695
f 2799/5091/2799 2820/5092/2820 2786/5044/2786
f 2788/5046/2788 2736/4978/2736 2821/5093/2821
f 2754/5013/2754 2822/5094/2822 2800/5061/2800
f 2754/5003/2754 2801/5062/2801 2822/5095/2822
f 2662/4883/2662 2823/5096/2823 2801/5062/2801
f 2824/5097/2824 2729/4971/2729 2763/5015/2763
f 2803/5064/2803 2774/5027/2774 2825/5098/2825
f 2826/5099/2826 2812/5100/2812 2756/5005/2756
f 2756/5005/2756 2812/5100/2812 2713/4946/2713
f 2739/4981/2739 2827/5101/2827 2711/4944/2711
f 2765/5017/2765 2811/5078/2811 2740/4982/2740
f 2766/5018/2766 2828/5102/2828 2679/4905/2679
f 2767/5019/2767 2705/4937/2705 2768/5020/2768
f 2782/5039/2782 2699/4934/2699 2829/5103/2829
f 2693/4930/2693 2814/5082/2814 2776/5032/2776
f 2747/4992/2747 2716/4951/2716 2830/5104/2830
f 2777/5033/2777 2715/4950/2715 2795/5055/2795
f 2831/5105/2831 2772/5025/2772 2733/4975/2733
f 2783/5040/2783 2817/5087/2817 2734/4985/2734
f 2759/5009/2759 2784/5041/2784 2832/5106/2832
f 2701/4931/2701 2724/4996/2724 2833/5107/2833
f 2743/4988/2743 2779/5035/2779 2834/5108/2834
f 2821/5093/2821 2736/4978/2736 2798/5059/2798
f 2787/5045/2787 2726/4967/2726 2707/4939/2707
f 2835/5109/2835 2728/4970/2728 2761/5012/2761
f 2752/5110/2752 2836/5111/2836 2709/4958/2709
f 2755/5004/2755 2663/4884/2663 2780/5037/2780
f 2789/5049/2789 2823/5096/2823 2662/4883/2662
f 2762/5014/2762 2729/4971/2729 2824/5097/2824
f 2837/5112/2837 2737/4979/2737 2696/4924/2696
f 2756/5005/2756 2697/4925/2697 2838/5113/2838
f 2696/4924/2696 2664/4885/2664 2837/5112/2837
f 2790/5050/2790 2839/5114/2839 2739/4981/2739
f 2839/5114/2839 2827/5101/2827 2739/4981/2739
f 2828/5115/2828 2741/4984/2741 2679/4983/2679
f 2730/4972/2730 2806/5069/2806 2775/5029/2775
f 2813/5081/2813 2809/5073/2809 2681/4907/2681
f 2747/4992/2747 2829/5116/2829 2699/4928/2699
f 2693/4930/2693 2796/5117/2796 2814/5082/2814
f 2771/5024/2771 2840/5118/2840 2785/5043/2785
f 2778/5034/2778 2786/5044/2786 2841/5119/2841
f 2820/5092/2820 2841/5119/2841 2786/5044/2786
f 2834/5120/2834 2835/5109/2835 2761/5012/2761
f 2752/5110/2752 2842/5121/2842 2836/5111/2836
f 2835/5109/2835 2753/5002/2753 2728/4970/2728
f 2843/5122/2843 2774/5027/2774 2753/5002/2753
f 2756/5005/2756 2838/5113/2838 2826/5099/2826
f 2711/5123/2711 2827/5124/2827 2791/5077/2791
f 2741/4984/2741 2828/5115/2828 2805/5068/2805
f 2805/5068/2805 2844/5125/2844 2792/5052/2792
f 2792/5052/2792 2844/5125/2844 2781/5038/2781
f 2766/5018/2766 2845/5126/2845 2828/5102/2828
f 2846/5127/2846 2748/4993/2748 2794/5128/2794
f 2795/5083/2795 2809/5073/2809 2847/5129/2847
f 2830/5104/2830 2829/5116/2829 2747/4992/2747
f 2815/5084/2815 2848/5130/2848 2731/4973/2731
f 2716/4951/2716 2778/5034/2778 2830/5104/2830
f 2778/5034/2778 2849/5131/2849 2830/5104/2830
f 2733/4975/2733 2732/4974/2732 2850/5132/2850
f 2832/5133/2832 2815/5084/2815 2759/5008/2759
f 2798/5088/2798 2797/5058/2797 2821/5134/2821
f 2819/5090/2819 2750/4998/2750 2694/4922/2694
f 2836/5111/2836 2751/4999/2751 2709/4958/2709
f 2788/5046/2788 2851/5135/2851 2744/4989/2744
f 2835/5109/2835 2843/5122/2843 2753/5002/2753
f 2852/5136/2852 2755/5004/2755 2780/5037/2780
f 2851/5135/2851 2802/5063/2802 2744/4989/2744
f 2838/5113/2838 2697/4925/2697 2738/4980/2738
f 2814/5082/2814 2853/5137/2853 2770/5022/2770
f 2830/5104/2830 2854/5138/2854 2829/5116/2829
f 2855/5139/2855 2795/5083/2795 2847/5129/2847
f 2855/5140/2855 2777/5033/2777 2795/5055/2795
f 2856/5141/2856 2848/5130/2848 2815/5084/2815
f 2857/5142/2857 2758/5007/2758 2777/5033/2777
f 2858/5143/2858 2771/5042/2771 2758/5007/2758
f 2831/5105/2831 2819/5090/2819 2772/5025/2772
f 2840/5144/2840 2771/5042/2771 2858/5143/2858
f 2859/5145/2859 2724/4965/2724 2773/5026/2773
f 2860/5146/2860 2810/5074/2810 2750/4997/2750
f 2750/4998/2750 2819/5090/2819 2860/5147/2860
f 2842/5121/2842 2861/5148/2861 2836/5111/2836
f 2762/5014/2762 2862/5149/2862 2752/5001/2752
f 2863/5150/2863 2824/5097/2824 2763/5015/2763
f 2863/5150/2863 2763/5015/2763 2803/5076/2803
f 2837/5112/2837 2664/4885/2664 2811/5078/2811
f 2757/5006/2757 2845/5126/2845 2766/5018/2766
f 2794/5054/2794 2745/4990/2745 2846/5151/2846
f 2848/5130/2848 2807/5071/2807 2731/4973/2731
f 2850/5132/2850 2831/5105/2831 2733/4975/2733
f 2849/5131/2849 2778/5034/2778 2864/5152/2864
f 2832/5133/2832 2865/5153/2865 2815/5084/2815
f 2779/5035/2779 2701/4931/2701 2833/5107/2833
f 2859/5145/2859 2833/5154/2833 2724/4965/2724
f 2761/5036/2761 2743/4988/2743 2834/5108/2834
f 2866/5155/2866 2788/5046/2788 2821/5093/2821
f 2751/4999/2751 2836/5111/2836 2773/5026/2773
f 2822/5094/2822 2867/5156/2867 2800/5061/2800
f 2780/5047/2780 2800/5061/2800 2852/5157/2852
f 2822/5095/2822 2801/5062/2801 2867/5158/2867
f 2774/5027/2774 2843/5122/2843 2825/5098/2825
f 2738/4980/2738 2868/5159/2868 2838/5113/2838
f 2839/5114/2839 2869/5160/2869 2827/5101/2827
f 2870/5161/2870 2827/5101/2827 2869/5160/2869
f 2767/5019/2767 2871/5162/2871 2705/4937/2705
f 2872/5163/2872 2769/5021/2769 2782/5039/2782
f 2853/5164/2853 2813/5081/2813 2770/5031/2770
f 2829/5116/2829 2854/5138/2854 2872/5165/2872
f 2849/5131/2849 2854/5138/2854 2830/5104/2830
f 2857/5142/2857 2858/5143/2858 2758/5007/2758
f 2873/5166/2873 2865/5167/2865 2832/5106/2832
f 2832/5106/2832 2784/5041/2784 2873/5166/2873
f 2864/5152/2864 2778/5034/2778 2841/5119/2841
f 2874/5168/2874 2797/5058/2797 2818/5169/2818
f 2821/5134/2821 2797/5058/2797 2874/5168/2874
f 2875/5170/2875 2859/5145/2859 2773/5026/2773
f 2799/5091/2799 2876/5171/2876 2820/5092/2820
f 2877/5172/2877 2876/5173/2876 2799/5060/2799
f 2877/5172/2877 2799/5060/2799 2810/5074/2810
f 2836/5111/2836 2875/5170/2875 2773/5026/2773
f 2852/5157/2852 2800/5061/2800 2867/5156/2867
f 2802/5063/2802 2851/5135/2851 2878/5174/2878
f 2824/5097/2824 2862/5149/2862 2762/5014/2762
f 2789/5049/2789 2879/5175/2879 2823/5096/2823
f 2879/5175/2879 2789/5049/2789 2791/5077/2791
f 2880/5176/2880 2811/5078/2811 2765/5017/2765
f 2804/5066/2804 2880/5176/2880 2765/5017/2765
f 2757/5006/2757 2807/5071/2807 2845/5126/2845
f 2767/5019/2767 2775/5030/2775 2881/5177/2881
f 2775/5029/2775 2882/5178/2882 2881/5179/2881
f 2871/5162/2871 2808/5072/2808 2705/4937/2705
f 2813/5081/2813 2853/5164/2853 2883/5180/2883
f 2816/5085/2816 2884/5181/2884 2796/5056/2796
f 2865/5153/2865 2856/5141/2856 2815/5084/2815
f 2885/5182/2885 2819/5090/2819 2831/5105/2831
f 2840/5118/2840 2816/5085/2816 2785/5043/2785
f 2886/5183/2886 2834/5108/2834 2779/5035/2779
f 2887/5184/2887 2818/5089/2818 2726/4967/2726
f 2787/5045/2787 2887/5184/2887 2726/4967/2726
f 2825/5098/2825 2843/5122/2843 2888/5185/2888
f 2838/5113/2838 2868/5159/2868 2826/5099/2826
f 2790/5050/2790 2889/5186/2889 2839/5114/2839
f 2889/5186/2889 2890/5187/2890 2839/5114/2839
f 2891/5188/2891 2869/5160/2869 2839/5114/2839
f 2892/5189/2892 2844/5125/2844 2805/5068/2805
f 2806/5069/2806 2882/5178/2882 2775/5029/2775
f 2769/5021/2769 2893/5190/2893 2806/5069/2806
f 2871/5162/2871 2767/5019/2767 2881/5177/2881
f 2782/5039/2782 2829/5103/2829 2872/5163/2872
f 2883/5180/2883 2809/5073/2809 2813/5081/2813
f 2894/5191/2894 2807/5071/2807 2848/5130/2848
f 2846/5127/2846 2895/5192/2895 2748/4993/2748
f 2808/5072/2808 2896/5193/2896 2783/5040/2783
f 2896/5193/2896 2817/5087/2817 2783/5040/2783
f 2897/5194/2897 2884/5181/2884 2816/5085/2816
f 2898/5195/2898 2873/5166/2873 2784/5041/2784
f 2898/5196/2898 2784/5086/2784 2817/5087/2817
f 2899/5197/2899 2874/5168/2874 2818/5169/2818
f 2833/5107/2833 2886/5183/2886 2779/5035/2779
f 2818/5089/2818 2887/5184/2887 2899/5198/2899
f 2874/5168/2874 2900/5199/2900 2821/5134/2821
f 2820/5092/2820 2876/5171/2876 2841/5119/2841
f 2821/5093/2821 2900/5200/2900 2866/5155/2866
f 2901/5201/2901 2860/5147/2860 2819/5090/2819
f 2902/5202/2902 2835/5109/2835 2834/5120/2834
f 2787/5045/2787 2903/5203/2903 2887/5184/2887
f 2737/5075/2737 2904/5204/2904 2787/5045/2787
f 2842/5205/2842 2752/5001/2752 2862/5149/2862
f 2837/5112/2837 2904/5206/2904 2737/4979/2737
f 2802/5065/2802 2905/5207/2905 2790/5050/2790
f 2870/5208/2870 2791/5077/2791 2827/5124/2827
f 2905/5207/2905 2889/5186/2889 2790/5050/2790
f 2805/5068/2805 2828/5115/2828 2892/5189/2892
f 2781/5038/2781 2906/5209/2906 2745/4990/2745
f 2853/5137/2853 2814/5082/2814 2907/5210/2907
f 2748/4993/2748 2850/5132/2850 2732/4974/2732
f 2895/5192/2895 2850/5132/2850 2748/4993/2748
f 2796/5117/2796 2908/5211/2908 2814/5082/2814
f 2855/5140/2855 2857/5142/2857 2777/5033/2777
f 2909/5212/2909 2910/5213/2910 2859/5214/2859
f 2859/5145/2859 2910/5215/2910 2833/5154/2833
f 2909/5216/2909 2859/5145/2859 2875/5170/2875
f 2877/5172/2877 2911/5217/2911 2876/5173/2876
f 2912/5218/2912 2877/5172/2877 2810/5074/2810
f 2912/5219/2912 2810/5220/2810 2860/5147/2860
f 2866/5155/2866 2851/5135/2851 2788/5046/2788
f 2913/5221/2913 2755/5004/2755 2852/5136/2852
f 2862/5149/2862 2824/5097/2824 2914/5222/2914
f 2868/5159/2868 2738/4980/2738 2755/5004/2755
f 2915/5223/2915 2914/5222/2914 2824/5097/2824
f 2824/5097/2824 2863/5150/2863 2915/5223/2915
f 2870/5208/2870 2879/5175/2879 2791/5077/2791
f 2890/5187/2890 2891/5188/2891 2839/5114/2839
f 2880/5176/2880 2804/5066/2804 2916/5224/2916
f 2846/5127/2846 2745/5225/2745 2917/5226/2917
f 2918/5227/2918 2848/5130/2848 2856/5141/2856
f 2841/5119/2841 2919/5228/2919 2864/5152/2864
f 2802/5065/2802 2878/5229/2878 2905/5207/2905
f 2920/5230/2920 2837/5112/2837 2811/5078/2811
f 2745/4990/2745 2906/5209/2906 2917/5231/2917
f 2917/5226/2917 2895/5192/2895 2846/5127/2846
f 2849/5131/2849 2921/5232/2921 2854/5138/2854
f 2865/5153/2865 2922/5233/2922 2856/5141/2856
f 2873/5166/2873 2922/5234/2922 2865/5167/2865
f 2833/5107/2833 2910/5213/2910 2886/5183/2886
f 2852/5157/2852 2867/5156/2867 2923/5235/2923
f 2913/5221/2913 2852/5136/2852 2923/5236/2923
f 2888/5237/2888 2863/5150/2863 2803/5076/2803
f 2803/5064/2803 2825/5098/2825 2888/5185/2888
f 2920/5230/2920 2811/5078/2811 2880/5176/2880
f 2916/5224/2916 2804/5066/2804 2812/5079/2812
f 2844/5125/2844 2906/5209/2906 2781/5038/2781
f 2894/5191/2894 2845/5126/2845 2807/5071/2807
f 2893/5190/2893 2769/5021/2769 2872/5163/2872
f 2917/5231/2917 2906/5209/2906 2924/5238/2924
f 2809/5073/2809 2925/5239/2925 2847/5129/2847
f 2907/5210/2907 2814/5082/2814 2908/5211/2908
f 2884/5240/2884 2908/5211/2908 2796/5117/2796
f 2831/5105/2831 2926/5241/2926 2885/5182/2885
f 2927/5242/2927 2922/5233/2922 2873/5243/2873
f 2816/5085/2816 2840/5118/2840 2897/5194/2897
f 2928/5244/2928 2866/5155/2866 2900/5200/2900
f 2886/5183/2886 2902/5245/2902 2834/5108/2834
f 2929/5246/2929 2912/5219/2912 2860/5147/2860
f 2860/5147/2860 2901/5201/2901 2929/5246/2929
f 2904/5204/2904 2903/5203/2903 2787/5045/2787
f 2914/5222/2914 2842/5205/2842 2862/5149/2862
f 2837/5112/2837 2930/5247/2930 2904/5206/2904
f 2893/5190/2893 2882/5178/2882 2806/5069/2806
f 2921/5232/2921 2872/5165/2872 2854/5138/2854
f 2883/5180/2883 2925/5239/2925 2809/5073/2809
f 2849/5131/2849 2931/5248/2931 2921/5232/2921
f 2855/5139/2855 2847/5129/2847 2932/5249/2932
f 2850/5132/2850 2895/5192/2895 2933/5250/2933
f 2817/5087/2817 2896/5193/2896 2934/5251/2934
f 2935/5252/2935 2898/5196/2898 2817/5087/2817
f 2936/5253/2936 2897/5194/2897 2840/5118/2840
f 2936/5254/2936 2840/5144/2840 2858/5143/2858
f 2885/5182/2885 2901/5201/2901 2819/5090/2819
f 2841/5119/2841 2876/5171/2876 2919/5228/2919
f 2801/5062/2801 2937/5255/2937 2867/5158/2867
f 2842/5121/2842 2938/5256/2938 2861/5148/2861
f 2842/5205/2842 2914/5222/2914 2938/5257/2938
f 2823/5096/2823 2879/5175/2879 2939/5258/2939
f 2939/5258/2939 2879/5175/2879 2870/5208/2870
f 2940/5259/2940 2889/5186/2889 2905/5207/2905
f 2826/5099/2826 2941/5260/2941 2812/5100/2812
f 2942/5261/2942 2892/5189/2892 2828/5115/2828
f 2892/5189/2892 2943/5262/2943 2844/5125/2844
f 2845/5126/2845 2942/5263/2942 2828/5102/2828
f 2906/5209/2906 2844/5125/2844 2943/5262/2943
f 2871/5162/2871 2881/5177/2881 2944/5264/2944
f 2871/5162/2871 2896/5193/2896 2808/5072/2808
f 2872/5165/2872 2921/5232/2921 2945/5265/2945
f 2853/5164/2853 2907/5266/2907 2883/5180/2883
f 2831/5105/2831 2850/5132/2850 2926/5241/2926
f 2884/5240/2884 2946/5267/2946 2908/5211/2908
f 2935/5252/2935 2817/5087/2817 2934/5251/2934
f 2947/5268/2947 2927/5269/2927 2873/5166/2873
f 2898/5195/2898 2947/5268/2947 2873/5166/2873
f 2948/5270/2948 2913/5221/2913 2923/5236/2923
f 2949/5271/2949 2801/5062/2801 2823/5096/2823
f 2888/5185/2888 2843/5122/2843 2950/5272/2950
f 2951/5273/2951 2868/5159/2868 2755/5004/2755
f 2823/5096/2823 2939/5258/2939 2952/5274/2952
f 2953/5275/2953 2826/5099/2826 2868/5159/2868
f 2916/5276/2916 2812/5100/2812 2954/5277/2954
f 2893/5190/2893 2872/5163/2872 2955/5278/2955
f 2945/5279/2945 2955/5278/2955 2872/5163/2872
f 2896/5193/2896 2871/5162/2871 2944/5264/2944
f 2894/5191/2894 2848/5130/2848 2956/5280/2956
f 2908/5211/2908 2957/5281/2957 2907/5210/2907
f 2925/5239/2925 2932/5249/2932 2847/5129/2847
f 2918/5227/2918 2856/5141/2856 2922/5233/2922
f 2932/5282/2932 2857/5142/2857 2855/5140/2855
f 2864/5152/2864 2931/5248/2931 2849/5131/2849
f 2958/5283/2958 2858/5143/2858 2857/5142/2857
f 2900/5199/2900 2874/5168/2874 2959/5284/2959
f 2959/5284/2959 2928/5285/2928 2900/5199/2900
f 2887/5184/2887 2960/5286/2960 2899/5198/2899
f 2923/5235/2923 2867/5156/2867 2937/5287/2937
f 2951/5273/2951 2755/5004/2755 2913/5221/2913
f 2940/5259/2940 2905/5207/2905 2878/5229/2878
f 2961/5288/2961 2863/5150/2863 2888/5237/2888
f 2920/5230/2920 2930/5247/2930 2837/5112/2837
f 2941/5260/2941 2826/5099/2826 2953/5275/2953
f 2962/5289/2962 2890/5187/2890 2889/5186/2889
f 2891/5188/2891 2963/5290/2963 2869/5160/2869
f 2869/5291/2869 2963/5292/2963 2870/5208/2870
f 2916/5224/2916 2964/5293/2964 2880/5176/2880
f 2892/5189/2892 2965/5294/2965 2943/5262/2943
f 2944/5264/2944 2881/5177/2881 2966/5295/2966
f 2967/5296/2967 2894/5191/2894 2956/5280/2956
f 2933/5250/2933 2895/5192/2895 2917/5226/2917
f 2968/5297/2968 2907/5210/2907 2957/5281/2957
f 2907/5266/2907 2968/5298/2968 2883/5180/2883
f 2969/5299/2969 2932/5282/2932 2970/5300/2970
f 2969/5299/2969 2857/5142/2857 2932/5282/2932
f 2969/5299/2969 2958/5283/2958 2857/5142/2857
f 2884/5240/2884 2971/5301/2971 2946/5267/2946
f 2899/5197/2899 2959/5284/2959 2874/5168/2874
f 2919/5228/2919 2876/5171/2876 2911/5302/2911
f 2972/5303/2972 2866/5155/2866 2928/5244/2928
f 2973/5304/2973 2974/5305/2974 2911/5217/2911
f 2973/5304/2973 2911/5217/2911 2877/5172/2877
f 2973/5304/2973 2877/5172/2877 2912/5218/2912
f 2949/5271/2949 2937/5255/2937 2801/5062/2801
f 2975/5306/2975 2878/5174/2878 2851/5135/2851
f 2835/5109/2835 2950/5272/2950 2843/5122/2843
f 2952/5274/2952 2949/5271/2949 2823/5096/2823
f 2892/5189/2892 2942/5261/2942 2965/5294/2965
f 2976/5307/2976 2942/5263/2942 2845/5126/2845
f 2894/5191/2894 2976/5307/2976 2845/5126/2845
f 2977/5308/2977 2882/5178/2882 2893/5190/2893
f 2968/5298/2968 2925/5239/2925 2883/5180/2883
f 2968/5298/2968 2978/5309/2978 2925/5239/2925
f 2926/5241/2926 2850/5132/2850 2933/5250/2933
f 2946/5267/2946 2957/5281/2957 2908/5211/2908
f 2931/5248/2931 2864/5152/2864 2919/5228/2919
f 2884/5181/2884 2897/5194/2897 2971/5310/2971
f 2910/5213/2910 2979/5311/2979 2886/5183/2886
f 2909/5216/2909 2875/5170/2875 2980/5312/2980
f 2981/5313/2981 2929/5246/2929 2901/5201/2901
f 2836/5111/2836 2980/5312/2980 2875/5170/2875
f 2903/5203/2903 2960/5286/2960 2887/5184/2887
f 2972/5303/2972 2851/5135/2851 2866/5155/2866
f 2937/5287/2937 2948/5314/2948 2923/5235/2923
f 2975/5315/2975 2940/5259/2940 2878/5229/2878
f 2940/5259/2940 2962/5289/2962 2889/5186/2889
f 2962/5289/2962 2982/5316/2982 2890/5187/2890
f 2982/5316/2982 2891/5188/2891 2890/5187/2890
f 2963/5290/2963 2891/5188/2891 2983/5317/2983
f 2812/5100/2812 2941/5260/2941 2954/5277/2954
f 2881/5179/2881 2882/5178/2882 2966/5318/2966
f 2917/5226/2917 2924/5319/2924 2933/5250/2933
f 2918/5227/2918 2956/5280/2956 2848/5130/2848
f 2978/5309/2978 2970/5320/2970 2925/5239/2925
f 2932/5249/2932 2925/5239/2925 2970/5320/2970
f 2936/5254/2936 2858/5143/2858 2958/5283/2958
f 2899/5197/2899 2984/5321/2984 2959/5284/2959
f 2928/5285/2928 2959/5284/2959 2984/5321/2984
f 2985/5322/2985 2919/5228/2919 2911/5302/2911
f 2979/5311/2979 2986/5323/2986 2886/5183/2886
f 2902/5245/2902 2886/5183/2886 2986/5323/2986
f 2987/5324/2987 2972/5303/2972 2928/5244/2928
f 2974/5325/2974 2985/5322/2985 2911/5302/2911
f 2988/5326/2988 2835/5109/2835 2902/5202/2902
f 2988/5326/2988 2989/5327/2989 2835/5109/2835
f 2961/5328/2961 2888/5185/2888 2950/5272/2950
f 2951/5273/2951 2953/5275/2953 2868/5159/2868
f 2990/5329/2990 2982/5316/2982 2962/5289/2962
f 2983/5317/2983 2891/5188/2891 2982/5316/2982
f 2964/5293/2964 2920/5230/2920 2880/5176/2880
f 2977/5308/2977 2966/5318/2966 2882/5178/2882
f 2906/5209/2906 2943/5262/2943 2924/5238/2924
f 2991/5330/2991 2967/5296/2967 2956/5280/2956
f 2992/5331/2992 2926/5241/2926 2933/5250/2933
f 2946/5267/2946 2993/5332/2993 2957/5281/2957
f 2994/5333/2994 2885/5182/2885 2926/5241/2926
f 2931/5248/2931 2919/5228/2919 2995/5334/2995
f 2996/5335/2996 2936/5254/2936 2958/5283/2958
f 2997/5336/2997 2981/5313/2981 2901/5201/2901
f 2861/5148/2861 2980/5312/2980 2836/5111/2836
f 2973/5304/2973 2912/5218/2912 2998/5337/2998
f 2989/5327/2989 2950/5272/2950 2835/5109/2835
f 2999/5338/2999 2915/5223/2915 2863/5150/2863
f 2961/5288/2961 2999/5338/2999 2863/5150/2863
f 2920/5230/2920 3000/5339/3000 2930/5247/2930
f 2963/5292/2963 2939/5258/2939 2870/5208/2870
f 2967/5296/2967 2976/5307/2976 2894/5191/2894
f 2896/5193/2896 2944/5264/2944 3001/5340/3001
f 2971/5301/2971 2993/5332/2993 2946/5267/2946
f 2927/5242/2927 3002/5341/3002 2922/5233/2922
f 3003/5342/3003 2947/5268/2947 2898/5195/2898
f 2898/5196/2898 2935/5252/2935 3003/5343/3003
f 2985/5322/2985 2995/5334/2995 2919/5228/2919
f 2997/5336/2997 2901/5201/2901 2885/5182/2885
f 3004/5344/3004 2897/5194/2897 2936/5253/2936
f 2996/5345/2996 3004/5344/3004 2936/5253/2936
f 2928/5244/2928 2984/5346/2984 2987/5324/2987
f 3005/5347/3005 2998/5348/2998 2929/5246/2929
f 2929/5246/2929 2998/5348/2998 2912/5219/2912
f 2861/5148/2861 3006/5349/3006 2980/5312/2980
f 3007/5350/3007 2948/5314/2948 2937/5287/2937
f 2972/5303/2972 2975/5306/2975 2851/5135/2851
f 2949/5271/2949 3007/5351/3007 2937/5255/2937
f 2961/5328/2961 2950/5272/2950 3008/5352/3008
f 3009/5353/3009 2940/5259/2940 3010/5354/3010
f 3011/5355/3011 2914/5222/2914 2915/5223/2915
f 2962/5289/2962 2940/5259/2940 3009/5353/3009
f 2964/5293/2964 3000/5339/3000 2920/5230/2920
f 2955/5278/2955 2977/5308/2977 2893/5190/2893
f 3012/5356/3012 2955/5278/2955 2945/5279/2945
f 2921/5232/2921 3012/5357/3012 2945/5265/2945
f 2934/5251/2934 2896/5193/2896 3001/5340/3001
f 3013/5358/3013 2969/5299/2969 2970/5300/2970
f 2994/5333/2994 2926/5241/2926 2992/5331/2992
f 3004/5344/3004 2971/5310/2971 2897/5194/2897
f 3014/5359/3014 2984/5321/2984 2899/5197/2899
f 2960/5286/2960 3014/5360/3014 2899/5198/2899
f 2909/5212/2909 3015/5361/3015 2910/5213/2910
f 3015/5362/3015 2909/5216/2909 2980/5312/2980
f 2987/5324/2987 3016/5363/3016 2972/5303/2972
f 3015/5362/3015 2980/5312/2980 3017/5364/3017
f 3005/5347/3005 2929/5246/2929 2981/5313/2981
f 3018/5365/3018 2989/5327/2989 2988/5326/2988
f 2913/5221/2913 3019/5366/3019 2951/5273/2951
f 3020/5367/3020 3021/5368/3021 2938/5257/2938
f 2938/5257/2938 2914/5222/2914 3020/5367/3020
f 2975/5315/2975 3010/5354/3010 2940/5259/2940
f 2939/5258/2939 3022/5369/3022 2952/5274/2952
f 2999/5338/2999 3011/5355/3011 2915/5223/2915
f 3023/5370/3023 2939/5258/2939 2963/5292/2963
f 3024/5371/3024 2990/5329/2990 2962/5289/2962
f 2916/5224/2916 3025/5372/3025 2964/5293/2964
f 2965/5294/2965 3026/5373/3026 2943/5262/2943
f 3027/5374/3027 2966/5318/2966 2977/5308/2977
f 3026/5373/3026 2924/5238/2924 2943/5262/2943
f 3028/5375/3028 2992/5331/2992 2933/5250/2933
f 2921/5232/2921 3029/5376/3029 3012/5357/3012
f 2931/5248/2931 3029/5376/3029 2921/5232/2921
f 2922/5233/2922 3030/5377/3030 2918/5227/2918
f 3013/5358/3013 2958/5283/2958 2969/5299/2969
f 3002/5341/3002 3030/5377/3030 2922/5233/2922
f 2995/5334/2995 3029/5376/3029 2931/5248/2931
f 2934/5251/2934 3031/5378/3031 2935/5252/2935
f 3032/5379/3032 2958/5283/2958 3013/5358/3013
f 3031/5378/3031 3003/5343/3003 2935/5252/2935
f 3032/5379/3032 2996/5335/2996 2958/5283/2958
f 3033/5380/3033 2927/5269/2927 2947/5268/2947
f 3033/5380/3033 2947/5268/2947 3003/5342/3003
f 2997/5336/2997 3034/5381/3034 2981/5313/2981
f 2984/5382/2984 3016/5383/3016 2987/5384/2987
f 3015/5361/3015 2979/5311/2979 2910/5213/2910
f 2979/5311/2979 3035/5385/3035 2986/5323/2986
f 2986/5323/2986 2988/5386/2988 2902/5245/2902
f 3036/5387/3036 2974/5305/2974 2973/5304/2973
f 2998/5348/2998 3036/5388/3036 2973/5389/2973
f 3037/5390/3037 2975/5306/2975 2972/5303/2972
f 2938/5256/2938 3021/5391/3021 2861/5148/2861
f 2948/5270/2948 3019/5366/3019 2913/5221/2913
f 3038/5392/3038 2903/5203/2903 2904/5204/2904
f 2961/5328/2961 3008/5352/3008 3039/5393/3039
f 3040/5394/3040 2904/5206/2904 2930/5247/2930
f 2930/5247/2930 3000/5339/3000 3040/5394/3040
f 3023/5370/3023 3022/5369/3022 2939/5258/2939
f 3041/5395/3041 2941/5260/2941 2953/5275/2953
f 2963/5292/2963 2983/5396/2983 3023/5370/3023
f 2990/5329/2990 2983/5317/2983 2982/5316/2982
f 2942/5263/2942 2976/5307/2976 3042/5397/3042
f 2966/5295/2966 3043/5398/3043 2944/5264/2944
f 2933/5250/2933 2924/5319/2924 3028/5375/3028
f 2994/5333/2994 2997/5336/2997 2885/5182/2885
f 3002/5399/3002 2927/5269/2927 3033/5380/3033
f 2980/5312/2980 3006/5349/3006 3017/5364/3017
f 3044/5400/3044 2974/5305/2974 3036/5387/3036
f 2903/5203/2903 3038/5392/3038 2960/5286/2960
f 3021/5391/3021 3006/5349/3006 2861/5148/2861
f 3007/5351/3007 2949/5271/2949 3045/5401/3045
f 2989/5327/2989 3008/5352/3008 2950/5272/2950
f 2949/5271/2949 2952/5274/2952 3045/5401/3045
f 3011/5355/3011 3020/5367/3020 2914/5222/2914
f 2983/5317/2983 2990/5329/2990 3046/5402/3046
f 3041/5395/3041 2954/5277/2954 2941/5260/2941
f 2955/5278/2955 3047/5403/3047 2977/5308/2977
f 3043/5398/3043 3001/5340/3001 2944/5264/2944
f 3048/5404/3048 2978/5309/2978 2968/5298/2968
f 2968/5297/2968 2957/5281/2957 3048/5405/3048
f 2993/5332/2993 2971/5301/2971 3049/5406/3049
f 3016/5363/3016 3037/5390/3037 2972/5303/2972
f 3007/5350/3007 3019/5407/3019 2948/5314/2948
f 3007/5351/3007 3045/5401/3045 3050/5408/3050
f 3037/5390/3037 3010/5409/3010 2975/5306/2975
f 3051/5410/3051 3010/5409/3010 3037/5390/3037
f 3022/5369/3022 3052/5411/3052 2952/5274/2952
f 2961/5288/2961 3039/5412/3039 2999/5338/2999
f 2962/5289/2962 3009/5353/3009 3024/5371/3024
f 2954/5413/2954 3025/5372/3025 2916/5224/2916
f 3012/5356/3012 3047/5403/3047 2955/5278/2955
f 3053/5414/3053 3048/5405/3048 2957/5281/2957
f 2993/5332/2993 3053/5414/3053 2957/5281/2957
f 2993/5332/2993 3054/5415/3054 3053/5414/3053
f 3055/5416/3055 2992/5331/2992 3028/5375/3028
f 2970/5300/2970 3056/5417/3056 3013/5358/3013
f 3055/5416/3055 2994/5333/2994 2992/5331/2992
f 2918/5227/2918 3030/5377/3030 3057/5418/3057
f 2994/5333/2994 3034/5381/3034 2997/5336/2997
f 3049/5419/3049 2971/5310/2971 3058/5420/3058
f 2971/5310/2971 3004/5344/3004 3058/5420/3058
f 2988/5386/2988 2986/5323/2986 3035/5385/3035
f 3035/5385/3035 3018/5421/3018 2988/5386/2988
f 3044/5400/3044 3059/5422/3059 2974/5305/2974
f 3007/5350/3007 3050/5423/3050 3019/5407/3019
f 3040/5394/3040 3060/5424/3060 2904/5206/2904
f 2953/5275/2953 2951/5273/2951 3061/5425/3061
f 2976/5307/2976 2967/5296/2967 3062/5426/3062
f 3042/5427/3042 2976/5428/2976 3062/5429/3062
f 3027/5374/3027 3063/5430/3063 2966/5318/2966
f 3063/5431/3063 3043/5398/3043 2966/5295/2966
f 2918/5227/2918 2991/5330/2991 2956/5280/2956
f 2991/5330/2991 2918/5227/2918 3057/5418/3057
f 2978/5309/2978 3048/5404/3048 3064/5432/3064
f 2970/5320/2970 2978/5309/2978 3056/5433/3056
f 3049/5406/3049 3054/5415/3054 2993/5332/2993
f 3065/5434/3065 3002/5399/3002 3033/5380/3033
f 3065/5434/3065 3033/5380/3033 3003/5342/3003
f 3014/5359/3014 3066/5435/3066 2984/5321/2984
f 3016/5363/3016 2984/5346/2984 3066/5436/3066
f 3015/5361/3015 3067/5437/3067 2979/5311/2979
f 3067/5437/3067 3035/5385/3035 2979/5311/2979
f 2985/5322/2985 3068/5438/3068 2995/5334/2995
f 3035/5439/3035 3069/5440/3069 3018/5365/3018
f 3008/5352/3008 2989/5327/2989 3070/5441/3070
f 3061/5425/3061 2951/5273/2951 3019/5366/3019
f 3060/5442/3060 3038/5392/3038 2904/5204/2904
f 3071/5443/3071 3010/5409/3010 3051/5410/3051
f 3041/5395/3041 2953/5275/2953 3061/5425/3061
f 3024/5371/3024 3046/5402/3046 2990/5329/2990
f 2942/5261/2942 3072/5444/3072 2965/5294/2965
f 3026/5373/3026 2965/5294/2965 3072/5444/3072
f 3073/5445/3073 3027/5374/3027 2977/5308/2977
f 2967/5296/2967 2991/5330/2991 3074/5446/3074
f 3053/5414/3053 3075/5447/3075 3048/5405/3048
f 3075/5448/3075 3064/5432/3064 3048/5404/3048
f 3064/5432/3064 3056/5433/3056 2978/5309/2978
f 3076/5449/3076 3031/5378/3031 2934/5251/2934
f 3076/5449/3076 3003/5343/3003 3031/5378/3031
f 3077/5450/3077 3058/5420/3058 3004/5344/3004
f 3077/5450/3077 3004/5344/3004 2996/5345/2996
f 3078/5451/3078 3014/5360/3014 2960/5286/2960
f 3059/5452/3059 2985/5322/2985 2974/5325/2974
f 2960/5286/2960 3038/5392/3038 3078/5451/3078
f 3006/5349/3006 3021/5391/3021 3079/5453/3079
f 3070/5441/3070 2989/5327/2989 3018/5365/3018
f 3010/5354/3010 3080/5454/3080 3009/5353/3009
f 3081/5455/3081 2999/5338/2999 3039/5412/3039
f 3061/5425/3061 3082/5456/3082 3041/5395/3041
f 3025/5372/3025 2954/5413/2954 3083/5457/3083
f 3072/5444/3072 2942/5261/2942 3042/5427/3042
f 2924/5238/2924 3026/5373/3026 3084/5458/3084
f 3084/5459/3084 3028/5375/3028 2924/5319/2924
f 3029/5376/3029 3085/5460/3085 3086/5461/3086
f 3001/5340/3001 3076/5449/3076 2934/5251/2934
f 3055/5416/3055 3087/5462/3087 2994/5333/2994
f 3085/5460/3085 3029/5376/3029 3088/5463/3088
f 2995/5334/2995 3088/5463/3088 3029/5376/3029
f 3032/5379/3032 3089/5464/3089 2996/5335/2996
f 3090/5465/3090 3089/5464/3089 3032/5379/3032
f 3015/5362/3015 3017/5364/3017 3067/5466/3067
f 3006/5349/3006 3079/5453/3079 3017/5364/3017
f 2952/5274/2952 3052/5411/3052 3045/5401/3045
f 3071/5467/3071 3080/5454/3080 3010/5354/3010
f 3022/5369/3022 3091/5468/3091 3052/5411/3052
f 3081/5455/3081 3011/5355/3011 2999/5338/2999
f 3023/5370/3023 3091/5468/3091 3022/5369/3022
f 3092/5469/3092 3040/5394/3040 3000/5339/3000
f 3046/5402/3046 3093/5470/3093 2983/5317/2983
f 3092/5469/3092 3000/5339/3000 2964/5293/2964
f 3094/5471/3094 3092/5469/3092 2964/5293/2964
f 3083/5457/3083 3094/5471/3094 3025/5372/3025
f 2967/5296/2967 3074/5446/3074 3062/5426/3062
f 3073/5445/3073 2977/5308/2977 3047/5403/3047
f 3095/5472/3095 3001/5340/3001 3043/5398/3043
f 3084/5459/3084 3055/5416/3055 3028/5375/3028
f 3096/5473/3096 3013/5358/3013 3056/5417/3056
f 3049/5406/3049 3097/5474/3097 3054/5415/3054
f 3013/5358/3013 3090/5465/3090 3032/5379/3032
f 3065/5434/3065 3098/5475/3098 3002/5399/3002
f 3065/5434/3065 3003/5342/3003 3099/5476/3099
f 2995/5334/2995 3068/5438/3068 3088/5463/3088
f 3089/5477/3089 3077/5450/3077 2996/5345/2996
f 3078/5451/3078 3100/5478/3100 3014/5360/3014
f 3100/5479/3100 3066/5435/3066 3014/5359/3014
f 3067/5437/3067 3101/5480/3101 3035/5385/3035
f 3035/5385/3035 3101/5480/3101 3069/5481/3069
f 2985/5322/2985 3059/5452/3059 3068/5438/3068
f 3036/5387/3036 3102/5482/3102 3044/5400/3044
f 3019/5366/3019 3103/5483/3103 3061/5425/3061
f 3093/5484/3093 3023/5370/3023 2983/5396/2983
f 3083/5485/3083 2954/5277/2954 3041/5395/3041
f 3094/5471/3094 2964/5293/2964 3025/5372/3025
f 3012/5357/3012 3029/5376/3029 3086/5461/3086
f 3104/5486/3104 3053/5414/3053 3054/5415/3054
f 3034/5381/3034 2994/5333/2994 3087/5462/3087
f 3105/5487/3105 3097/5474/3097 3049/5406/3049
f 3002/5341/3002 3098/5488/3098 3030/5377/3030
f 3049/5419/3049 3058/5420/3058 3105/5489/3105
f 3003/5343/3003 3076/5449/3076 3099/5490/3099
f 3106/5491/3106 3105/5489/3105 3058/5420/3058
f 3107/5492/3107 2981/5313/2981 3034/5381/3034
f 3017/5493/3017 3108/5494/3108 3067/5437/3067
f 3019/5407/3019 3050/5423/3050 3103/5495/3103
f 3109/5496/3109 3039/5393/3039 3008/5352/3008
f 3011/5355/3011 3110/5497/3110 3020/5367/3020
f 3081/5455/3081 3110/5497/3110 3011/5355/3011
f 3092/5469/3092 3111/5498/3111 3040/5394/3040
f 3083/5485/3083 3041/5395/3041 3082/5456/3082
f 3042/5427/3042 3112/5499/3112 3072/5444/3072
f 3074/5446/3074 3113/5500/3113 3062/5426/3062
f 3114/5501/3114 3027/5374/3027 3073/5445/3073
f 3115/5502/3115 2991/5330/2991 3057/5418/3057
f 3076/5449/3076 3001/5340/3001 3095/5472/3095
f 3104/5486/3104 3054/5415/3054 3116/5503/3116
f 3097/5474/3097 3116/5503/3116 3054/5415/3054
f 3076/5449/3076 3117/5504/3117 3099/5490/3099
f 3099/5476/3099 3118/5505/3118 3065/5434/3065
f 3077/5450/3077 3106/5491/3106 3058/5420/3058
f 3016/5363/3016 3066/5436/3066 3119/5506/3119
f 3067/5437/3067 3120/5507/3120 3101/5480/3101
f 2981/5313/2981 3107/5492/3107 3005/5347/3005
f 3108/5494/3108 3120/5507/3120 3067/5437/3067
f 3016/5363/3016 3119/5506/3119 3037/5390/3037
f 3059/5422/3059 3044/5400/3044 3102/5482/3102
f 3021/5391/3021 3121/5508/3121 3079/5453/3079
f 3021/5391/3021 3122/5509/3122 3121/5508/3121
f 3038/5392/3038 3060/5442/3060 3123/5510/3123
f 3070/5441/3070 3109/5496/3109 3008/5352/3008
f 3020/5367/3020 3124/5511/3124 3021/5368/3021
f 3020/5367/3020 3110/5497/3110 3124/5511/3124
f 3125/5512/3125 3039/5393/3039 3109/5496/3109
f 3081/5455/3081 3039/5412/3039 3125/5513/3125
f 3112/5499/3112 3042/5427/3042 3062/5429/3062
f 3063/5430/3063 3027/5374/3027 3114/5501/3114
f 3126/5514/3126 3043/5398/3043 3063/5431/3063
f 3084/5458/3084 3026/5373/3026 3127/5515/3127
f 3043/5398/3043 3126/5514/3126 3095/5472/3095
f 3115/5502/3115 3074/5446/3074 2991/5330/2991
f 3128/5516/3128 3055/5416/3055 3084/5459/3084
f 3104/5486/3104 3075/5447/3075 3053/5414/3053
f 3128/5516/3128 3087/5462/3087 3055/5416/3055
f 3090/5465/3090 3129/5517/3129 3089/5464/3089
f 3098/5475/3098 3065/5434/3065 3118/5505/3118
f 3068/5438/3068 3130/5518/3130 3088/5463/3088
f 3131/5519/3131 3077/5450/3077 3089/5477/3089
f 3119/5520/3119 3066/5435/3066 3100/5479/3100
f 3132/5521/3132 3068/5438/3068 3059/5452/3059
f 3133/5522/3133 3005/5347/3005 3107/5492/3107
f 3101/5480/3101 3134/5523/3134 3069/5481/3069
f 3102/5482/3102 3132/5524/3132 3059/5422/3059
f 3050/5408/3050 3045/5401/3045 3135/5525/3135
f 3052/5411/3052 3135/5525/3135 3045/5401/3045
f 3070/5441/3070 3136/5526/3136 3109/5496/3109
f 3137/5527/3137 3061/5425/3061 3103/5483/3103
f 3040/5394/3040 3111/5498/3111 3060/5424/3060
f 3138/5528/3138 3081/5455/3081 3125/5513/3125
f 3024/5371/3024 3009/5353/3009 3139/5529/3139
f 3024/5371/3024 3140/5530/3140 3046/5402/3046
f 3140/5530/3140 3093/5470/3093 3046/5402/3046
f 3094/5471/3094 3141/5531/3141 3092/5469/3092
f 3127/5515/3127 3026/5373/3026 3142/5532/3142
f 3143/5533/3143 3047/5403/3047 3012/5356/3012
f 3084/5459/3084 3127/5534/3127 3128/5516/3128
f 3012/5356/3012 3086/5535/3086 3143/5533/3143
f 3144/5536/3144 3115/5502/3115 3057/5418/3057
f 3096/5473/3096 3090/5465/3090 3013/5358/3013
f 3145/5537/3145 3105/5489/3105 3106/5491/3106
f 3107/5492/3107 3034/5381/3034 3146/5538/3146
f 3078/5451/3078 3147/5539/3147 3100/5478/3100
f 3079/5453/3079 3108/5540/3108 3017/5364/3017
f 3036/5388/3036 2998/5348/2998 3148/5541/3148
f 2998/5348/2998 3005/5347/3005 3148/5541/3148
f 3038/5392/3038 3123/5510/3123 3078/5451/3078
f 3149/5542/3149 3103/5495/3103 3050/5423/3050
f 3136/5526/3136 3070/5441/3070 3018/5365/3018
f 3137/5527/3137 3103/5483/3103 3149/5543/3149
f 3021/5368/3021 3124/5511/3124 3122/5544/3122
f 3150/5545/3150 3091/5468/3091 3023/5370/3023
f 3080/5454/3080 3151/5546/3151 3009/5353/3009
f 3139/5529/3139 3009/5353/3009 3151/5546/3151
f 3093/5484/3093 3150/5545/3150 3023/5370/3023
f 3024/5371/3024 3139/5529/3139 3140/5530/3140
f 3093/5470/3093 3140/5530/3140 3152/5547/3152
f 3075/5448/3075 3153/5548/3153 3064/5432/3064
f 3064/5432/3064 3096/5549/3096 3056/5433/3056
f 3030/5377/3030 3144/5536/3144 3057/5418/3057
f 3095/5472/3095 3117/5504/3117 3076/5449/3076
f 3131/5519/3131 3106/5491/3106 3077/5450/3077
f 3154/5550/3154 3131/5519/3131 3089/5477/3089
f 3005/5347/3005 3133/5522/3133 3148/5541/3148
f 3078/5451/3078 3123/5510/3123 3155/5551/3155
f 3156/5552/3156 3037/5390/3037 3119/5506/3119
f 3018/5365/3018 3069/5440/3069 3134/5553/3134
f 3157/5554/3157 3102/5482/3102 3036/5387/3036
f 3135/5555/3135 3149/5542/3149 3050/5423/3050
f 3135/5525/3135 3052/5411/3052 3158/5556/3158
f 3138/5528/3138 3110/5497/3110 3081/5455/3081
f 3061/5425/3061 3159/5557/3159 3082/5456/3082
f 3026/5373/3026 3072/5444/3072 3142/5532/3142
f 3143/5533/3143 3073/5445/3073 3047/5403/3047
f 3064/5432/3064 3160/5558/3160 3096/5549/3096
f 3030/5377/3030 3161/5559/3161 3144/5536/3144
f 3088/5463/3088 3130/5518/3130 3085/5460/3085
f 3087/5462/3087 3146/5538/3146 3034/5381/3034
f 3154/5560/3154 3089/5464/3089 3129/5517/3129
f 3162/5561/3162 3119/5520/3119 3100/5479/3100
f 3068/5438/3068 3132/5521/3132 3163/5562/3163
f 3133/5522/3133 3107/5492/3107 3146/5538/3146
f 3136/5526/3136 3018/5365/3018 3134/5553/3134
f 3164/5563/3164 3071/5443/3071 3051/5410/3051
f 3165/5564/3165 3123/5510/3123 3060/5442/3060
f 3152/5565/3152 3150/5545/3150 3093/5484/3093
f 3111/5498/3111 3092/5469/3092 3166/5566/3166
f 3141/5531/3141 3166/5566/3166 3092/5469/3092
f 3128/5516/3128 3127/5534/3127 3167/5567/3167
f 3145/5568/3145 3168/5569/3168 3105/5487/3105
f 3147/5570/3147 3162/5561/3162 3100/5479/3100
f 3101/5480/3101 3120/5507/3120 3169/5571/3169
f 3162/5572/3162 3156/5552/3156 3119/5506/3119
f 3132/5524/3132 3102/5482/3102 3170/5573/3170
f 3157/5554/3157 3170/5573/3170 3102/5482/3102
f 3157/5574/3157 3036/5388/3036 3148/5541/3148
f 3051/5410/3051 3037/5390/3037 3156/5552/3156
f 3061/5425/3061 3137/5527/3137 3159/5557/3159
f 3124/5511/3124 3171/5575/3171 3122/5544/3122
f 3091/5468/3091 3150/5545/3150 3172/5576/3172
f 3105/5487/3105 3168/5569/3168 3097/5474/3097
f 3078/5451/3078 3155/5551/3155 3147/5539/3147
f 3164/5563/3164 3051/5410/3051 3156/5552/3156
f 3122/5509/3122 3173/5577/3173 3121/5508/3121
f 3083/5457/3083 3141/5531/3141 3094/5471/3094
f 3072/5444/3072 3112/5499/3112 3142/5532/3142
f 3114/5501/3114 3174/5578/3174 3063/5430/3063
f 3063/5431/3063 3174/5579/3174 3126/5514/3126
f 3175/5580/3175 3095/5472/3095 3126/5514/3126
f 3176/5581/3176 3075/5447/3075 3104/5486/3104
f 3075/5448/3075 3176/5582/3176 3153/5548/3153
f 3153/5548/3153 3160/5558/3160 3064/5432/3064
f 3176/5581/3176 3104/5486/3104 3116/5503/3116
f 3177/5583/3177 3087/5462/3087 3128/5516/3128
f 3178/5584/3178 3090/5465/3090 3096/5473/3096
f 3118/5505/3118 3179/5585/3179 3098/5475/3098
f 3180/5586/3180 3118/5505/3118 3099/5476/3099
f 3120/5507/3120 3181/5587/3181 3169/5571/3169
f 3182/5588/3182 3109/5496/3109 3136/5526/3136
f 3091/5468/3091 3158/5556/3158 3052/5411/3052
f 3183/5589/3183 3080/5454/3080 3071/5467/3071
f 3184/5590/3184 3138/5528/3138 3125/5513/3125
f 3185/5591/3185 3152/5547/3152 3140/5530/3140
f 3083/5485/3083 3082/5456/3082 3186/5592/3186
f 3112/5499/3112 3062/5429/3062 3187/5593/3187
f 3188/5594/3188 3073/5445/3073 3143/5533/3143
f 3085/5460/3085 3189/5595/3189 3086/5461/3086
f 3130/5518/3130 3189/5595/3189 3085/5460/3085
f 3097/5474/3097 3190/5596/3190 3116/5503/3116
f 3161/5559/3161 3030/5377/3030 3098/5488/3098
f 3168/5569/3168 3190/5596/3190 3097/5474/3097
f 3146/5538/3146 3087/5462/3087 3177/5583/3177
f 3098/5488/3098 3191/5597/3191 3161/5559/3161
f 3192/5598/3192 3180/5599/3180 3099/5490/3099
f 3099/5490/3099 3117/5504/3117 3192/5598/3192
f 3068/5438/3068 3163/5562/3163 3130/5518/3130
f 3162/5561/3162 3147/5570/3147 3193/5600/3193
f 3108/5494/3108 3181/5587/3181 3120/5507/3120
f 3194/5601/3194 3156/5552/3156 3162/5572/3162
f 3170/5602/3170 3163/5562/3163 3132/5521/3132
f 3148/5541/3148 3133/5522/3133 3195/5603/3195
f 3125/5512/3125 3109/5496/3109 3182/5588/3182
f 3184/5604/3184 3125/5512/3125 3182/5588/3182
f 3165/5605/3165 3060/5424/3060 3111/5498/3111
f 3080/5454/3080 3183/5589/3183 3151/5546/3151
f 3196/5606/3196 3166/5566/3166 3141/5531/3141
f 3141/5531/3141 3083/5457/3083 3196/5606/3196
f 3074/5446/3074 3197/5607/3197 3113/5500/3113
f 3114/5501/3114 3073/5445/3073 3188/5594/3188
f 3115/5502/3115 3197/5607/3197 3074/5446/3074
f 3198/5608/3198 3117/5504/3117 3175/5580/3175
f 3175/5580/3175 3117/5504/3117 3095/5472/3095
f 3190/5596/3190 3176/5581/3176 3116/5503/3116
f 3167/5567/3167 3177/5583/3177 3128/5516/3128
f 3160/5609/3160 3178/5584/3178 3096/5473/3096
f 3129/5517/3129 3090/5465/3090 3178/5584/3178
f 3098/5488/3098 3179/5610/3179 3191/5597/3191
f 3079/5453/3079 3121/5508/3121 3108/5540/3108
f 3199/5611/3199 3200/5612/3200 3170/5573/3170
f 3170/5573/3170 3157/5554/3157 3199/5611/3199
f 3201/5613/3201 3135/5525/3135 3158/5556/3158
f 3201/5614/3201 3149/5542/3149 3135/5555/3135
f 3201/5614/3201 3202/5615/3202 3149/5542/3149
f 3137/5527/3137 3149/5543/3149 3202/5616/3202
f 3171/5617/3171 3173/5577/3173 3122/5509/3122
f 3203/5618/3203 3159/5557/3159 3137/5527/3137
f 3165/5564/3165 3204/5619/3204 3123/5510/3123
f 3158/5556/3158 3091/5468/3091 3172/5576/3172
f 3110/5497/3110 3171/5575/3171 3124/5511/3124
f 3138/5528/3138 3205/5620/3205 3110/5497/3110
f 3082/5456/3082 3159/5557/3159 3186/5592/3186
f 3139/5529/3139 3151/5546/3151 3185/5591/3185
f 3185/5591/3185 3140/5530/3140 3139/5529/3139
f 3186/5621/3186 3196/5606/3196 3083/5457/3083
f 3113/5622/3113 3187/5593/3187 3062/5429/3062
f 3142/5532/3142 3206/5623/3206 3127/5515/3127
f 3126/5514/3126 3174/5579/3174 3175/5580/3175
f 3143/5533/3143 3189/5624/3189 3207/5625/3207
f 3143/5533/3143 3086/5535/3086 3189/5624/3189
f 3161/5559/3161 3208/5626/3208 3144/5536/3144
f 3209/5627/3209 3145/5537/3145 3106/5491/3106
f 3180/5586/3180 3179/5585/3179 3118/5505/3118
f 3210/5628/3210 3209/5627/3209 3106/5491/3106
f 3193/5629/3193 3147/5539/3147 3155/5551/3155
f 3169/5571/3169 3134/5523/3134 3101/5480/3101
f 3211/5630/3211 3199/5611/3199 3157/5554/3157
f 3203/5618/3203 3137/5527/3137 3202/5616/3202
f 3158/5556/3158 3172/5576/3172 3212/5631/3212
f 3213/5632/3213 3171/5575/3171 3110/5497/3110
f 3205/5620/3205 3213/5632/3213 3110/5497/3110
f 3111/5498/3111 3214/5633/3214 3165/5605/3165
f 3215/5634/3215 3150/5545/3150 3152/5565/3152
f 3152/5547/3152 3185/5591/3185 3215/5635/3215
f 3112/5499/3112 3187/5593/3187 3142/5532/3142
f 3153/5548/3153 3216/5636/3216 3160/5558/3160
f 3160/5609/3160 3217/5637/3217 3178/5584/3178
f 3218/5638/3218 3154/5560/3154 3129/5517/3129
f 3180/5586/3180 3219/5639/3219 3179/5585/3179
f 3218/5638/3218 3220/5640/3220 3154/5560/3154
f 3221/5641/3221 3133/5522/3133 3146/5538/3146
f 3131/5519/3131 3210/5628/3210 3106/5491/3106
f 3131/5519/3131 3154/5550/3154 3220/5642/3220
f 3162/5561/3162 3193/5600/3193 3222/5643/3222
f 3222/5644/3222 3194/5601/3194 3162/5572/3162
f 3163/5562/3163 3170/5602/3170 3200/5645/3200
f 3121/5508/3121 3223/5646/3223 3108/5540/3108
f 3123/5510/3123 3224/5647/3224 3155/5551/3155
f 3194/5601/3194 3164/5563/3164 3156/5552/3156
f 3225/5648/3225 3136/5526/3136 3134/5553/3134
f 3211/5649/3211 3157/5574/3157 3148/5541/3148
f 3225/5648/3225 3182/5588/3182 3136/5526/3136
f 3201/5613/3201 3158/5556/3158 3212/5631/3212
f 3226/5650/3226 3071/5443/3071 3164/5563/3164
f 3226/5650/3226 3183/5651/3183 3071/5443/3071
f 3214/5633/3214 3204/5652/3204 3165/5605/3165
f 3227/5653/3227 3138/5654/3138 3184/5655/3184
f 3186/5592/3186 3159/5557/3159 3228/5656/3228
f 3166/5566/3166 3229/5657/3229 3111/5498/3111
f 3207/5625/3207 3188/5594/3188 3143/5533/3143
f 3115/5502/3115 3144/5536/3144 3230/5658/3230
f 3208/5626/3208 3230/5658/3230 3144/5536/3144
f 3231/5659/3231 3177/5583/3177 3167/5567/3167
f 3208/5626/3208 3161/5559/3161 3191/5597/3191
f 3145/5568/3145 3232/5660/3232 3168/5569/3168
f 3221/5641/3221 3146/5538/3146 3177/5583/3177
f 3209/5627/3209 3232/5661/3232 3145/5537/3145
f 3220/5642/3220 3210/5628/3210 3131/5519/3131
f 3194/5662/3194 3222/5663/3222 3233/5664/3233
f 3223/5646/3223 3181/5665/3181 3108/5540/3108
f 3134/5523/3134 3169/5571/3169 3234/5666/3234
f 3235/5667/3235 3223/5646/3223 3121/5508/3121
f 3194/5601/3194 3236/5668/3236 3164/5563/3164
f 3202/5615/3202 3237/5669/3237 3238/5670/3238
f 3201/5614/3201 3237/5669/3237 3202/5615/3202
f 3123/5510/3123 3204/5619/3204 3224/5647/3224
f 3201/5613/3201 3212/5631/3212 3237/5671/3237
f 3203/5618/3203 3202/5616/3202 3238/5672/3238
f 3236/5668/3236 3226/5650/3226 3164/5563/3164
f 3138/5528/3138 3227/5673/3227 3205/5620/3205
f 3150/5545/3150 3215/5634/3215 3239/5674/3239
f 3111/5498/3111 3229/5657/3229 3214/5633/3214
f 3240/5675/3240 3205/5620/3205 3227/5673/3227
f 3240/5676/3240 3227/5677/3227 3215/5678/3215
f 3215/5678/3215 3227/5677/3227 3239/5679/3239
f 3240/5680/3240 3185/5591/3185 3151/5546/3151
f 3240/5676/3240 3215/5678/3215 3185/5681/3185
f 3187/5593/3187 3241/5682/3241 3142/5532/3142
f 3188/5594/3188 3174/5578/3174 3114/5501/3114
f 3174/5579/3174 3242/5683/3242 3175/5580/3175
f 3115/5502/3115 3230/5658/3230 3197/5607/3197
f 3160/5558/3160 3216/5636/3216 3217/5684/3217
f 3243/5685/3243 3192/5598/3192 3117/5504/3117
f 3180/5586/3180 3244/5686/3244 3219/5639/3219
f 3133/5522/3133 3221/5641/3221 3195/5603/3195
f 3155/5551/3155 3222/5687/3222 3193/5629/3193
f 3245/5688/3245 3194/5601/3194 3233/5689/3233
f 3246/5690/3246 3171/5575/3171 3213/5632/3213
f 3182/5588/3182 3247/5691/3247 3184/5604/3184
f 3248/5692/3248 3184/5604/3184 3247/5691/3247
f 3248/5693/3248 3247/5694/3247 3172/5576/3172
f 3247/5694/3247 3212/5631/3212 3172/5576/3172
f 3248/5692/3248 3227/5695/3227 3184/5604/3184
f 3228/5656/3228 3159/5557/3159 3203/5618/3203
f 3172/5576/3172 3150/5545/3150 3248/5693/3248
f 3248/5693/3248 3150/5545/3150 3239/5674/3239
f 3249/5696/3249 3151/5546/3151 3183/5589/3183
f 3249/5696/3249 3240/5680/3240 3151/5546/3151
f 3205/5697/3205 3249/5698/3249 3213/5699/3213
f 3240/5700/3240 3249/5698/3249 3205/5697/3205
f 3250/5701/3250 3229/5657/3229 3166/5566/3166
f 3206/5623/3206 3167/5702/3167 3127/5515/3127
f 3251/5703/3251 3153/5548/3153 3176/5582/3176
f 3252/5704/3252 3208/5626/3208 3191/5597/3191
f 3198/5608/3198 3243/5685/3243 3117/5504/3117
f 3179/5610/3179 3252/5704/3252 3191/5597/3191
f 3163/5562/3163 3253/5705/3253 3130/5518/3130
f 3179/5610/3179 3219/5706/3219 3252/5704/3252
f 3218/5638/3218 3129/5517/3129 3178/5584/3178
f 3254/5707/3254 3244/5686/3244 3180/5586/3180
f 3224/5647/3224 3222/5687/3222 3155/5551/3155
f 3194/5601/3194 3245/5688/3245 3236/5668/3236
f 3225/5708/3225 3134/5523/3134 3234/5666/3234
f 3173/5577/3173 3235/5667/3235 3121/5508/3121
f 3171/5617/3171 3246/5709/3246 3173/5577/3173
f 3247/5691/3247 3182/5588/3182 3225/5648/3225
f 3255/5710/3255 3203/5618/3203 3238/5672/3238
f 3226/5711/3226 3249/5696/3249 3183/5589/3183
f 3213/5712/3213 3249/5713/3249 3246/5714/3246
f 3227/5677/3227 3248/5715/3248 3239/5679/3239
f 3250/5701/3250 3166/5566/3166 3196/5606/3196
f 3196/5606/3196 3256/5716/3256 3250/5701/3250
f 3186/5621/3186 3256/5716/3256 3196/5606/3196
f 3113/5622/3113 3241/5682/3241 3187/5593/3187
f 3241/5682/3241 3206/5623/3206 3142/5532/3142
f 3257/5717/3257 3206/5623/3206 3241/5682/3241
f 3258/5718/3258 3174/5578/3174 3188/5594/3188
f 3259/5719/3259 3197/5607/3197 3230/5658/3230
f 3190/5596/3190 3260/5720/3260 3176/5581/3176
f 3176/5581/3176 3260/5720/3260 3251/5721/3251
f 3130/5518/3130 3253/5705/3253 3189/5595/3189
f 3232/5660/3232 3190/5596/3190 3168/5569/3168
f 3209/5627/3209 3261/5722/3261 3232/5661/3232
f 3192/5598/3192 3254/5723/3254 3180/5599/3180
f 3192/5598/3192 3243/5685/3243 3254/5723/3254
f 3253/5705/3253 3163/5562/3163 3200/5645/3200
f 3244/5724/3244 3222/5687/3222 3262/5725/3262
f 3244/5726/3244 3233/5727/3233 3222/5728/3222
f 3224/5647/3224 3262/5725/3262 3222/5687/3222
f 3223/5729/3223 3263/5730/3263 3181/5587/3181
f 3211/5649/3211 3148/5541/3148 3195/5603/3195
f 3264/5731/3264 3200/5645/3200 3199/5732/3199
f 3265/5733/3265 3199/5611/3199 3211/5630/3211
f 3266/5734/3266 3237/5735/3237 3212/5736/3212
f 3235/5667/3235 3173/5577/3173 3246/5709/3246
f 3225/5737/3225 3266/5738/3266 3247/5739/3247
f 3212/5631/3212 3247/5694/3247 3266/5740/3266
f 3267/5741/3267 3246/5742/3246 3226/5743/3226
f 3246/5742/3246 3249/5744/3249 3226/5743/3226
f 3203/5618/3203 3255/5710/3255 3228/5656/3228
f 3268/5745/3268 3229/5657/3229 3250/5701/3250
f 3186/5592/3186 3228/5656/3228 3256/5746/3256
f 3269/5747/3269 3250/5701/3250 3256/5716/3256
f 3270/5748/3270 3113/5500/3113 3197/5607/3197
f 3258/5718/3258 3242/5749/3242 3174/5578/3174
f 3167/5702/3167 3206/5623/3206 3271/5750/3271
f 3207/5625/3207 3258/5718/3258 3188/5594/3188
f 3251/5703/3251 3216/5636/3216 3153/5548/3153
f 3272/5751/3272 3243/5685/3243 3198/5608/3198
f 3273/5752/3273 3177/5583/3177 3231/5659/3231
f 3208/5626/3208 3252/5704/3252 3274/5753/3274
f 3260/5720/3260 3190/5596/3190 3232/5660/3232
f 3273/5752/3273 3195/5603/3195 3221/5641/3221
f 3275/5754/3275 3244/5726/3244 3254/5755/3254
f 3244/5726/3244 3275/5754/3275 3233/5727/3233
f 3181/5587/3181 3276/5756/3276 3169/5571/3169
f 3234/5666/3234 3169/5571/3169 3276/5756/3276
f 3233/5727/3233 3275/5754/3275 3245/5757/3245
f 3245/5758/3245 3275/5759/3275 3223/5760/3223
f 3223/5729/3223 3275/5761/3275 3263/5730/3263
f 3277/5762/3277 3211/5649/3211 3195/5603/3195
f 3223/5763/3223 3235/5764/3235 3245/5765/3245
f 3245/5765/3245 3267/5741/3267 3236/5766/3236
f 3278/5767/3278 3264/5768/3264 3199/5769/3199
f 3265/5770/3265 3278/5771/3278 3199/5772/3199
f 3235/5764/3235 3267/5741/3267 3245/5765/3245
f 3226/5743/3226 3236/5766/3236 3267/5741/3267
f 3238/5773/3238 3237/5774/3237 3278/5775/3278
f 3246/5742/3246 3267/5741/3267 3235/5764/3235
f 3255/5710/3255 3279/5776/3279 3228/5656/3228
f 3214/5633/3214 3229/5657/3229 3268/5745/3268
f 3269/5747/3269 3268/5745/3268 3250/5701/3250
f 3113/5622/3113 3270/5777/3270 3241/5682/3241
f 3206/5623/3206 3280/5778/3280 3271/5750/3271
f 3175/5580/3175 3242/5683/3242 3198/5608/3198
f 3242/5683/3242 3272/5751/3272 3198/5608/3198
f 3231/5659/3231 3167/5567/3167 3271/5779/3271
f 3207/5625/3207 3189/5624/3189 3281/5780/3281
f 3252/5704/3252 3282/5781/3282 3274/5753/3274
f 3253/5705/3253 3283/5782/3283 3189/5595/3189
f 3273/5752/3273 3221/5641/3221 3177/5583/3177
f 3219/5706/3219 3282/5781/3282 3252/5704/3252
f 3178/5584/3178 3220/5640/3220 3218/5638/3218
f 3284/5783/3284 3254/5723/3254 3243/5685/3243
f 3254/5755/3254 3263/5784/3263 3275/5754/3275
f 3254/5785/3254 3284/5786/3284 3263/5787/3263
f 3234/5788/3234 3285/5789/3285 3225/5790/3225
f 3276/5756/3276 3285/5791/3285 3234/5666/3234
f 3277/5762/3277 3265/5770/3265 3211/5649/3211
f 3266/5792/3266 3264/5793/3264 3237/5794/3237
f 3266/5738/3266 3225/5737/3225 3264/5795/3264
f 3237/5774/3237 3264/5796/3264 3278/5775/3278
f 3204/5619/3204 3286/5797/3286 3224/5647/3224
f 3204/5652/3204 3214/5633/3214 3286/5798/3286
f 3286/5798/3286 3214/5633/3214 3268/5745/3268
f 3287/5799/3287 3228/5656/3228 3279/5776/3279
f 3287/5799/3287 3288/5800/3288 3256/5746/3256
f 3287/5799/3287 3256/5746/3256 3228/5656/3228
f 3288/5801/3288 3269/5747/3269 3256/5716/3256
f 3257/5717/3257 3280/5778/3280 3206/5623/3206
f 3197/5607/3197 3259/5719/3259 3270/5748/3270
f 3274/5753/3274 3230/5658/3230 3208/5626/3208
f 3289/5802/3289 3220/5640/3220 3178/5584/3178
f 3219/5639/3219 3244/5686/3244 3282/5803/3282
f 3262/5725/3262 3282/5781/3282 3244/5724/3244
f 3253/5705/3253 3200/5645/3200 3290/5804/3290
f 3277/5762/3277 3195/5603/3195 3291/5805/3291
f 3200/5645/3200 3264/5731/3264 3292/5806/3292
f 3285/5807/3285 3264/5808/3264 3225/5809/3225
f 3265/5770/3265 3293/5810/3293 3278/5771/3278
f 3293/5810/3293 3238/5672/3238 3278/5771/3278
f 3293/5810/3293 3255/5710/3255 3238/5672/3238
f 3279/5776/3279 3255/5710/3255 3294/5811/3294
f 3295/5812/3295 3296/5813/3296 3286/5814/3286
f 3286/5814/3286 3268/5815/3268 3295/5812/3295
f 3288/5816/3288 3287/5817/3287 3297/5818/3297
f 3269/5819/3269 3295/5812/3295 3268/5815/3268
f 3274/5753/3274 3259/5719/3259 3230/5658/3230
f 3272/5751/3272 3242/5683/3242 3298/5820/3298
f 3281/5780/3281 3258/5718/3258 3207/5625/3207
f 3217/5684/3217 3216/5636/3216 3299/5821/3299
f 3272/5751/3272 3284/5783/3284 3243/5685/3243
f 3282/5781/3282 3300/5822/3300 3301/5823/3301
f 3273/5752/3273 3291/5805/3291 3195/5603/3195
f 3263/5730/3263 3302/5824/3302 3181/5587/3181
f 3181/5587/3181 3302/5824/3302 3276/5756/3276
f 3302/5824/3302 3303/5825/3303 3276/5756/3276
f 3292/5806/3292 3290/5804/3290 3200/5645/3200
f 3304/5826/3304 3262/5725/3262 3224/5647/3224
f 3304/5826/3304 3300/5822/3300 3262/5725/3262
f 3276/5756/3276 3303/5825/3303 3305/5827/3305
f 3285/5791/3285 3276/5756/3276 3305/5827/3305
f 3306/5828/3306 3292/5806/3292 3264/5731/3264
f 3264/5808/3264 3285/5807/3285 3306/5829/3306
f 3286/5797/3286 3304/5826/3304 3224/5647/3224
f 3293/5810/3293 3265/5770/3265 3277/5762/3277
f 3293/5830/3293 3294/5831/3294 3255/5832/3255
f 3287/5799/3287 3279/5776/3279 3294/5811/3294
f 3297/5833/3297 3307/5834/3307 3295/5835/3295
f 3308/5836/3308 3297/5818/3297 3287/5817/3287
f 3297/5818/3297 3295/5812/3295 3269/5819/3269
f 3297/5818/3297 3269/5819/3269 3288/5816/3288
f 3258/5718/3258 3309/5837/3309 3242/5749/3242
f 3310/5838/3310 3259/5719/3259 3274/5753/3274
f 3311/5839/3311 3216/5636/3216 3251/5703/3251
f 3312/5840/3312 3231/5659/3231 3271/5779/3271
f 3231/5659/3231 3312/5840/3312 3273/5752/3273
f 3282/5781/3282 3301/5823/3301 3274/5753/3274
f 3289/5802/3289 3178/5584/3178 3217/5637/3217
f 3290/5804/3290 3283/5782/3283 3253/5705/3253
f 3262/5725/3262 3300/5822/3300 3282/5781/3282
f 3302/5841/3302 3261/5722/3261 3209/5627/3209
f 3303/5842/3303 3209/5627/3209 3210/5628/3210
f 3303/5842/3303 3302/5841/3302 3209/5627/3209
f 3303/5842/3303 3210/5628/3210 3313/5843/3313
f 3306/5844/3306 3293/5830/3293 3314/5845/3314
f 3314/5845/3314 3293/5830/3293 3277/5846/3277
f 3306/5844/3306 3294/5831/3294 3293/5830/3293
f 3306/5844/3306 3315/5847/3315 3294/5831/3294
f 3304/5848/3304 3286/5814/3286 3296/5813/3296
f 3315/5847/3315 3308/5836/3308 3287/5817/3287
f 3315/5847/3315 3287/5817/3287 3294/5831/3294
f 3295/5849/3295 3316/5850/3316 3296/5851/3296
f 3316/5852/3316 3295/5853/3295 3307/5854/3307
f 3317/5855/3317 3257/5717/3257 3241/5682/3241
f 3258/5718/3258 3281/5780/3281 3318/5856/3318
f 3280/5778/3280 3319/5857/3319 3271/5750/3271
f 3298/5820/3298 3320/5858/3320 3272/5751/3272
f 3283/5782/3283 3281/5859/3281 3189/5595/3189
f 3312/5840/3312 3271/5779/3271 3319/5860/3319
f 3321/5861/3321 3251/5721/3251 3260/5720/3260
f 3232/5660/3232 3321/5861/3321 3260/5720/3260
f 3273/5752/3273 3312/5840/3312 3322/5862/3322
f 3261/5863/3261 3321/5861/3321 3232/5660/3232
f 3320/5858/3320 3284/5783/3284 3272/5751/3272
f 3291/5805/3291 3273/5752/3273 3322/5862/3322
f 3263/5864/3263 3284/5865/3284 3323/5866/3323
f 3324/5867/3324 3313/5868/3313 3210/5869/3210
f 3210/5628/3210 3220/5642/3220 3324/5870/3324
f 3300/5871/3300 3323/5872/3323 3325/5873/3325
f 3263/5730/3263 3323/5874/3323 3302/5824/3302
f 3300/5871/3300 3304/5848/3304 3326/5875/3326
f 3300/5871/3300 3326/5875/3326 3323/5872/3323
f 3305/5876/3305 3303/5842/3303 3313/5843/3313
f 3292/5877/3292 3306/5844/3306 3314/5845/3314
f 3304/5848/3304 3296/5813/3296 3326/5875/3326
f 3327/5878/3327 3306/5829/3306 3285/5807/3285
f 3296/5879/3296 3328/5880/3328 3326/5881/3326
f 3327/5882/3327 3315/5847/3315 3306/5844/3306
f 3296/5879/3296 3316/5883/3316 3328/5880/3328
f 3329/5884/3329 3316/5885/3316 3307/5834/3307
f 3329/5884/3329 3307/5834/3307 3297/5833/3297
f 3330/5886/3330 3297/5887/3297 3308/5888/3308
f 3241/5682/3241 3270/5777/3270 3317/5855/3317
f 3258/5718/3258 3318/5856/3318 3309/5837/3309
f 3298/5820/3298 3242/5683/3242 3309/5889/3309
f 3274/5753/3274 3301/5823/3301 3310/5838/3310
f 3325/5873/3325 3301/5890/3301 3300/5871/3300
f 3331/5891/3331 3325/5892/3325 3284/5783/3284
f 3289/5802/3289 3332/5893/3332 3220/5640/3220
f 3302/5894/3302 3333/5895/3333 3261/5863/3261
f 3324/5867/3324 3220/5640/3220 3332/5893/3332
f 3322/5862/3322 3334/5896/3334 3291/5805/3291
f 3325/5873/3325 3323/5872/3323 3284/5897/3284
f 3335/5898/3335 3302/5899/3302 3323/5872/3323
f 3335/5900/3335 3336/5901/3336 3302/5894/3302
f 3336/5901/3336 3333/5895/3333 3302/5894/3302
f 3335/5898/3335 3323/5872/3323 3326/5875/3326
f 3277/5846/3277 3291/5902/3291 3314/5845/3314
f 3327/5903/3327 3285/5904/3285 3305/5905/3305
f 3314/5906/3314 3337/5907/3337 3292/5908/3292
f 3338/5909/3338 3316/5885/3316 3329/5884/3329
f 3339/5910/3339 3270/5748/3270 3259/5719/3259
f 3339/5910/3339 3259/5719/3259 3310/5838/3310
f 3340/5911/3340 3318/5856/3318 3281/5780/3281
f 3341/5912/3341 3311/5839/3311 3251/5703/3251
f 3340/5911/3340 3281/5780/3281 3283/5913/3283
f 3216/5636/3216 3311/5839/3311 3299/5821/3299
f 3289/5802/3289 3217/5637/3217 3342/5914/3342
f 3331/5891/3331 3284/5783/3284 3320/5858/3320
f 3343/5915/3343 3301/5823/3301 3325/5916/3325
f 3332/5893/3332 3289/5802/3289 3342/5914/3342
f 3331/5917/3331 3343/5918/3343 3325/5919/3325
f 3333/5895/3333 3344/5920/3344 3261/5863/3261
f 3324/5867/3324 3305/5921/3305 3313/5868/3313
f 3328/5880/3328 3345/5922/3345 3326/5881/3326
f 3326/5923/3326 3346/5924/3346 3335/5925/3335
f 3326/5923/3326 3345/5926/3345 3346/5924/3346
f 3305/5905/3305 3347/5927/3347 3327/5903/3327
f 3328/5880/3328 3316/5883/3316 3348/5928/3348
f 3315/5929/3315 3349/5930/3349 3308/5888/3308
f 3349/5930/3349 3350/5931/3350 3308/5888/3308
f 3330/5932/3330 3329/5884/3329 3297/5833/3297
f 3270/5748/3270 3339/5910/3339 3351/5933/3351
f 3352/5934/3352 3309/5837/3309 3318/5856/3318
f 3310/5838/3310 3353/5935/3353 3339/5910/3339
f 3310/5838/3310 3301/5823/3301 3343/5915/3343
f 3344/5920/3344 3321/5861/3321 3261/5863/3261
f 3354/5936/3354 3324/5867/3324 3332/5893/3332
f 3355/5937/3355 3290/5804/3290 3292/5806/3292
f 3336/5901/3336 3356/5938/3356 3333/5895/3333
f 3357/5939/3357 3355/5937/3355 3292/5806/3292
f 3358/5940/3358 3305/5921/3305 3324/5867/3324
f 3357/5939/3357 3292/5806/3292 3337/5941/3337
f 3357/5942/3357 3314/5943/3314 3291/5805/3291
f 3335/5900/3335 3346/5944/3346 3336/5901/3336
f 3327/5945/3327 3347/5946/3347 3359/5947/3359
f 3348/5928/3348 3316/5883/3316 3338/5948/3338
f 3350/5931/3350 3330/5886/3330 3308/5888/3308
f 3270/5777/3270 3351/5949/3351 3317/5855/3317
f 3352/5950/3352 3298/5820/3298 3309/5889/3309
f 3298/5820/3298 3360/5951/3360 3320/5858/3320
f 3340/5911/3340 3283/5913/3283 3361/5952/3361
f 3321/5861/3321 3341/5953/3341 3251/5721/3251
f 3321/5861/3321 3344/5920/3344 3341/5953/3341
f 3299/5821/3299 3342/5954/3342 3217/5684/3217
f 3361/5955/3361 3283/5782/3283 3362/5956/3362
f 3363/5957/3363 3320/5858/3320 3360/5951/3360
f 3312/5958/3312 3364/5959/3364 3322/5960/3322
f 3365/5961/3365 3331/5962/3331 3363/5963/3363
f 3363/5957/3363 3331/5891/3331 3320/5858/3320
f 3290/5804/3290 3362/5956/3362 3283/5782/3283
f 3364/5964/3364 3334/5896/3334 3322/5862/3322
f 3366/5965/3366 3343/5966/3343 3331/5967/3331
f 3367/5968/3367 3366/5969/3366 3331/5970/3331
f 3333/5971/3333 3365/5961/3365 3344/5972/3344
f 3365/5973/3365 3367/5974/3367 3331/5975/3331
f 3367/5976/3367 3365/5961/3365 3333/5971/3333
f 3367/5977/3367 3333/5978/3333 3356/5979/3356
f 3354/5936/3354 3368/5980/3368 3324/5867/3324
f 3357/5942/3357 3291/5805/3291 3334/5896/3334
f 3368/5980/3368 3358/5940/3358 3324/5867/3324
f 3347/5981/3347 3305/5982/3305 3358/5983/3358
f 3357/5942/3357 3337/5984/3337 3314/5943/3314
f 3330/5886/3330 3350/5931/3350 3369/5985/3369
f 3369/5986/3369 3329/5884/3329 3330/5932/3330
f 3370/5987/3370 3351/5933/3351 3339/5910/3339
f 3340/5911/3340 3352/5934/3352 3318/5856/3318
f 3371/5988/3371 3312/5989/3312 3319/5990/3319
f 3310/5838/3310 3343/5915/3343 3353/5935/3353
f 3365/5961/3365 3363/5963/3363 3344/5972/3344
f 3290/5804/3290 3355/5937/3355 3362/5956/3362
f 3368/5991/3368 3354/5992/3354 3355/5993/3355
f 3357/5939/3357 3372/5994/3372 3355/5937/3355
f 3372/5995/3372 3357/5996/3357 3334/5997/3334
f 3346/5944/3346 3373/5998/3373 3336/5901/3336
f 3348/5928/3348 3345/5922/3345 3328/5880/3328
f 3349/5999/3349 3327/5945/3327 3359/5947/3359
f 3315/5929/3315 3327/6000/3327 3349/5930/3349
f 3348/5928/3348 3338/5948/3338 3374/6001/3374
f 3257/5717/3257 3317/5855/3317 3375/6002/3375
f 3280/5778/3280 3257/5717/3257 3375/6002/3375
f 3375/6002/3375 3376/6003/3376 3280/5778/3280
f 3298/6004/3298 3352/5934/3352 3377/6005/3377
f 3376/6003/3376 3319/5857/3319 3280/5778/3280
f 3377/6006/3377 3370/6007/3370 3298/5820/3298
f 3339/5910/3339 3353/5935/3353 3370/5987/3370
f 3360/5951/3360 3298/5820/3298 3370/6007/3370
f 3361/5952/3361 3378/6008/3378 3340/5911/3340
f 3341/5912/3341 3379/6009/3379 3311/5839/3311
f 3299/5821/3299 3311/5839/3311 3379/6009/3379
f 3363/5957/3363 3360/5951/3360 3380/6010/3380
f 3380/6011/3380 3341/6012/3341 3363/5963/3363
f 3344/5972/3344 3363/5963/3363 3341/6012/3341
f 3364/6013/3364 3312/6014/3312 3371/6015/3371
f 3381/6016/3381 3332/5893/3332 3342/5914/3342
f 3362/6017/3362 3334/6018/3334 3364/6019/3364
f 3354/5936/3354 3332/5893/3332 3381/6016/3381
f 3355/5993/3355 3354/5992/3354 3381/6020/3381
f 3381/6021/3381 3362/5956/3362 3355/5937/3355
f 3362/6022/3362 3381/6023/3381 3334/5997/3334
f 3356/5979/3356 3382/6024/3382 3367/5977/3367
f 3372/6025/3372 3368/5980/3368 3355/6026/3355
f 3358/5940/3358 3368/5980/3368 3383/6027/3383
f 3373/6028/3373 3356/6029/3356 3336/6030/3336
f 3347/5981/3347 3373/6028/3373 3346/6031/3346
f 3345/5926/3345 3384/6032/3384 3346/5924/3346
f 3346/5924/3346 3385/6033/3385 3347/5946/3347
f 3359/5947/3359 3347/5946/3347 3385/6033/3385
f 3374/6001/3374 3345/5922/3345 3348/5928/3348
f 3369/5986/3369 3386/6034/3386 3329/5884/3329
f 3317/6035/3317 3351/6036/3351 3387/6037/3387
f 3353/6038/3353 3360/6039/3360 3370/6040/3370
f 3353/6038/3353 3380/6041/3380 3360/6039/3360
f 3388/6042/3388 3379/6009/3379 3341/5912/3341
f 3341/5912/3341 3380/6043/3380 3388/6042/3388
f 3389/6044/3389 3299/5821/3299 3379/6009/3379
f 3390/6045/3390 3299/5821/3299 3389/6044/3389
f 3390/6045/3390 3342/5954/3342 3299/5821/3299
f 3380/6041/3380 3353/6038/3353 3343/6046/3343
f 3361/6047/3361 3362/6048/3362 3364/6049/3364
f 3380/6041/3380 3343/6046/3343 3366/6050/3366
f 3390/6051/3390 3381/6016/3381 3342/5914/3342
f 3367/5968/3367 3382/6052/3382 3366/5969/3366
f 3372/5995/3372 3334/5997/3334 3381/6023/3381
f 3346/5924/3346 3384/6032/3384 3385/6033/3385
f 3338/5909/3338 3329/5884/3329 3386/6034/3386
f 3317/5855/3317 3387/6053/3387 3375/6002/3375
f 3379/6054/3379 3391/6055/3391 3378/6056/3378
f 3378/6008/3378 3391/6057/3391 3352/5934/3352
f 3378/6008/3378 3352/5934/3352 3340/5911/3340
f 3389/6058/3389 3379/6054/3379 3378/6056/3378
f 3371/5988/3371 3392/6059/3392 3361/6047/3361
f 3380/6060/3380 3393/6061/3393 3388/6062/3388
f 3389/6058/3389 3378/6056/3378 3390/6063/3390
f 3390/6063/3390 3378/6056/3378 3361/6064/3361
f 3361/6047/3361 3364/6049/3364 3371/5988/3371
f 3393/6061/3393 3380/6060/3380 3366/6065/3366
f 3358/5983/3358 3373/6028/3373 3347/5981/3347
f 3385/6033/3385 3394/6066/3394 3359/5947/3359
f 3394/6066/3394 3349/5999/3349 3359/5947/3359
f 3395/6067/3395 3338/5909/3338 3386/6034/3386
f 3396/6068/3396 3369/5985/3369 3350/5931/3350
f 3377/6069/3377 3387/6070/3387 3351/6071/3351
f 3370/6072/3370 3377/6069/3377 3351/6071/3351
f 3352/5934/3352 3391/6057/3391 3377/6005/3377
f 3379/6054/3379 3388/6073/3388 3391/6055/3391
f 3376/6074/3376 3392/6059/3392 3319/5990/3319
f 3319/5990/3319 3392/6059/3392 3371/5988/3371
f 3392/6059/3392 3390/6075/3390 3361/6047/3361
f 3393/6061/3393 3397/6076/3397 3388/6062/3388
f 3398/6077/3398 3390/6051/3390 3399/6078/3399
f 3398/6077/3398 3381/6016/3381 3390/6051/3390
f 3398/6077/3398 3372/6025/3372 3381/6016/3381
f 3372/6025/3372 3400/6079/3400 3368/5980/3368
f 3400/6079/3400 3383/6027/3383 3368/5980/3368
f 3373/6028/3373 3401/6080/3401 3356/6029/3356
f 3350/5931/3350 3349/5930/3349 3402/6081/3402
f 3376/6082/3376 3403/6083/3403 3392/6084/3392
f 3392/6084/3392 3399/6078/3399 3390/6051/3390
f 3382/6024/3382 3404/6085/3404 3366/6086/3366
f 3356/5979/3356 3404/6085/3404 3382/6024/3382
f 3356/6087/3356 3405/6088/3405 3404/6089/3404
f 3405/6090/3405 3356/6029/3356 3401/6080/3401
f 3383/6027/3383 3406/6091/3406 3358/5940/3358
f 3406/6092/3406 3373/6028/3373 3358/5983/3358
f 3406/6092/3406 3401/6080/3401 3373/6028/3373
f 3384/6032/3384 3401/6093/3401 3385/6033/3385
f 3385/6033/3385 3401/6093/3401 3407/6094/3407
f 3345/5922/3345 3374/6001/3374 3408/6095/3408
f 3395/6067/3395 3386/6034/3386 3409/6096/3409
f 3369/5986/3369 3409/6096/3409 3386/6034/3386
f 3387/6053/3387 3410/6097/3410 3375/6002/3375
f 3411/6098/3411 3410/6097/3410 3387/6053/3387
f 3410/6097/3410 3376/6003/3376 3375/6002/3375
f 3377/6099/3377 3412/6100/3412 3387/6101/3387
f 3376/6003/3376 3410/6097/3410 3403/6102/3403
f 3391/6057/3391 3412/6103/3412 3377/6005/3377
f 3388/6062/3388 3412/6100/3412 3391/6104/3391
f 3399/6078/3399 3392/6084/3392 3403/6083/3403
f 3400/6079/3400 3372/6025/3372 3398/6077/3398
f 3405/6090/3405 3401/6080/3401 3413/6105/3413
f 3385/6033/3385 3407/6094/3407 3394/6066/3394
f 3395/6106/3395 3374/6001/3374 3338/5948/3338
f 3402/6081/3402 3396/6068/3396 3350/5931/3350
f 3409/6107/3409 3369/6108/3369 3396/6109/3396
f 3388/6062/3388 3397/6076/3397 3412/6100/3412
f 3414/6110/3414 3399/6078/3399 3403/6083/3403
f 3393/6061/3393 3366/6065/3366 3404/6089/3404
f 3345/5926/3345 3415/6111/3415 3384/6032/3384
f 3401/6112/3401 3415/6113/3415 3413/6114/3413
f 3401/6093/3401 3384/6032/3384 3415/6111/3415
f 3407/6115/3407 3401/6116/3401 3406/6117/3406
f 3345/5922/3345 3408/6095/3408 3415/6118/3415
f 3349/5999/3349 3394/6066/3394 3416/6119/3416
f 3416/6120/3416 3402/6081/3402 3349/5930/3349
f 3417/6121/3417 3374/6122/3374 3395/6123/3395
f 3417/6121/3417 3395/6123/3395 3409/6107/3409
f 3396/6109/3396 3418/6124/3418 3409/6107/3409
f 3418/6124/3418 3396/6109/3396 3402/6125/3402
f 3397/6076/3397 3419/6126/3419 3412/6100/3412
f 3420/6127/3420 3421/6128/3421 3407/6129/3407
f 3420/6130/3420 3407/6131/3407 3406/6091/3406
f 3421/6132/3421 3394/6066/3394 3407/6094/3407
f 3421/6132/3421 3416/6119/3416 3394/6066/3394
f 3374/6001/3374 3417/6133/3417 3408/6095/3408
f 3417/6121/3417 3418/6124/3418 3422/6134/3422
f 3416/6135/3416 3418/6124/3418 3402/6125/3402
f 3417/6121/3417 3409/6107/3409 3418/6124/3418
f 3423/6136/3423 3387/6101/3387 3412/6100/3412
f 3411/6137/3411 3387/6101/3387 3423/6136/3423
f 3424/6138/3424 3393/6061/3393 3404/6089/3404
f 3400/6079/3400 3425/6139/3425 3383/6027/3383
f 3405/6090/3405 3413/6105/3413 3426/6140/3426
f 3425/6139/3425 3420/6130/3420 3406/6091/3406
f 3425/6139/3425 3406/6091/3406 3383/6027/3383
f 3421/6141/3421 3413/6142/3413 3415/6143/3415
f 3421/6141/3421 3415/6143/3415 3422/6134/3422
f 3426/6140/3426 3413/6105/3413 3421/6128/3421
f 3422/6134/3422 3415/6143/3415 3408/6144/3408
f 3422/6134/3422 3418/6124/3418 3421/6141/3421
f 3416/6135/3416 3421/6141/3421 3418/6124/3418
f 3408/6144/3408 3417/6121/3417 3422/6134/3422
f 3427/6145/3427 3410/6097/3410 3411/6098/3411
f 3419/6126/3419 3428/6146/3428 3412/6100/3412
f 3414/6110/3414 3398/6077/3398 3399/6078/3399
f 3405/6088/3405 3424/6138/3424 3404/6089/3404
f 3405/6088/3405 3426/6147/3426 3424/6138/3424
f 3410/6097/3410 3427/6145/3427 3403/6102/3403
f 3412/6100/3412 3428/6146/3428 3423/6136/3423
f 3403/6083/3403 3427/6148/3427 3414/6110/3414
f 3429/6149/3429 3398/6077/3398 3414/6110/3414
f 3430/6150/3430 3400/6079/3400 3398/6077/3398
f 3400/6079/3400 3430/6150/3430 3425/6139/3425
f 3431/6151/3431 3411/6152/3411 3423/6153/3423
f 3432/6154/3432 3419/6126/3419 3397/6076/3397
f 3397/6076/3397 3393/6061/3393 3433/6155/3433
f 3434/6156/3434 3397/6076/3397 3433/6155/3433
f 3424/6138/3424 3433/6155/3433 3393/6061/3393
f 3425/6139/3425 3435/6157/3435 3420/6130/3420
f 3421/6128/3421 3420/6127/3420 3435/6158/3435
f 3427/6145/3427 3411/6098/3411 3431/6159/3431
f 3431/6151/3431 3423/6153/3423 3428/6160/3428
f 3436/6161/3436 3427/6162/3427 3431/6163/3431
f 3436/6164/3436 3414/6110/3414 3427/6148/3427
f 3437/6165/3437 3429/6166/3429 3436/6167/3436
f 3436/6164/3436 3429/6149/3429 3414/6110/3414
f 3434/6168/3434 3432/6169/3432 3397/6170/3397
f 3438/6171/3438 3429/6149/3429 3437/6172/3437
f 3438/6173/3438 3430/6174/3430 3429/6175/3429
f 3398/6077/3398 3429/6149/3429 3430/6150/3430
f 3424/6138/3424 3439/6176/3439 3433/6155/3433
f 3439/6176/3439 3424/6138/3424 3440/6177/3440
f 3426/6147/3426 3440/6177/3440 3424/6138/3424
f 3426/6140/3426 3441/6178/3441 3440/6179/3440
f 3421/6128/3421 3441/6178/3441 3426/6140/3426
f 3435/6158/3435 3441/6178/3441 3421/6128/3421
f 3442/6180/3442 3437/6172/3437 3436/6164/3436
f 3425/6139/3425 3430/6150/3430 3443/6181/3443
f 3443/6181/3443 3435/6157/3435 3425/6139/3425
f 3428/6146/3428 3444/6182/3444 3431/6183/3431
f 3436/6184/3436 3431/6185/3431 3445/6186/3445
f 3442/6187/3442 3436/6184/3436 3445/6186/3445
f 3419/6126/3419 3446/6188/3446 3428/6146/3428
f 3432/6154/3432 3446/6188/3446 3419/6126/3419
f 3447/6189/3447 3437/6172/3437 3442/6180/3442
f 3437/6172/3437 3447/6189/3447 3438/6171/3438
f 3448/6190/3448 3432/6169/3432 3434/6168/3434
f 3438/6171/3438 3447/6189/3447 3449/6191/3449
f 3450/6192/3450 3434/6156/3434 3433/6155/3433
f 3448/6193/3448 3434/6194/3434 3451/6195/3451
f 3448/6193/3448 3451/6195/3451 3438/6196/3438
f 3452/6197/3452 3450/6192/3450 3433/6155/3433
f 3430/6174/3430 3438/6173/3438 3453/6198/3453
f 3452/6197/3452 3433/6155/3433 3439/6176/3439
f 3430/6150/3430 3454/6199/3454 3443/6181/3443
f 3431/6185/3431 3444/6200/3444 3445/6186/3445
f 3428/6146/3428 3446/6188/3446 3444/6182/3444
f 3449/6201/3449 3448/6202/3448 3438/6203/3438
f 3434/6204/3434 3450/6205/3450 3451/6206/3451
f 3451/6195/3451 3453/6207/3453 3438/6196/3438
f 3453/6208/3453 3454/6209/3454 3430/6210/3430
f 3448/6202/3448 3455/6211/3455 3432/6212/3432
f 3440/6177/3440 3456/6213/3456 3439/6176/3439
f 3454/6199/3454 3457/6214/3457 3443/6181/3443
f 3458/6215/3458 3440/6179/3440 3441/6178/3441
f 3459/6216/3459 3441/6178/3441 3435/6158/3435
f 3446/6188/3446 3455/6217/3455 3444/6182/3444
f 3445/6186/3445 3460/6218/3460 3442/6187/3442
f 3455/6217/3455 3446/6188/3446 3432/6154/3432
f 3461/6219/3461 3455/6211/3455 3448/6202/3448
f 3461/6219/3461 3448/6202/3448 3449/6201/3449
f 3449/6191/3449 3447/6189/3447 3462/6220/3462
f 3439/6176/3439 3456/6213/3456 3452/6197/3452
f 3435/6157/3435 3443/6181/3443 3459/6221/3459
f 3444/6200/3444 3460/6218/3460 3445/6186/3445
f 3463/6222/3463 3447/6189/3447 3442/6180/3442
f 3462/6220/3462 3447/6189/3447 3463/6222/3463
f 3451/6206/3451 3450/6205/3450 3464/6223/3464
f 3450/6192/3450 3452/6197/3452 3465/6224/3465
f 3459/6216/3459 3466/6225/3466 3441/6178/3441
f 3467/6226/3467 3444/6182/3444 3455/6217/3455
f 3465/6227/3465 3464/6223/3464 3450/6205/3450
f 3461/6219/3461 3449/6201/3449 3468/6228/3468
f 3462/6220/3462 3468/6229/3468 3449/6191/3449
f 3466/6225/3466 3458/6215/3458 3441/6178/3441
f 3467/6230/3467 3460/6218/3460 3444/6200/3444
f 3460/6218/3460 3463/6231/3463 3442/6187/3442
f 3461/6219/3461 3469/6232/3469 3455/6211/3455
f 3451/6206/3451 3470/6233/3470 3453/6234/3453
f 3454/6235/3454 3453/6234/3453 3470/6233/3470
f 3456/6213/3456 3465/6224/3465 3452/6197/3452
f 3460/6218/3460 3471/6236/3471 3463/6231/3463
f 3469/6237/3469 3467/6226/3467 3455/6217/3455
f 3472/6238/3472 3462/6220/3462 3463/6222/3463
f 3470/6239/3470 3457/6214/3457 3454/6199/3454
f 3440/6177/3440 3458/6240/3458 3456/6213/3456
f 3457/6214/3457 3473/6241/3473 3443/6181/3443
f 3472/6242/3472 3463/6231/3463 3471/6236/3471
f 3457/6214/3457 3470/6239/3470 3474/6243/3474
f 3473/6241/3473 3459/6221/3459 3443/6181/3443
f 3475/6244/3475 3466/6225/3466 3459/6216/3459
f 3464/6223/3464 3476/6245/3476 3451/6206/3451
f 3451/6206/3451 3476/6245/3476 3470/6233/3470
f 3458/6215/3458 3466/6225/3466 3477/6246/3477
f 3473/6241/3473 3475/6247/3475 3459/6221/3459
f 3478/6248/3478 3469/6232/3469 3461/6219/3461
f 3468/6229/3468 3462/6220/3462 3479/6249/3479
f 3458/6240/3458 3480/6250/3480 3456/6213/3456
f 3481/6251/3481 3457/6214/3457 3474/6243/3474
f 3481/6251/3481 3473/6241/3473 3457/6214/3457
f 3479/6249/3479 3462/6220/3462 3472/6238/3472
f 3477/6246/3477 3466/6225/3466 3482/6252/3482
f 3482/6252/3482 3466/6225/3466 3475/6244/3475
f 3483/6253/3483 3467/6226/3467 3469/6237/3469
f 3484/6254/3484 3461/6219/3461 3468/6228/3468
f 3470/6233/3470 3476/6245/3476 3474/6255/3474
f 3480/6250/3480 3465/6224/3465 3456/6213/3456
f 3477/6256/3477 3480/6250/3480 3458/6240/3458
f 3485/6257/3485 3473/6241/3473 3481/6251/3481
f 3473/6241/3473 3485/6257/3485 3475/6247/3475
f 3478/6258/3478 3483/6253/3483 3469/6237/3469
f 3486/6259/3486 3481/6251/3481 3474/6243/3474
f 3467/6230/3467 3471/6236/3471 3460/6218/3460
f 3484/6260/3484 3468/6229/3468 3479/6249/3479
f 3464/6223/3464 3465/6227/3465 3487/6261/3487
f 3487/6261/3487 3476/6245/3476 3464/6223/3464
f 3465/6224/3465 3488/6262/3488 3487/6263/3487
f 3489/6264/3489 3471/6236/3471 3467/6230/3467
f 3471/6236/3471 3479/6265/3479 3472/6242/3472
f 3490/6266/3490 3484/6260/3484 3479/6249/3479
f 3484/6254/3484 3478/6248/3478 3461/6219/3461
f 3476/6245/3476 3491/6267/3491 3474/6255/3474
f 3486/6259/3486 3474/6243/3474 3491/6268/3491
f 3486/6259/3486 3485/6257/3485 3481/6251/3481
f 3483/6253/3483 3489/6269/3489 3467/6226/3467
f 3484/6254/3484 3492/6270/3492 3478/6248/3478
f 3487/6261/3487 3492/6271/3492 3476/6245/3476
f 3476/6245/3476 3492/6271/3492 3491/6267/3491
f 3488/6262/3488 3465/6224/3465 3480/6250/3480
f 3480/6250/3480 3477/6256/3477 3488/6262/3488
f 3493/6272/3493 3477/6246/3477 3482/6252/3482
f 3471/6236/3471 3489/6264/3489 3494/6273/3494
f 3479/6265/3479 3471/6236/3471 3494/6273/3494
f 3478/6258/3478 3495/6274/3495 3483/6253/3483
f 3492/6275/3492 3495/6274/3495 3478/6258/3478
f 3496/6276/3496 3488/6262/3488 3477/6256/3477
f 3497/6277/3497 3475/6247/3475 3485/6257/3485
f 3498/6278/3498 3482/6252/3482 3475/6244/3475
f 3489/6269/3489 3483/6253/3483 3495/6274/3495
f 3479/6249/3479 3494/6279/3494 3490/6266/3490
f 3491/6280/3491 3492/6270/3492 3484/6254/3484
f 3488/6262/3488 3496/6276/3496 3487/6263/3487
f 3486/6259/3486 3491/6268/3491 3499/6281/3499
f 3493/6282/3493 3496/6276/3496 3477/6256/3477
f 3499/6281/3499 3485/6257/3485 3486/6259/3486
f 3500/6283/3500 3485/6257/3485 3499/6281/3499
f 3500/6283/3500 3497/6277/3497 3485/6257/3485
f 3475/6244/3475 3497/6284/3497 3498/6278/3498
f 3492/6271/3492 3487/6261/3487 3501/6285/3501
f 3502/6286/3502 3491/6268/3491 3484/6260/3484
f 3487/6287/3487 3496/6288/3496 3501/6289/3501
f 3502/6286/3502 3499/6281/3499 3491/6268/3491
f 3495/6274/3495 3503/6290/3503 3489/6269/3489
f 3494/6273/3494 3489/6264/3489 3503/6291/3503
f 3504/6292/3504 3492/6271/3492 3501/6285/3501
f 3484/6260/3484 3490/6266/3490 3502/6286/3502
f 3498/6278/3498 3493/6272/3493 3482/6252/3482
f 3503/6293/3503 3505/6294/3505 3494/6295/3494
f 3506/6296/3506 3494/6295/3494 3505/6294/3505
f 3506/6296/3506 3490/6297/3490 3494/6295/3494
f 3504/6298/3504 3495/6274/3495 3492/6275/3492
f 3507/6299/3507 3499/6281/3499 3502/6286/3502
f 3497/6284/3497 3508/6300/3508 3498/6278/3498
f 3509/6301/3509 3505/6302/3505 3503/6290/3503
f 3503/6290/3503 3495/6274/3495 3509/6301/3509
f 3490/6266/3490 3506/6303/3506 3510/6304/3510
f 3496/6276/3496 3511/6305/3511 3501/6306/3501
f 3512/6307/3512 3500/6283/3500 3499/6281/3499
f 3500/6283/3500 3508/6308/3508 3497/6277/3497
f 3495/6274/3495 3504/6298/3504 3509/6301/3509
f 3502/6286/3502 3490/6266/3490 3510/6304/3510
f 3501/6306/3501 3511/6305/3511 3504/6298/3504
f 3493/6282/3493 3513/6309/3513 3496/6276/3496
f 3514/6310/3514 3493/6272/3493 3498/6278/3498
f 3513/6309/3513 3511/6305/3511 3496/6276/3496
f 3515/6311/3515 3506/6312/3506 3505/6313/3505
f 3510/6314/3510 3506/6312/3506 3516/6315/3516
f 3511/6316/3511 3517/6317/3517 3504/6318/3504
f 3508/6300/3508 3514/6310/3514 3498/6278/3498
f 3515/6311/3515 3505/6313/3505 3509/6319/3509
f 3509/6301/3509 3504/6298/3504 3517/6320/3517
f 3502/6286/3502 3510/6304/3510 3518/6321/3518
f 3518/6321/3518 3507/6299/3507 3502/6286/3502
f 3507/6299/3507 3512/6307/3512 3499/6281/3499
f 3493/6282/3493 3514/6322/3514 3513/6309/3513
f 3515/6311/3515 3516/6315/3516 3506/6312/3506
f 3519/6323/3519 3515/6324/3515 3509/6301/3509
f 3509/6301/3509 3517/6320/3517 3519/6323/3519
f 3518/6321/3518 3510/6304/3510 3516/6325/3516
f 3513/6309/3513 3520/6326/3520 3511/6305/3511
f 3521/6327/3521 3507/6299/3507 3518/6321/3518
f 3508/6308/3508 3500/6283/3500 3522/6328/3522
f 3523/6329/3523 3521/6330/3521 3518/6331/3518
f 3500/6283/3500 3512/6307/3512 3522/6328/3522
f 3508/6300/3508 3524/6332/3524 3514/6310/3514
f 3525/6333/3525 3518/6321/3518 3516/6325/3516
f 3511/6334/3511 3526/6335/3526 3517/6336/3517
f 3517/6337/3517 3526/6338/3526 3523/6329/3523
f 3527/6339/3527 3523/6329/3523 3526/6338/3526
f 3527/6339/3527 3521/6330/3521 3523/6329/3523
f 3527/6340/3527 3528/6341/3528 3521/6342/3521
f 3507/6299/3507 3521/6327/3521 3528/6343/3528
f 3528/6343/3528 3512/6307/3512 3507/6299/3507
f 3529/6344/3529 3508/6308/3508 3522/6328/3522
f 3529/6345/3529 3524/6332/3524 3508/6300/3508
f 3530/6346/3530 3519/6323/3519 3517/6320/3517
f 3523/6347/3523 3530/6348/3530 3517/6349/3517
f 3520/6350/3520 3526/6351/3526 3511/6352/3511
f 3531/6353/3531 3513/6309/3513 3514/6322/3514
f 3531/6353/3531 3514/6322/3514 3524/6354/3524
f 3522/6328/3522 3512/6307/3512 3532/6355/3532
f 3533/6356/3533 3515/6324/3515 3519/6323/3519
f 3533/6357/3533 3516/6315/3516 3515/6311/3515
f 3533/6358/3533 3525/6333/3525 3516/6325/3516
f 3534/6359/3534 3518/6321/3518 3525/6333/3525
f 3535/6360/3535 3536/6361/3536 3526/6362/3526
f 3536/6361/3536 3527/6340/3527 3526/6362/3526
f 3531/6353/3531 3524/6354/3524 3537/6363/3537
f 3522/6328/3522 3538/6364/3538 3529/6344/3529
f 3537/6365/3537 3524/6366/3524 3529/6367/3529
f 3537/6365/3537 3529/6367/3529 3538/6368/3538
f 3539/6369/3539 3537/6365/3537 3538/6368/3538
f 3537/6365/3537 3539/6369/3539 3540/6370/3540
f 3541/6371/3541 3542/6372/3542 3543/6373/3543
f 3540/6374/3540 3543/6375/3543 3542/6376/3542
f 3540/6370/3540 3539/6369/3539 3544/6377/3544
f 3545/6378/3545 3541/6371/3541 3543/6373/3543
f 3546/6379/3546 3541/6371/3541 3545/6378/3545
f 3547/6380/3547 3541/6381/3541 3546/6382/3546
f 3548/6383/3548 3546/6379/3546 3545/6378/3545
f 3547/6384/3547 3546/6385/3546 3549/6386/3549
f 3548/6383/3548 3549/6387/3549 3546/6379/3546
f 3548/6383/3548 3550/6388/3550 3549/6387/3549
f 3548/6389/3548 3551/6390/3551 3550/6391/3550
f 3551/6392/3551 3552/6393/3552 3550/6394/3550
f 3553/6395/3553 3547/6384/3547 3549/6386/3549
f 3554/6396/3554 3549/6386/3549 3550/6397/3550
f 3554/6396/3554 3553/6395/3553 3549/6386/3549
f 3555/6398/3555 3530/6348/3530 3523/6347/3523
f 3523/6399/3523 3518/6400/3518 3534/6401/3534
f 3555/6402/3555 3523/6403/3523 3534/6359/3534
f 3526/6404/3526 3520/6326/3520 3535/6405/3535
f 3556/6406/3556 3520/6326/3520 3513/6309/3513
f 3536/6361/3536 3528/6341/3528 3527/6340/3527
f 3557/6407/3557 3558/6408/3558 3559/6409/3559
f 3537/6363/3537 3560/6410/3560 3531/6353/3531
f 3542/6376/3542 3560/6410/3560 3537/6363/3537
f 3540/6374/3540 3542/6376/3542 3537/6363/3537
f 3543/6411/3543 3540/6370/3540 3544/6377/3544
f 3543/6411/3543 3544/6377/3544 3552/6412/3552
f 3561/6413/3561 3552/6412/3552 3544/6377/3544
f 3552/6412/3552 3561/6413/3561 3550/6414/3550
f 3548/6389/3548 3562/6415/3562 3551/6390/3551
f 3561/6416/3561 3554/6417/3554 3550/6418/3550
f 3563/6419/3563 3533/6420/3533 3519/6421/3519
f 3513/6309/3513 3531/6353/3531 3556/6406/3556
f 3559/6409/3559 3558/6408/3558 3564/6422/3564
f 3565/6423/3565 3566/6424/3566 3557/6425/3557
f 3558/6426/3558 3557/6425/3557 3566/6424/3566
f 3522/6328/3522 3532/6355/3532 3567/6427/3567
f 3568/6428/3568 3539/6429/3539 3538/6364/3538
f 3545/6430/3545 3543/6431/3543 3569/6432/3569
f 3543/6433/3543 3552/6434/3552 3569/6435/3569
f 3570/6436/3570 3561/6416/3561 3544/6437/3544
f 3571/6438/3571 3548/6439/3548 3545/6440/3545
f 3572/6441/3572 3552/6393/3552 3551/6392/3551
f 3573/6442/3573 3554/6417/3554 3561/6416/3561
f 3530/6346/3530 3563/6443/3563 3519/6323/3519
f 3559/6444/3559 3564/6445/3564 3574/6446/3574
f 3559/6447/3559 3575/6448/3575 3557/6449/3557
f 3576/6450/3576 3557/6449/3557 3575/6448/3575
f 3558/6451/3558 3577/6452/3577 3564/6453/3564
f 3560/6410/3560 3578/6454/3578 3531/6353/3531
f 3576/6450/3576 3565/6455/3565 3557/6449/3557
f 3569/6435/3569 3552/6434/3552 3572/6456/3572
f 3579/6457/3579 3548/6439/3548 3571/6438/3571
f 3561/6416/3561 3570/6436/3570 3573/6442/3573
f 3580/6458/3580 3534/6359/3534 3525/6333/3525
f 3555/6398/3555 3581/6459/3581 3530/6348/3530
f 3574/6446/3574 3582/6460/3582 3559/6444/3559
f 3583/6461/3583 3512/6307/3512 3528/6343/3528
f 3559/6447/3559 3582/6462/3582 3575/6448/3575
f 3566/6463/3566 3577/6452/3577 3558/6451/3558
f 3584/6464/3584 3560/6410/3560 3542/6376/3542
f 3585/6465/3585 3544/6437/3544 3539/6429/3539
f 3547/6380/3547 3586/6466/3586 3541/6381/3541
f 3545/6467/3545 3569/6435/3569 3571/6468/3571
f 3587/6469/3587 3572/6441/3572 3551/6392/3551
f 3588/6470/3588 3586/6466/3586 3547/6380/3547
f 3554/6417/3554 3573/6442/3573 3589/6471/3589
f 3535/6405/3535 3520/6326/3520 3590/6472/3590
f 3531/6353/3531 3578/6454/3578 3556/6406/3556
f 3583/6461/3583 3532/6355/3532 3512/6307/3512
f 3567/6427/3567 3538/6364/3538 3522/6328/3522
f 3568/6428/3568 3538/6364/3538 3567/6427/3567
f 3591/6473/3591 3592/6474/3592 3542/6376/3542
f 3541/6381/3541 3591/6473/3591 3542/6376/3542
f 3585/6465/3585 3570/6436/3570 3544/6437/3544
f 3562/6415/3562 3548/6389/3548 3579/6475/3579
f 3593/6476/3593 3587/6469/3587 3551/6392/3551
f 3562/6415/3562 3593/6477/3593 3551/6390/3551
f 3553/6395/3553 3588/6478/3588 3547/6384/3547
f 3589/6479/3589 3553/6395/3553 3554/6396/3554
f 3525/6480/3525 3533/6420/3533 3594/6481/3594
f 3525/6333/3525 3594/6482/3594 3580/6458/3580
f 3535/6360/3535 3595/6483/3595 3536/6361/3536
f 3568/6428/3568 3585/6465/3585 3539/6429/3539
f 3542/6376/3542 3592/6474/3592 3584/6464/3584
f 3541/6381/3541 3586/6466/3586 3591/6473/3591
f 3562/6484/3562 3579/6485/3579 3596/6486/3596
f 3553/6395/3553 3589/6479/3589 3597/6487/3597
f 3530/6346/3530 3598/6488/3598 3563/6443/3563
f 3555/6402/3555 3534/6359/3534 3580/6458/3580
f 3556/6406/3556 3590/6472/3590 3520/6326/3520
f 3599/6489/3599 3528/6341/3528 3536/6361/3536
f 3600/6490/3600 3556/6406/3556 3578/6454/3578
f 3601/6491/3601 3569/6435/3569 3572/6456/3572
f 3601/6491/3601 3571/6468/3571 3569/6435/3569
f 3602/6492/3602 3591/6473/3591 3586/6466/3586
f 3603/6493/3603 3579/6457/3579 3571/6438/3571
f 3572/6456/3572 3604/6494/3604 3601/6491/3601
f 3587/6469/3587 3604/6495/3604 3572/6441/3572
f 3605/6496/3605 3573/6442/3573 3570/6436/3570
f 3606/6497/3606 3586/6498/3586 3588/6499/3588
f 3602/6492/3602 3586/6466/3586 3606/6500/3606
f 3593/6477/3593 3562/6415/3562 3596/6501/3596
f 3533/6420/3533 3563/6419/3563 3607/6502/3607
f 3594/6481/3594 3533/6420/3533 3607/6502/3607
f 3581/6503/3581 3608/6504/3608 3530/6346/3530
f 3581/6459/3581 3555/6398/3555 3609/6505/3609
f 3595/6506/3595 3581/6507/3581 3609/6508/3609
f 3609/6509/3609 3555/6402/3555 3580/6458/3580
f 3595/6483/3595 3609/6510/3609 3536/6361/3536
f 3536/6361/3536 3609/6510/3609 3599/6489/3599
f 3600/6490/3600 3590/6472/3590 3556/6406/3556
f 3599/6511/3599 3583/6461/3583 3528/6343/3528
f 3610/6512/3610 3576/6450/3576 3575/6448/3575
f 3568/6428/3568 3611/6513/3611 3585/6465/3585
f 3585/6465/3585 3604/6514/3604 3570/6436/3570
f 3605/6496/3605 3589/6471/3589 3573/6442/3573
f 3553/6395/3553 3597/6487/3597 3588/6478/3588
f 3530/6346/3530 3608/6504/3608 3598/6488/3598
f 3594/6482/3594 3612/6515/3612 3580/6458/3580
f 3581/6503/3581 3595/6516/3595 3608/6504/3608
f 3612/6515/3612 3609/6509/3609 3580/6458/3580
f 3582/6462/3582 3613/6517/3613 3575/6448/3575
f 3575/6448/3575 3613/6517/3613 3610/6512/3610
f 3583/6461/3583 3614/6518/3614 3532/6355/3532
f 3576/6450/3576 3615/6519/3615 3565/6455/3565
f 3532/6355/3532 3614/6518/3614 3567/6427/3567
f 3601/6491/3601 3603/6520/3603 3571/6468/3571
f 3616/6521/3616 3604/6514/3604 3585/6465/3585
f 3617/6522/3617 3591/6473/3591 3602/6492/3602
f 3604/6523/3604 3605/6524/3605 3570/6525/3570
f 3603/6526/3603 3617/6527/3617 3579/6528/3579
f 3587/6529/3587 3605/6524/3605 3604/6523/3604
f 3617/6530/3617 3596/6486/3596 3579/6485/3579
f 3606/6531/3606 3596/6532/3596 3617/6533/3617
f 3605/6524/3605 3587/6529/3587 3593/6534/3593
f 3596/6532/3596 3606/6531/3606 3588/6535/3588
f 3593/6534/3593 3589/6536/3589 3605/6524/3605
f 3596/6532/3596 3588/6535/3588 3597/6537/3597
f 3593/6534/3593 3596/6532/3596 3597/6537/3597
f 3593/6534/3593 3597/6537/3597 3589/6536/3589
f 3595/6516/3595 3618/6538/3618 3608/6504/3608
f 3577/6452/3577 3619/6539/3619 3564/6453/3564
f 3566/6463/3566 3620/6540/3620 3577/6452/3577
f 3616/6521/3616 3585/6465/3585 3611/6513/3611
f 3601/6541/3601 3621/6542/3621 3603/6543/3603
f 3616/6544/3616 3621/6545/3621 3601/6546/3601
f 3604/6547/3604 3616/6548/3616 3601/6549/3601
f 3602/6550/3602 3606/6531/3606 3617/6533/3617
f 3590/6551/3590 3618/6552/3618 3535/6360/3535
f 3618/6552/3618 3595/6483/3595 3535/6360/3535
f 3609/6509/3609 3612/6515/3612 3622/6553/3622
f 3623/6554/3623 3599/6489/3599 3609/6510/3609
f 3623/6554/3623 3624/6555/3624 3599/6489/3599
f 3600/6490/3600 3578/6454/3578 3625/6556/3625
f 3610/6512/3610 3615/6519/3615 3576/6450/3576
f 3619/6539/3619 3626/6557/3626 3564/6453/3564
f 3627/6558/3627 3578/6454/3578 3560/6410/3560
f 3566/6424/3566 3565/6423/3565 3620/6559/3620
f 3628/6560/3628 3567/6427/3567 3614/6518/3614
f 3584/6464/3584 3627/6558/3627 3560/6410/3560
f 3584/6464/3584 3629/6561/3629 3627/6558/3627
f 3628/6560/3628 3630/6562/3630 3567/6427/3567
f 3630/6562/3630 3568/6428/3568 3567/6427/3567
f 3592/6563/3592 3591/6564/3591 3621/6542/3621
f 3603/6543/3603 3591/6564/3591 3617/6565/3617
f 3603/6543/3603 3621/6542/3621 3591/6564/3591
f 3607/6502/3607 3631/6566/3631 3594/6481/3594
f 3631/6567/3631 3612/6515/3612 3594/6482/3594
f 3622/6553/3622 3623/6568/3623 3609/6509/3609
f 3613/6569/3613 3582/6460/3582 3632/6570/3632
f 3624/6571/3624 3583/6461/3583 3599/6511/3599
f 3624/6571/3624 3614/6518/3614 3583/6461/3583
f 3620/6559/3620 3565/6423/3565 3633/6572/3633
f 3592/6474/3592 3629/6561/3629 3584/6464/3584
f 3611/6513/3611 3568/6428/3568 3630/6562/3630
f 3592/6474/3592 3621/6573/3621 3629/6561/3629
f 3621/6574/3621 3616/6575/3616 3629/6576/3629
f 3598/6488/3598 3634/6577/3634 3563/6443/3563
f 3634/6578/3634 3607/6502/3607 3563/6419/3563
f 3582/6460/3582 3574/6446/3574 3632/6570/3632
f 3626/6579/3626 3632/6570/3632 3574/6446/3574
f 3626/6579/3626 3574/6446/3574 3564/6445/3564
f 3627/6558/3627 3625/6556/3625 3578/6454/3578
f 3615/6580/3615 3633/6572/3633 3565/6423/3565
f 3635/6581/3635 3629/6576/3629 3616/6575/3616
f 3635/6581/3635 3616/6575/3616 3611/6582/3611
f 3608/6504/3608 3618/6538/3618 3598/6488/3598
f 3610/6512/3610 3636/6583/3636 3615/6519/3615
f 3620/6540/3620 3619/6539/3619 3577/6452/3577
f 3635/6581/3635 3611/6582/3611 3637/6584/3637
f 3637/6585/3637 3630/6586/3630 3638/6587/3638
f 3637/6584/3637 3611/6582/3611 3630/6588/3630
f 3618/6538/3618 3639/6589/3639 3598/6488/3598
f 3590/6472/3590 3600/6490/3600 3640/6590/3640
f 3641/6591/3641 3624/6571/3624 3623/6568/3623
f 3642/6592/3642 3625/6556/3625 3627/6558/3627
f 3643/6593/3643 3619/6539/3619 3620/6540/3620
f 3615/6580/3615 3636/6594/3636 3633/6572/3633
f 3635/6581/3635 3627/6595/3627 3629/6576/3629
f 3630/6562/3630 3628/6560/3628 3638/6596/3638
f 3634/6578/3634 3631/6566/3631 3607/6502/3607
f 3644/6597/3644 3612/6515/3612 3631/6567/3631
f 3618/6552/3618 3590/6551/3590 3640/6598/3640
f 3641/6591/3641 3623/6568/3623 3622/6553/3622
f 3640/6590/3640 3600/6490/3600 3625/6556/3625
f 3614/6518/3614 3624/6571/3624 3645/6599/3645
f 3627/6600/3627 3635/6601/3635 3642/6602/3642
f 3628/6560/3628 3614/6518/3614 3645/6599/3645
f 3637/6585/3637 3646/6603/3646 3635/6601/3635
f 3637/6604/3637 3633/6605/3633 3646/6606/3646
f 3620/6559/3620 3633/6572/3633 3647/6607/3647
f 3633/6608/3633 3637/6609/3637 3647/6610/3647
f 3648/6611/3648 3634/6577/3634 3598/6488/3598
f 3631/6566/3631 3634/6578/3634 3649/6612/3649
f 3648/6611/3648 3598/6488/3598 3639/6589/3639
f 3649/6612/3649 3644/6613/3644 3631/6566/3631
f 3612/6515/3612 3644/6597/3644 3622/6553/3622
f 3642/6592/3642 3650/6614/3650 3625/6556/3625
f 3651/6615/3651 3636/6583/3636 3610/6512/3610
f 3642/6602/3642 3635/6601/3635 3646/6603/3646
f 3633/6605/3633 3636/6616/3636 3646/6606/3646
f 3643/6593/3643 3620/6540/3620 3647/6617/3647
f 3638/6587/3638 3647/6618/3647 3637/6585/3637
f 3618/6538/3618 3640/6590/3640 3639/6589/3639
f 3613/6517/3613 3652/6619/3652 3651/6615/3651
f 3632/6570/3632 3652/6620/3652 3613/6569/3613
f 3624/6571/3624 3641/6591/3641 3653/6621/3653
f 3651/6615/3651 3610/6512/3610 3613/6517/3613
f 3653/6621/3653 3645/6599/3645 3624/6571/3624
f 3643/6593/3643 3654/6622/3654 3619/6539/3619
f 3646/6623/3646 3636/6624/3636 3655/6625/3655
f 3638/6587/3638 3656/6626/3656 3647/6618/3647
f 3649/6612/3649 3634/6578/3634 3657/6627/3657
f 3639/6589/3639 3658/6628/3658 3648/6611/3648
f 3622/6553/3622 3644/6597/3644 3659/6629/3659
f 3622/6553/3622 3659/6629/3659 3660/6630/3660
f 3639/6589/3639 3640/6590/3640 3658/6628/3658
f 3660/6630/3660 3641/6591/3641 3622/6553/3622
f 3661/6631/3661 3652/6620/3652 3632/6570/3632
f 3661/6631/3661 3632/6570/3632 3626/6579/3626
f 3655/6632/3655 3647/6618/3647 3656/6626/3656
f 3648/6633/3648 3657/6627/3657 3634/6578/3634
f 3649/6612/3649 3657/6627/3657 3659/6634/3659
f 3649/6612/3649 3659/6634/3659 3644/6613/3644
f 3660/6635/3660 3659/6636/3659 3657/6637/3657
f 3640/6638/3640 3662/6639/3662 3658/6640/3658
f 3650/6614/3650 3640/6590/3640 3625/6556/3625
f 3663/6641/3663 3641/6591/3641 3660/6630/3660
f 3641/6591/3641 3663/6641/3663 3653/6621/3653
f 3626/6557/3626 3619/6539/3619 3661/6642/3661
f 3642/6592/3642 3664/6643/3664 3650/6614/3650
f 3636/6644/3636 3665/6645/3665 3655/6646/3655
f 3664/6647/3664 3642/6602/3642 3646/6603/3646
f 3665/6648/3665 3666/6649/3666 3655/6650/3655
f 3666/6649/3666 3647/6651/3647 3655/6650/3655
f 3638/6596/3638 3628/6560/3628 3645/6599/3645
f 3648/6652/3648 3658/6653/3658 3657/6637/3657
f 3657/6637/3657 3658/6653/3658 3660/6635/3660
f 3662/6639/3662 3663/6654/3663 3660/6655/3660
f 3661/6631/3661 3619/6656/3619 3654/6657/3654
f 3643/6593/3643 3667/6658/3667 3654/6622/3654
f 3667/6658/3667 3643/6593/3643 3668/6659/3668
f 3645/6599/3645 3656/6660/3656 3638/6596/3638
f 3669/6661/3669 3646/6603/3646 3655/6632/3655
f 3655/6632/3655 3656/6626/3656 3670/6662/3670
f 3662/6639/3662 3660/6655/3660 3658/6640/3658
f 3671/6663/3671 3662/6639/3662 3640/6638/3640
f 3640/6590/3640 3650/6614/3650 3671/6664/3671
f 3650/6614/3650 3664/6643/3664 3672/6665/3672
f 3636/6666/3636 3673/6667/3673 3665/6668/3665
f 3666/6649/3666 3668/6669/3668 3647/6651/3647
f 3643/6593/3643 3647/6617/3647 3668/6659/3668
f 3674/6670/3674 3652/6620/3652 3661/6631/3661
f 3673/6671/3673 3651/6615/3651 3675/6672/3675
f 3673/6671/3673 3636/6583/3636 3651/6615/3651
f 3646/6603/3646 3676/6673/3676 3664/6647/3664
f 3646/6603/3646 3669/6661/3669 3676/6673/3676
f 3670/6662/3670 3669/6661/3669 3655/6632/3655
f 3650/6614/3650 3672/6665/3672 3677/6674/3677
f 3652/6620/3652 3675/6675/3675 3651/6676/3651
f 3654/6657/3654 3674/6670/3674 3661/6631/3661
f 3678/6677/3678 3645/6599/3645 3653/6621/3653
f 3676/6678/3676 3672/6665/3672 3664/6643/3664
f 3645/6599/3645 3679/6679/3679 3656/6660/3656
f 3679/6679/3679 3680/6680/3680 3656/6660/3656
f 3670/6662/3670 3656/6626/3656 3680/6681/3680
f 3671/6682/3671 3663/6683/3663 3662/6684/3662
f 3677/6674/3677 3671/6664/3671 3650/6614/3650
f 3681/6685/3681 3665/6686/3665 3673/6671/3673
f 3671/6687/3671 3682/6688/3682 3663/6689/3663
f 3653/6690/3653 3663/6689/3663 3683/6691/3683
f 3684/6692/3684 3667/6658/3667 3668/6659/3668
f 3678/6677/3678 3679/6679/3679 3645/6599/3645
f 3665/6648/3665 3685/6693/3685 3666/6649/3666
f 3666/6649/3666 3686/6694/3686 3668/6669/3668
f 3687/6695/3687 3670/6662/3670 3680/6681/3680
f 3671/6687/3671 3677/6696/3677 3688/6697/3688
f 3689/6698/3689 3675/6675/3675 3652/6620/3652
f 3678/6677/3678 3653/6621/3653 3683/6699/3683
f 3667/6658/3667 3690/6700/3690 3654/6622/3654
f 3684/6692/3684 3690/6700/3690 3667/6658/3667
f 3681/6701/3681 3685/6693/3685 3665/6648/3665
f 3679/6679/3679 3691/6702/3691 3680/6680/3680
f 3688/6697/3688 3682/6688/3682 3671/6687/3671
f 3683/6691/3683 3663/6689/3663 3682/6688/3682
f 3654/6657/3654 3692/6703/3692 3674/6670/3674
f 3690/6700/3690 3692/6704/3692 3654/6622/3654
f 3676/6678/3676 3693/6705/3693 3672/6665/3672
f 3685/6693/3685 3686/6694/3686 3666/6649/3666
f 3686/6694/3686 3694/6706/3694 3668/6669/3668
f 3694/6707/3694 3684/6692/3684 3668/6659/3668
f 3669/6661/3669 3670/6662/3670 3695/6708/3695
f 3695/6708/3695 3670/6662/3670 3687/6695/3687
f 3696/6709/3696 3679/6679/3679 3678/6677/3678
f 3676/6678/3676 3697/6710/3697 3693/6705/3693
f 3676/6673/3676 3669/6661/3669 3697/6711/3697
f 3695/6708/3695 3697/6711/3697 3669/6661/3669
f 3688/6712/3688 3677/6674/3677 3698/6713/3698
f 3683/6691/3683 3682/6688/3682 3699/6714/3699
f 3672/6665/3672 3698/6713/3698 3677/6674/3677
f 3689/6698/3689 3700/6715/3700 3675/6675/3675
f 3674/6670/3674 3689/6698/3689 3652/6620/3652
f 3700/6716/3700 3673/6671/3673 3675/6672/3675
f 3701/6717/3701 3690/6700/3690 3684/6692/3684
f 3696/6709/3696 3702/6718/3702 3679/6679/3679
f 3691/6702/3691 3679/6679/3679 3702/6718/3702
f 3703/6719/3703 3683/6691/3683 3699/6714/3699
f 3703/6720/3703 3678/6677/3678 3683/6699/3683
f 3704/6721/3704 3700/6715/3700 3689/6698/3689
f 3674/6670/3674 3692/6703/3692 3705/6722/3705
f 3706/6723/3706 3681/6685/3681 3673/6671/3673
f 3703/6720/3703 3696/6709/3696 3678/6677/3678
f 3682/6688/3682 3688/6697/3688 3707/6724/3707
f 3682/6688/3682 3708/6725/3708 3699/6714/3699
f 3689/6698/3689 3674/6670/3674 3705/6722/3705
f 3700/6716/3700 3706/6723/3706 3673/6671/3673
f 3693/6705/3693 3697/6710/3697 3709/6726/3709
f 3707/6724/3707 3708/6725/3708 3682/6688/3682
f 3693/6705/3693 3698/6713/3698 3672/6665/3672
f 3693/6705/3693 3709/6726/3709 3698/6713/3698
f 3684/6692/3684 3694/6707/3694 3701/6717/3701
f 3691/6702/3691 3687/6727/3687 3680/6680/3680
f 3687/6695/3687 3710/6728/3710 3695/6708/3695
f 3705/6722/3705 3692/6703/3692 3711/6729/3711
f 3690/6700/3690 3712/6730/3712 3692/6704/3692
f 3701/6717/3701 3712/6730/3712 3690/6700/3690
f 3713/6731/3713 3694/6706/3694 3686/6694/3686
f 3710/6728/3710 3714/6732/3714 3695/6708/3695
f 3706/6723/3706 3700/6716/3700 3704/6733/3704
f 3685/6693/3685 3713/6731/3713 3686/6694/3686
f 3691/6702/3691 3702/6718/3702 3715/6734/3715
f 3715/6734/3715 3687/6727/3687 3691/6702/3691
f 3706/6723/3706 3704/6733/3704 3716/6735/3716
f 3716/6735/3716 3717/6736/3717 3706/6723/3706
f 3718/6737/3718 3681/6685/3681 3706/6723/3706
f 3709/6726/3709 3697/6710/3697 3719/6738/3719
f 3681/6701/3681 3718/6739/3718 3685/6693/3685
f 3697/6711/3697 3695/6708/3695 3714/6732/3714
f 3720/6740/3720 3707/6724/3707 3688/6697/3688
f 3698/6713/3698 3720/6741/3720 3688/6712/3688
f 3717/6736/3717 3718/6737/3718 3706/6723/3706
f 3721/6742/3721 3712/6730/3712 3701/6717/3701
f 3701/6717/3701 3694/6707/3694 3722/6743/3722
f 3713/6731/3713 3723/6744/3723 3694/6706/3694
f 3699/6714/3699 3708/6725/3708 3724/6745/3724
f 3703/6719/3703 3699/6714/3699 3724/6745/3724
f 3712/6730/3712 3711/6746/3711 3692/6704/3692
f 3722/6743/3722 3721/6742/3721 3701/6717/3701
f 3685/6693/3685 3725/6747/3725 3713/6731/3713
f 3722/6743/3722 3694/6707/3694 3723/6748/3723
f 3715/6749/3715 3710/6728/3710 3687/6695/3687
f 3726/6750/3726 3703/6720/3703 3724/6751/3724
f 3726/6750/3726 3696/6709/3696 3703/6720/3703
f 3727/6752/3727 3719/6753/3719 3697/6711/3697
f 3696/6709/3696 3728/6754/3728 3702/6718/3702
f 3718/6739/3718 3725/6747/3725 3685/6693/3685
f 3714/6732/3714 3727/6752/3727 3697/6711/3697
f 3702/6718/3702 3729/6755/3729 3715/6734/3715
f 3710/6728/3710 3730/6756/3730 3714/6732/3714
f 3731/6757/3731 3720/6741/3720 3698/6713/3698
f 3728/6754/3728 3696/6709/3696 3726/6750/3726
f 3702/6718/3702 3728/6754/3728 3729/6755/3729
f 3730/6756/3730 3727/6752/3727 3714/6732/3714
f 3730/6756/3730 3710/6728/3710 3715/6749/3715
f 3731/6757/3731 3698/6713/3698 3709/6726/3709
f 3732/6758/3732 3689/6698/3689 3705/6722/3705
f 3732/6758/3732 3705/6722/3705 3711/6729/3711
f 3709/6726/3709 3733/6759/3733 3731/6757/3731
f 3719/6738/3719 3733/6759/3733 3709/6726/3709
f 3712/6730/3712 3721/6742/3721 3711/6746/3711
f 3734/6760/3734 3718/6737/3718 3717/6736/3717
f 3725/6747/3725 3718/6739/3718 3734/6761/3734
f 3730/6762/3730 3725/6763/3725 3727/6764/3727
f 3725/6763/3725 3730/6762/3730 3713/6765/3713
f 3713/6765/3713 3730/6762/3730 3723/6766/3723
f 3723/6766/3723 3730/6762/3730 3715/6767/3715
f 3723/6766/3723 3715/6767/3715 3729/6768/3729
f 3720/6740/3720 3735/6769/3735 3707/6724/3707
f 3707/6724/3707 3735/6769/3735 3708/6725/3708
f 3731/6757/3731 3736/6770/3736 3720/6741/3720
f 3720/6740/3720 3736/6771/3736 3735/6769/3735
f 3735/6769/3735 3724/6745/3724 3708/6725/3708
f 3737/6772/3737 3716/6735/3716 3704/6733/3704
f 3722/6773/3722 3723/6766/3723 3729/6768/3729
f 3734/6774/3734 3727/6764/3727 3725/6763/3725
f 3737/6775/3737 3704/6721/3704 3732/6758/3732
f 3732/6758/3732 3704/6721/3704 3689/6698/3689
f 3732/6758/3732 3711/6729/3711 3738/6776/3738
f 3737/6772/3737 3739/6777/3739 3716/6735/3716
f 3738/6778/3738 3711/6746/3711 3721/6742/3721
f 3716/6735/3716 3739/6777/3739 3717/6736/3717
f 3717/6736/3717 3739/6777/3739 3734/6760/3734
f 3728/6779/3728 3726/6780/3726 3721/6781/3721
f 3739/6782/3739 3719/6783/3719 3734/6774/3734
f 3722/6773/3722 3729/6768/3729 3728/6779/3728
f 3722/6773/3722 3728/6779/3728 3721/6781/3721
f 3727/6764/3727 3734/6774/3734 3719/6783/3719
f 3733/6759/3733 3736/6770/3736 3731/6757/3731
f 3733/6784/3733 3739/6782/3739 3737/6785/3737
f 3721/6781/3721 3726/6780/3726 3738/6786/3738
f 3726/6780/3726 3724/6787/3724 3738/6786/3738
f 3733/6784/3733 3719/6783/3719 3739/6782/3739
f 3736/6788/3736 3740/6789/3740 3735/6790/3735
f 3735/6790/3735 3740/6789/3740 3724/6787/3724
f 3736/6788/3736 3737/6785/3737 3740/6789/3740
f 3740/6791/3740 3737/6775/3737 3732/6758/3732
f 3740/6789/3740 3732/6792/3732 3738/6786/3738
f 3736/6788/3736 3733/6784/3733 3737/6785/3737
f 3738/6786/3738 3724/6787/3724 3740/6789/3740
f 4/6/4 3/5/3 3741/6793/3741
f 3/5/3 6/17/6 3741/6793/3741
f 3742/6794/3742 3741/6793/3741 3743/6795/3743
f 4/6/4 3741/6793/3741 3742/6794/3742
f 3742/6796/3742 3744/6797/3744 4/6798/4
f 12/21/12 1/1/1 4/6799/4
f 6/17/6 10/16/10 3741/6793/3741
f 3741/6793/3741 10/16/10 3743/6795/3743
f 3743/6795/3743 10/16/10 3745/6800/3745
f 3743/6801/3743 3745/6802/3745 3746/6803/3746
f 3746/6803/3746 3742/6796/3742 3743/6801/3743
f 3746/6803/3746 3745/6802/3745 3747/6804/3747
f 10/16/10 14/24/14 3745/6800/3745
f 3745/6800/3745 14/24/14 3748/6805/3748
f 3749/6806/3749 3748/6805/3748 14/24/14
f 3745/6802/3745 3748/6807/3748 3747/6804/3747
f 3742/6796/3742 3746/6803/3746 3750/6808/3750
f 3744/6797/3744 3742/6796/3742 3750/6808/3750
f 3744/6809/3744 12/21/12 4/6799/4
f 3747/6804/3747 3748/6807/3748 3749/6810/3749
f 3751/6811/3751 3752/6812/3752 18/28/18
f 18/28/18 3749/6806/3749 14/24/14
f 3749/6806/3749 18/28/18 3752/6812/3752
f 22/6813/22 3753/6814/3753 17/27/17
f 18/28/18 17/27/17 3753/6814/3753
f 18/28/18 3753/6814/3753 3751/6811/3751
f 3751/6811/3751 3754/6815/3754 3752/6812/3752
f 3755/6816/3755 3747/6804/3747 3749/6810/3749
f 3756/6817/3756 3746/6803/3746 3747/6804/3747
f 3753/6814/3753 22/6813/22 3757/6818/3757
f 3751/6811/3751 3753/6814/3753 3757/6818/3757
f 3751/6811/3751 3757/6818/3757 3754/6815/3754
f 3754/6819/3754 3757/6820/3757 3758/6821/3758
f 3755/6816/3755 3752/6822/3752 3754/6819/3754
f 3756/6817/3756 3747/6804/3747 3759/6823/3759
f 3756/6817/3756 3750/6808/3750 3746/6803/3746
f 3760/6824/3760 3761/6825/3761 22/6813/22
f 22/6813/22 3761/6825/3761 3757/6818/3757
f 3757/6818/3757 3761/6825/3761 3762/6826/3762
f 3757/6820/3757 3762/6827/3762 3758/6821/3758
f 3749/6810/3749 3752/6822/3752 3755/6816/3755
f 3763/6828/3763 3761/6825/3761 3760/6824/3760
f 3761/6825/3761 3763/6828/3763 3764/6829/3764
f 3760/6830/3760 22/34/22 27/40/27
f 3764/6829/3764 3765/6831/3765 3762/6826/3762
f 3761/6825/3761 3764/6829/3764 3762/6826/3762
f 3754/6819/3754 3758/6821/3758 3766/6832/3766
f 3755/6816/3755 3754/6819/3754 3766/6832/3766
f 3767/6833/3767 3747/6804/3747 3755/6816/3755
f 30/44/30 3760/6830/3760 27/40/27
f 3765/6831/3765 3764/6829/3764 3768/6834/3768
f 3758/6821/3758 3762/6827/3762 3769/6835/3769
f 3747/6804/3747 3767/6833/3767 3759/6823/3759
f 3744/6797/3744 3750/6808/3750 3770/6836/3770
f 12/21/12 3744/6809/3744 3770/6837/3770
f 3764/6829/3764 3763/6828/3763 3771/6838/3771
f 3764/6829/3764 3771/6838/3771 3772/6839/3772
f 3764/6829/3764 3772/6839/3772 3768/6834/3768
f 3768/6834/3768 3772/6839/3772 3773/6840/3773
f 3774/6841/3774 3762/6827/3762 3765/6842/3765
f 3766/6832/3766 3758/6821/3758 3769/6835/3769
f 3771/6838/3771 3775/6843/3775 3772/6839/3772
f 3776/6844/3776 3777/6845/3777 3772/6839/3772
f 3775/6846/3775 3771/6847/3771 3778/6848/3778
f 3763/6849/3763 3778/6848/3778 3771/6847/3771
f 3772/6839/3772 3777/6845/3777 3773/6840/3773
f 3760/6830/3760 3779/6850/3779 3763/6849/3763
f 3760/6830/3760 30/44/30 3779/6850/3779
f 3768/6851/3768 3773/6852/3773 3780/6853/3780
f 3770/6837/3770 29/43/29 12/21/12
f 3781/6854/3781 3782/6855/3782 3776/6844/3776
f 3776/6844/3776 3782/6855/3782 3783/6856/3783
f 3776/6844/3776 3783/6856/3783 3784/6857/3784
f 3772/6839/3772 3781/6854/3781 3776/6844/3776
f 3775/6843/3775 3781/6854/3781 3772/6839/3772
f 3776/6844/3776 3784/6857/3784 3785/6858/3785
f 3776/6844/3776 3785/6858/3785 3777/6845/3777
f 3786/6859/3786 3779/6850/3779 30/44/30
f 3783/6856/3783 3787/6860/3787 3788/6861/3788
f 3783/6856/3783 3789/6862/3789 3787/6860/3787
f 3783/6856/3783 3788/6861/3788 3790/6863/3790
f 3782/6855/3782 3789/6862/3789 3783/6856/3783
f 3783/6856/3783 3790/6863/3790 3784/6857/3784
f 3779/6850/3779 3778/6848/3778 3763/6849/3763
f 3791/6864/3791 3773/6852/3773 3777/6865/3777
f 3755/6816/3755 3766/6832/3766 3792/6866/3792
f 3793/6867/3793 3794/6868/3794 3795/6869/3795
f 3796/6870/3796 3793/6867/3793 3795/6869/3795
f 3796/6870/3796 3797/6871/3797 3793/6867/3793
f 3787/6860/3787 3797/6871/3797 3796/6870/3796
f 3796/6872/3796 3795/6873/3795 3798/6874/3798
f 3797/6875/3797 3787/6876/3787 3799/6877/3799
f 3787/6860/3787 3796/6870/3796 3788/6861/3788
f 3788/6878/3788 3796/6872/3796 3798/6874/3798
f 3789/6879/3789 3799/6877/3799 3787/6876/3787
f 3791/6864/3791 3777/6865/3777 3800/6880/3800
f 3801/6881/3801 3792/6866/3792 3766/6832/3766
f 3794/6868/3794 3802/6882/3802 3803/6883/3803
f 3803/6883/3803 3804/6884/3804 3795/6869/3795
f 3794/6868/3794 3803/6883/3803 3795/6869/3795
f 3782/6885/3782 3805/6886/3805 3789/6879/3789
f 3781/6887/3781 3805/6886/3805 3782/6885/3782
f 3806/6888/3806 3784/6889/3784 3790/6890/3790
f 3775/6846/3775 3807/6891/3807 3781/6887/3781
f 3800/6880/3800 3777/6865/3777 3785/6892/3785
f 3791/6864/3791 3780/6853/3780 3773/6852/3773
f 3765/6842/3765 3768/6851/3768 3780/6853/3780
f 3765/6842/3765 3780/6853/3780 3808/6893/3808
f 3808/6893/3808 3774/6841/3774 3765/6842/3765
f 3762/6827/3762 3774/6841/3774 3769/6835/3769
f 3802/6882/3802 3809/6894/3809 3803/6883/3803
f 3794/6895/3794 3810/6896/3810 3802/6897/3802
f 3804/6884/3804 3803/6883/3803 3809/6894/3809
f 3793/6898/3793 3811/6899/3811 3794/6895/3794
f 3797/6875/3797 3811/6899/3811 3793/6898/3793
f 3789/6879/3789 3805/6886/3805 3799/6877/3799
f 3812/6900/3812 3779/6850/3779 3786/6859/3786
f 3767/6833/3767 3755/6816/3755 3813/6901/3813
f 29/43/29 3770/6837/3770 3814/6902/3814
f 3809/6903/3809 3815/6904/3815 3816/6905/3816
f 3804/6906/3804 3809/6903/3809 3816/6905/3816
f 3816/6905/3816 3795/6873/3795 3804/6906/3804
f 3798/6874/3798 3817/6907/3817 3788/6878/3788
f 3818/6908/3818 3790/6890/3790 3788/6878/3788
f 3785/6892/3785 3784/6889/3784 3806/6888/3806
f 3807/6891/3807 3775/6846/3775 3778/6848/3778
f 36/50/36 3819/6909/3819 30/44/30
f 3820/6910/3820 3769/6835/3769 3821/6911/3821
f 3820/6910/3820 3766/6832/3766 3769/6835/3769
f 3822/6912/3822 3767/6833/3767 3813/6901/3813
f 3767/6833/3767 3823/6913/3823 3759/6823/3759
f 3814/6914/3814 3770/6836/3770 3750/6808/3750
f 3811/6899/3811 3810/6896/3810 3794/6895/3794
f 3795/6873/3795 3816/6905/3816 3817/6907/3817
f 3817/6907/3817 3798/6874/3798 3795/6873/3795
f 3806/6888/3806 3790/6890/3790 3818/6908/3818
f 3791/6864/3791 3824/6915/3824 3780/6853/3780
f 3822/6912/3822 3823/6913/3823 3767/6833/3767
f 3759/6823/3759 3825/6916/3825 3756/6817/3756
f 3814/6914/3814 3750/6808/3750 3826/6917/3826
f 3802/6897/3802 3810/6896/3810 3827/6918/3827
f 3827/6919/3827 3815/6920/3815 3802/6921/3802
f 3799/6877/3799 3828/6922/3828 3797/6875/3797
f 3829/6923/3829 3785/6892/3785 3806/6888/3806
f 3778/6848/3778 3779/6850/3779 3807/6891/3807
f 3786/6859/3786 30/44/30 3819/6909/3819
f 3830/6924/3830 3774/6841/3774 3808/6893/3808
f 3792/6866/3792 3813/6901/3813 3755/6816/3755
f 3831/6925/3831 3827/6918/3827 3810/6896/3810
f 3802/6921/3802 3815/6920/3815 3809/6926/3809
f 3832/6927/3832 3806/6888/3806 3818/6908/3818
f 3781/6887/3781 3833/6928/3833 3805/6886/3805
f 3834/6929/3834 3785/6892/3785 3829/6923/3829
f 3800/6880/3800 3785/6892/3785 3834/6929/3834
f 3797/6875/3797 3828/6922/3828 3811/6899/3811
f 3779/6850/3779 3835/6930/3835 3807/6891/3807
f 3819/6909/3819 3836/6931/3836 3786/6859/3786
f 3830/6924/3830 3769/6835/3769 3774/6841/3774
f 3827/6919/3827 3837/6932/3837 3815/6920/3815
f 3815/6904/3815 3838/6933/3838 3816/6905/3816
f 3818/6908/3818 3788/6878/3788 3817/6907/3817
f 3839/6934/3839 3780/6853/3780 3824/6915/3824
f 3786/6859/3786 3836/6931/3836 3812/6900/3812
f 3808/6893/3808 3780/6853/3780 3839/6934/3839
f 3821/6911/3821 3769/6835/3769 3830/6924/3830
f 3825/6916/3825 3759/6823/3759 3823/6913/3823
f 3828/6922/3828 3799/6877/3799 3805/6886/3805
f 3781/6887/3781 3807/6891/3807 3833/6928/3833
f 3820/6910/3820 3801/6881/3801 3766/6832/3766
f 3840/6935/3840 3792/6866/3792 3801/6881/3801
f 3822/6912/3822 3813/6901/3813 3841/6936/3841
f 3750/6808/3750 3756/6817/3756 3825/6916/3825
f 3750/6808/3750 3825/6916/3825 3826/6917/3826
f 3815/6920/3815 3837/6932/3837 3838/6937/3838
f 3831/6925/3831 3810/6896/3810 3811/6899/3811
f 3816/6905/3816 3842/6938/3842 3817/6907/3817
f 3840/6935/3840 3813/6901/3813 3792/6866/3792
f 3827/6918/3827 3831/6925/3831 3843/6939/3843
f 3806/6888/3806 3844/6940/3844 3829/6923/3829
f 3845/6941/3845 3791/6864/3791 3800/6880/3800
f 3812/6900/3812 3835/6930/3835 3779/6850/3779
f 3808/6893/3808 3839/6934/3839 3846/6942/3846
f 3847/6943/3847 3820/6910/3820 3821/6911/3821
f 3814/6902/3814 45/61/45 29/43/29
f 3827/6919/3827 3843/6944/3843 3848/6945/3848
f 3848/6945/3848 3837/6932/3837 3827/6919/3827
f 3816/6905/3816 3838/6933/3838 3842/6938/3842
f 3849/6946/3849 3820/6910/3820 3847/6943/3847
f 3850/6947/3850 3823/6913/3823 3822/6912/3822
f 3823/6913/3823 3851/6948/3851 3825/6916/3825
f 3814/6914/3814 3826/6917/3826 3852/6949/3852
f 45/61/45 3814/6902/3814 3853/6950/3853
f 3848/6945/3848 3838/6937/3838 3837/6932/3837
f 3831/6925/3831 3811/6899/3811 3854/6951/3854
f 3855/6952/3855 3817/6907/3817 3842/6938/3842
f 3855/6952/3855 3818/6908/3818 3817/6907/3817
f 3844/6940/3844 3806/6888/3806 3856/6953/3856
f 3833/6928/3833 3807/6891/3807 3835/6930/3835
f 3829/6923/3829 3844/6940/3844 3834/6929/3834
f 3857/6954/3857 3822/6912/3822 3841/6936/3841
f 3851/6948/3851 3823/6913/3823 3850/6947/3850
f 3842/6938/3842 3838/6933/3838 3858/6955/3858
f 3832/6927/3832 3818/6908/3818 3855/6952/3855
f 3805/6886/3805 3859/6956/3859 3828/6922/3828
f 3859/6956/3859 3805/6886/3805 3833/6928/3833
f 3834/6929/3834 3860/6957/3860 3800/6880/3800
f 3860/6957/3860 3845/6941/3845 3800/6880/3800
f 3861/6958/3861 3824/6915/3824 3791/6864/3791
f 3839/6934/3839 3824/6915/3824 3862/6959/3862
f 3820/6910/3820 3849/6946/3849 3801/6881/3801
f 3813/6901/3813 3840/6935/3840 3841/6936/3841
f 3825/6916/3825 3852/6949/3852 3826/6917/3826
f 3863/6960/3863 3843/6939/3843 3831/6925/3831
f 3863/6960/3863 3831/6925/3831 3854/6951/3854
f 3828/6922/3828 3854/6951/3854 3811/6899/3811
f 3864/6961/3864 3834/6929/3834 3844/6940/3844
f 3862/6959/3862 3846/6942/3846 3839/6934/3839
f 3846/6942/3846 3865/6962/3865 3808/6893/3808
f 36/50/36 37/52/37 48/64/48
f 3865/6962/3865 3830/6924/3830 3808/6893/3808
f 3866/6963/3866 3841/6936/3841 3840/6935/3840
f 3857/6954/3857 3850/6947/3850 3822/6912/3822
f 3852/6949/3852 3825/6916/3825 3851/6948/3851
f 3838/6964/3838 3867/6965/3867 3858/6966/3858
f 3856/6953/3856 3806/6888/3806 3832/6927/3832
f 3853/6967/3853 3814/6914/3814 3852/6949/3852
f 3863/6968/3863 3848/6969/3848 3843/6970/3843
f 3867/6965/3867 3838/6964/3838 3848/6971/3848
f 3859/6956/3859 3854/6951/3854 3828/6922/3828
f 3858/6955/3858 3855/6952/3855 3842/6938/3842
f 3812/6900/3812 3868/6972/3868 3835/6930/3835
f 48/64/48 3819/6909/3819 36/50/36
f 3863/6973/3863 3869/6974/3869 3848/6975/3848
f 3848/6975/3848 3869/6974/3869 3870/6976/3870
f 3867/6965/3867 3848/6971/3848 3870/6977/3870
f 3845/6941/3845 3861/6958/3861 3791/6864/3791
f 3819/6909/3819 48/64/48 3836/6931/3836
f 3871/6978/3871 3821/6911/3821 3830/6924/3830
f 3830/6924/3830 3865/6962/3865 3871/6978/3871
f 3872/6979/3872 3866/6963/3866 3840/6935/3840
f 3873/6980/3873 3854/6951/3854 3859/6956/3859
f 3866/6963/3866 3857/6954/3857 3841/6936/3841
f 3863/6960/3863 3854/6951/3854 3873/6980/3873
f 3867/6981/3867 3874/6982/3874 3858/6955/3858
f 3875/6983/3875 3873/6980/3873 3859/6956/3859
f 3876/6984/3876 3855/6952/3855 3858/6955/3858
f 3855/6952/3855 3876/6984/3876 3832/6927/3832
f 3877/6985/3877 3832/6927/3832 3876/6984/3876
f 3833/6928/3833 3875/6983/3875 3859/6956/3859
f 3871/6978/3871 3847/6943/3847 3821/6911/3821
f 3801/6881/3801 3872/6979/3872 3840/6935/3840
f 3852/6949/3852 3851/6948/3851 3878/6986/3878
f 3870/6977/3870 3874/6987/3874 3867/6965/3867
f 3879/6988/3879 3860/6957/3860 3834/6929/3834
f 3836/6931/3836 3880/6989/3880 3812/6900/3812
f 3881/6990/3881 3862/6959/3862 3824/6915/3824
f 3881/6990/3881 3882/6991/3882 3862/6959/3862
f 3883/6992/3883 3850/6947/3850 3857/6954/3857
f 3852/6949/3852 3884/6993/3884 3853/6967/3853
f 3874/6982/3874 3876/6984/3876 3858/6955/3858
f 3877/6985/3877 3856/6953/3856 3832/6927/3832
f 3879/6988/3879 3834/6929/3834 3864/6961/3864
f 3885/6994/3885 3845/6941/3845 3860/6957/3860
f 3885/6994/3885 3861/6958/3861 3845/6941/3845
f 3812/6900/3812 3880/6989/3880 3868/6972/3868
f 3824/6915/3824 3861/6958/3861 3881/6990/3881
f 3857/6954/3857 3866/6963/3866 3883/6992/3883
f 3878/6986/3878 3884/6993/3884 3852/6949/3852
f 3863/6960/3863 3873/6980/3873 3886/6995/3886
f 3863/6960/3863 3886/6995/3886 3869/6996/3869
f 3887/6997/3887 3876/6984/3876 3874/6982/3874
f 3856/6953/3856 3864/6961/3864 3844/6940/3844
f 3882/6991/3882 3888/6998/3888 3862/6959/3862
f 3888/6998/3888 3846/6942/3846 3862/6959/3862
f 3872/6979/3872 3889/6999/3889 3866/6963/3866
f 3877/6985/3877 3876/6984/3876 3887/6997/3887
f 3835/6930/3835 3868/6972/3868 3833/6928/3833
f 48/64/48 51/67/51 3890/7000/3890
f 3891/7001/3891 3846/6942/3846 3888/6998/3888
f 3865/6962/3865 3846/6942/3846 3891/7001/3891
f 3847/6943/3847 3871/6978/3871 3849/6946/3849
f 3849/6946/3849 3872/6979/3872 3801/6881/3801
f 3849/6946/3849 3892/7002/3892 3872/6979/3872
f 3870/6976/3870 3869/6974/3869 3886/7003/3886
f 3874/6987/3874 3870/6977/3870 3893/7004/3893
f 3873/6980/3873 3894/7005/3894 3886/6995/3886
f 3875/6983/3875 3894/7005/3894 3873/6980/3873
f 3895/7006/3895 3875/6983/3875 3833/6928/3833
f 3861/6958/3861 3896/7007/3896 3881/6990/3881
f 3890/7000/3890 3836/6931/3836 48/64/48
f 3897/7008/3897 3851/6948/3851 3850/6947/3850
f 59/76/59 45/61/45 3853/6950/3853
f 3870/6977/3870 3886/7009/3886 3893/7004/3893
f 3887/7010/3887 3874/6987/3874 3893/7004/3893
f 3836/6931/3836 3890/7000/3890 3880/6989/3880
f 3889/6999/3889 3872/6979/3872 3892/7002/3892
f 3883/6992/3883 3897/7008/3897 3850/6947/3850
f 3898/7011/3898 3886/6995/3886 3894/7005/3894
f 3868/6972/3868 3895/7006/3895 3833/6928/3833
f 3899/7012/3899 3864/6961/3864 3856/6953/3856
f 3868/6972/3868 3880/6989/3880 3900/7013/3900
f 3901/7014/3901 3871/6978/3871 3865/6962/3865
f 3901/7014/3901 3849/6946/3849 3871/6978/3871
f 3889/6999/3889 3883/6992/3883 3866/6963/3866
f 3878/6986/3878 3851/6948/3851 3897/7008/3897
f 3878/6986/3878 3897/7008/3897 3902/7015/3902
f 3893/7016/3893 3886/7017/3886 3898/7018/3898
f 3903/7019/3903 3868/6972/3868 3900/7013/3900
f 3880/6989/3880 3890/7000/3890 3904/7020/3904
f 3889/6999/3889 3892/7002/3892 3905/7021/3905
f 3878/6986/3878 3906/7022/3906 3884/6993/3884
f 3906/7022/3906 3907/7023/3907 3884/6993/3884
f 73/7024/73 3853/6967/3853 3884/6993/3884
f 3884/6993/3884 3907/7023/3907 73/7024/73
f 3875/6983/3875 3895/7006/3895 3894/7005/3894
f 3877/6985/3877 3899/7012/3899 3856/6953/3856
f 3880/6989/3880 3904/7020/3904 3900/7013/3900
f 51/67/51 57/73/57 3890/7000/3890
f 59/76/59 3853/6950/3853 73/91/73
f 3894/7005/3894 3908/7025/3908 3898/7011/3898
f 3877/6985/3877 3887/6997/3887 3909/7026/3909
f 3899/7012/3899 3879/6988/3879 3864/6961/3864
f 3910/7027/3910 3892/7002/3892 3849/6946/3849
f 3897/7008/3897 3883/6992/3883 3911/7028/3911
f 3898/7029/3898 3908/7030/3908 3893/7031/3893
f 3893/7032/3893 3912/7033/3912 3887/7034/3887
f 3912/7035/3912 3909/7026/3909 3887/6997/3887
f 3903/7019/3903 3895/7006/3895 3868/6972/3868
f 3885/6994/3885 3896/7007/3896 3861/6958/3861
f 3910/7027/3910 3849/6946/3849 3901/7014/3901
f 3913/7036/3913 3892/7002/3892 3910/7027/3910
f 3914/7037/3914 73/7024/73 3907/7023/3907
f 3908/7038/3908 3915/7039/3915 3893/7032/3893
f 3912/7033/3912 3893/7032/3893 3915/7039/3915
f 3909/7026/3909 3899/7012/3899 3877/6985/3877
f 3899/7012/3899 3885/6994/3885 3879/6988/3879
f 3879/6988/3879 3885/6994/3885 3860/6957/3860
f 3891/7001/3891 3901/7014/3901 3865/6962/3865
f 3905/7021/3905 3916/7040/3916 3889/6999/3889
f 3917/7041/3917 3878/6986/3878 3902/7015/3902
f 3918/7042/3918 3878/6986/3878 3917/7041/3917
f 3894/7005/3894 3895/7006/3895 3908/7025/3908
f 3889/6999/3889 3916/7040/3916 3883/6992/3883
f 3916/7040/3916 3911/7028/3911 3883/6992/3883
f 3911/7028/3911 3902/7015/3902 3897/7008/3897
f 3878/6986/3878 3918/7042/3918 3906/7022/3906
f 3919/7043/3919 3915/7039/3915 3908/7038/3908
f 3920/7044/3920 3891/7001/3891 3888/6998/3888
f 3920/7044/3920 3901/7014/3901 3891/7001/3891
f 3921/7045/3921 3908/7025/3908 3895/7006/3895
f 3912/7046/3912 3915/7047/3915 3909/7048/3909
f 3909/7026/3909 3915/7049/3915 3922/7050/3922
f 3923/7051/3923 3882/6991/3882 3881/6990/3881
f 3901/7014/3901 3920/7044/3920 3910/7027/3910
f 3924/7052/3924 3899/7012/3899 3909/7026/3909
f 3890/7000/3890 3925/7053/3925 3904/7020/3904
f 3882/6991/3882 3923/7051/3923 3888/6998/3888
f 57/73/57 3925/7053/3925 3890/7000/3890
f 3895/7006/3895 3903/7019/3903 3921/7045/3921
f 3924/7052/3924 3909/7026/3909 3922/7050/3922
f 3926/7054/3926 3885/6994/3885 3899/7012/3899
f 3926/7054/3926 3896/7007/3896 3885/6994/3885
f 3913/7036/3913 3905/7021/3905 3892/7002/3892
f 72/7055/72 73/7024/73 3914/7037/3914
f 3921/7045/3921 3927/7056/3927 3919/7057/3919
f 3908/7038/3908 3921/7058/3921 3919/7043/3919
f 3919/7043/3919 3922/7059/3922 3915/7039/3915
f 3928/7060/3928 3921/7045/3921 3903/7019/3903
f 3926/7054/3926 3899/7012/3899 3924/7052/3924
f 3900/7013/3900 3904/7020/3904 3929/7061/3929
f 3896/7007/3896 3923/7051/3923 3881/6990/3881
f 3930/7062/3930 3904/7020/3904 3925/7053/3925
f 3888/6998/3888 3923/7051/3923 3920/7044/3920
f 3910/7027/3910 3920/7044/3920 3931/7063/3931
f 3929/7061/3929 3903/7019/3903 3900/7013/3900
f 72/7055/72 3914/7037/3914 85/7064/85
f 3932/7065/3932 3923/7051/3923 3896/7007/3896
f 3933/7066/3933 3917/7041/3917 3902/7015/3902
f 3918/7042/3918 3917/7041/3917 3934/7067/3934
f 3906/7022/3906 3918/7042/3918 3907/7023/3907
f 3927/7068/3927 3922/7059/3922 3919/7043/3919
f 3929/7061/3929 3928/7060/3928 3903/7019/3903
f 3896/7007/3896 3926/7054/3926 3932/7065/3932
f 3916/7040/3916 3935/7069/3935 3911/7028/3911
f 3902/7015/3902 3911/7028/3911 3933/7066/3933
f 3923/7051/3923 3931/7063/3931 3920/7044/3920
f 3936/7070/3936 3905/7021/3905 3913/7036/3913
f 3935/7069/3935 3916/7040/3916 3937/7071/3937
f 3911/7028/3911 3935/7069/3935 3933/7066/3933
f 3934/7067/3934 3917/7041/3917 3933/7066/3933
f 3918/7042/3918 3938/7072/3938 3907/7023/3907
f 3922/7050/3922 3939/7073/3939 3924/7052/3924
f 3932/7065/3932 3926/7054/3926 3924/7052/3924
f 74/92/74 3925/7053/3925 57/73/57
f 3940/7074/3940 3913/7036/3913 3910/7027/3910
f 3907/7023/3907 3941/7075/3941 3914/7037/3914
f 3927/7068/3927 3939/7076/3939 3922/7059/3922
f 3929/7061/3929 3904/7020/3904 3930/7062/3930
f 3923/7051/3923 3932/7065/3932 3942/7077/3942
f 3942/7077/3942 3931/7063/3931 3923/7051/3923
f 3933/7066/3933 3935/7069/3935 3943/7078/3943
f 3934/7067/3934 3938/7072/3938 3918/7042/3918
f 85/7064/85 3914/7037/3914 101/7079/101
f 3927/7056/3927 3921/7045/3921 3944/7080/3944
f 3921/7045/3921 3928/7060/3928 3944/7080/3944
f 3913/7036/3913 3940/7074/3940 3936/7070/3936
f 3936/7070/3936 3916/7040/3916 3905/7021/3905
f 3937/7071/3937 3916/7040/3916 3936/7070/3936
f 3941/7075/3941 3907/7023/3907 3938/7072/3938
f 3924/7081/3924 3939/7076/3939 3945/7082/3945
f 3929/7061/3929 3946/7083/3946 3928/7060/3928
f 3933/7066/3933 3943/7078/3943 3934/7067/3934
f 3941/7075/3941 101/7079/101 3914/7037/3914
f 3927/7068/3927 3944/7084/3944 3939/7076/3939
f 3930/7062/3930 3946/7083/3946 3929/7061/3929
f 3945/7085/3945 3932/7065/3932 3924/7052/3924
f 3930/7062/3930 3925/7053/3925 93/112/93
f 3940/7074/3940 3910/7027/3910 3931/7063/3931
f 3925/7053/3925 74/92/74 93/112/93
f 3940/7074/3940 3931/7063/3931 3942/7077/3942
f 3936/7070/3936 3940/7074/3940 3947/7086/3947
f 3948/7087/3948 3937/7071/3937 3936/7070/3936
f 3949/7088/3949 3950/7089/3950 3943/7078/3943
f 3943/7078/3943 3950/7089/3950 3934/7067/3934
f 3934/7067/3934 3951/7090/3951 3938/7072/3938
f 3950/7089/3950 3951/7090/3951 3934/7067/3934
f 3939/7076/3939 3952/7091/3952 3945/7082/3945
f 3953/7092/3953 3932/7065/3932 3945/7085/3945
f 3953/7092/3953 3942/7077/3942 3932/7065/3932
f 3938/7072/3938 3954/7093/3954 3941/7075/3941
f 3928/7060/3928 3946/7083/3946 3944/7080/3944
f 3937/7071/3937 3943/7078/3943 3935/7069/3935
f 3954/7093/3954 3938/7072/3938 3951/7090/3951
f 3952/7094/3952 3953/7092/3953 3945/7085/3945
f 3955/7095/3955 3956/7096/3956 3930/7062/3930
f 3930/7062/3930 93/112/93 3955/7095/3955
f 3957/7097/3957 3943/7078/3943 3937/7071/3937
f 3949/7088/3949 3943/7078/3943 3957/7097/3957
f 3941/7075/3941 3954/7093/3954 3958/7098/3958
f 3940/7074/3940 3959/7099/3959 3947/7086/3947
f 3936/7070/3936 3947/7086/3947 3948/7087/3948
f 3960/7100/3960 3954/7093/3954 3951/7090/3951
f 3961/7101/3961 3946/7083/3946 3956/7096/3956
f 3961/7101/3961 3944/7080/3944 3946/7083/3946
f 3956/7096/3956 3946/7083/3946 3930/7062/3930
f 3959/7099/3959 3940/7074/3940 3942/7077/3942
f 3962/7102/3962 3937/7071/3937 3948/7087/3948
f 3963/7103/3963 101/7079/101 3941/7075/3941
f 3959/7099/3959 3942/7077/3942 3953/7092/3953
f 3962/7102/3962 3957/7097/3957 3937/7071/3937
f 3964/7104/3964 3951/7090/3951 3950/7089/3950
f 3939/7076/3939 3944/7084/3944 3952/7091/3952
f 3952/7094/3952 3965/7105/3965 3953/7092/3953
f 3965/7105/3965 3959/7099/3959 3953/7092/3953
f 3966/7106/3966 3951/7090/3951 3964/7104/3964
f 3947/7086/3947 3959/7099/3959 3967/7107/3967
f 3948/7087/3948 3947/7086/3947 3967/7107/3967
f 3950/7089/3950 3949/7088/3949 3964/7104/3964
f 3951/7090/3951 3966/7106/3966 3960/7100/3960
f 3958/7098/3958 3963/7103/3963 3941/7075/3941
f 101/7079/101 3963/7103/3963 108/7108/108
f 3944/7084/3944 3961/7109/3961 3952/7091/3952
f 3960/7100/3960 3968/7110/3968 3954/7093/3954
f 3958/7098/3958 3954/7093/3954 3968/7110/3968
f 3952/7091/3952 3961/7109/3961 3965/7111/3965
f 3969/7112/3969 3967/7107/3967 3959/7099/3959
f 3955/7095/3955 93/112/93 107/127/107
f 3967/7107/3967 3962/7102/3962 3948/7087/3948
f 3949/7088/3949 3957/7097/3957 3970/7113/3970
f 3971/7114/3971 3964/7104/3964 3949/7088/3949
f 3961/7109/3961 3956/7115/3956 3972/7116/3972
f 3973/7117/3973 3959/7099/3959 3965/7105/3965
f 3959/7099/3959 3973/7117/3973 3969/7112/3969
f 3965/7111/3965 3961/7109/3961 3974/7118/3974
f 3955/7095/3955 3972/7119/3972 3956/7096/3956
f 3965/7120/3965 3974/7121/3974 3973/7122/3973
f 3949/7088/3949 3970/7113/3970 3971/7114/3971
f 3960/7100/3960 3966/7106/3966 3975/7123/3975
f 3975/7123/3975 3968/7110/3968 3960/7100/3960
f 3972/7116/3972 3976/7124/3976 3961/7109/3961
f 107/127/107 3977/7125/3977 3955/7095/3955
f 3962/7102/3962 3970/7113/3970 3957/7097/3957
f 3971/7114/3971 3966/7106/3966 3964/7104/3964
f 3978/7126/3978 3968/7110/3968 3975/7123/3975
f 3963/7103/3963 3958/7098/3958 3979/7127/3979
f 3955/7095/3955 3977/7125/3977 3972/7119/3972
f 114/7128/114 108/7108/108 3963/7103/3963
f 3970/7113/3970 3962/7102/3962 3980/7129/3980
f 3958/7098/3958 3968/7110/3968 3981/7130/3981
f 3981/7130/3981 3979/7127/3979 3958/7098/3958
f 3961/7109/3961 3976/7124/3976 3974/7118/3974
f 3980/7129/3980 3962/7102/3962 3967/7107/3967
f 3981/7130/3981 3968/7110/3968 3978/7126/3978
f 3980/7129/3980 3967/7107/3967 3969/7112/3969
f 3982/7131/3982 3971/7114/3971 3970/7113/3970
f 3971/7114/3971 3983/7132/3983 3966/7106/3966
f 107/127/107 119/140/119 3977/7125/3977
f 3984/7133/3984 3969/7112/3969 3973/7117/3973
f 3984/7133/3984 3980/7129/3980 3969/7112/3969
f 3982/7131/3982 3970/7113/3970 3980/7129/3980
f 3985/7134/3985 3976/7124/3976 3972/7116/3972
f 3977/7125/3977 119/140/119 3972/7119/3972
f 114/7128/114 3963/7103/3963 3979/7127/3979
f 3974/7118/3974 3986/7135/3986 3973/7136/3973
f 3987/7137/3987 3979/7127/3979 3981/7130/3981
f 3986/7135/3986 3974/7118/3974 3976/7124/3976
f 3966/7106/3966 3983/7132/3983 3975/7123/3975
f 119/140/119 139/164/139 3972/7119/3972
f 3984/7133/3984 3982/7131/3982 3980/7129/3980
f 3985/7134/3985 3972/7116/3972 139/7138/139
f 3976/7124/3976 3985/7134/3985 3986/7135/3986
f 3984/7133/3984 3973/7117/3973 3986/7139/3986
f 3978/7126/3978 3987/7137/3987 3981/7130/3981
f 120/141/120 121/142/121 133/157/133
f 3971/7114/3971 3982/7131/3982 3983/7132/3983
f 3988/7140/3988 3979/7127/3979 3987/7137/3987
f 114/7128/114 3979/7127/3979 121/7141/121
f 3983/7132/3983 3989/7142/3989 3975/7123/3975
f 3978/7126/3978 3975/7123/3975 3989/7142/3989
f 3990/7143/3990 133/157/133 121/142/121
f 3985/7134/3985 139/7138/139 3991/7144/3991
f 3978/7126/3978 3992/7145/3992 3987/7137/3987
f 121/7141/121 3979/7127/3979 3990/7146/3990
f 3985/7134/3985 3991/7144/3991 3986/7135/3986
f 3982/7131/3982 3993/7147/3993 3983/7132/3983
f 3989/7142/3989 3992/7145/3992 3978/7126/3978
f 3994/7148/3994 3987/7137/3987 3992/7145/3992
f 138/163/138 133/157/133 3990/7143/3990
f 3982/7131/3982 3984/7133/3984 3995/7149/3995
f 3988/7140/3988 3987/7137/3987 3994/7148/3994
f 3990/7146/3990 3979/7127/3979 3988/7140/3988
f 3989/7142/3989 3983/7132/3983 3993/7147/3993
f 3993/7147/3993 3982/7131/3982 3995/7149/3995
f 3991/7144/3991 3996/7150/3996 3986/7135/3986
f 3986/7139/3986 3996/7151/3996 3995/7149/3995
f 3995/7149/3995 3984/7133/3984 3986/7139/3986
f 3997/7152/3997 3992/7145/3992 3989/7142/3989
f 3990/7146/3990 3988/7140/3988 138/7153/138
f 3991/7144/3991 139/7138/139 136/184/136
f 3997/7152/3997 3989/7142/3989 3998/7154/3998
f 3994/7148/3994 3992/7145/3992 3997/7152/3997
f 3991/7144/3991 136/184/136 154/183/154
f 3998/7154/3998 3989/7142/3989 3993/7147/3993
f 3995/7149/3995 3998/7154/3998 3993/7147/3993
f 138/163/138 151/7155/151 141/166/141
f 3991/7144/3991 154/183/154 3996/7150/3996
f 3998/7154/3998 3995/7149/3995 3999/7156/3999
f 3996/7151/3996 3999/7156/3999 3995/7149/3995
f 4000/7157/4000 3988/7140/3988 3994/7148/3994
f 151/177/151 138/7153/138 3988/7140/3988
f 4001/7158/4001 3996/7150/3996 154/183/154
f 4000/7157/4000 151/177/151 3988/7140/3988
f 3996/7150/3996 4001/7158/4001 3999/7159/3999
f 3997/7152/3997 4002/7160/4002 3994/7148/3994
f 4003/7161/4003 151/177/151 4000/7157/4000
f 4000/7157/4000 3994/7148/3994 4002/7160/4002
f 422/7162/422 151/177/151 4003/7161/4003
f 148/178/148 151/177/151 422/7162/422
f 3998/7154/3998 3999/7156/3999 4004/7163/4004
f 4004/7163/4004 4002/7160/4002 3997/7152/3997
f 4004/7164/4004 3999/7159/3999 4001/7158/4001
f 4004/7163/4004 3997/7152/3997 3998/7154/3998
f 4005/7165/4005 4003/7161/4003 4000/7157/4000
f 4004/7164/4004 4001/7158/4001 4006/7166/4006
f 4002/7160/4002 4005/7165/4005 4000/7157/4000
f 168/201/168 154/183/154 157/188/157
f 4005/7165/4005 4007/7167/4007 4003/7161/4003
f 4003/7161/4003 4007/7167/4007 422/7162/422
f 154/183/154 4008/7168/4008 4001/7158/4001
f 4006/7166/4006 4001/7158/4001 4009/7169/4009
f 4010/7170/4010 4002/7160/4002 4004/7163/4004
f 4010/7170/4010 4005/7165/4005 4002/7160/4002
f 154/183/154 168/201/168 4008/7168/4008
f 4008/7168/4008 4009/7169/4009 4001/7158/4001
f 4006/7171/4006 4010/7170/4010 4004/7163/4004
f 4011/7172/4011 4005/7165/4005 4010/7170/4010
f 168/201/168 172/205/172 4008/7168/4008
f 4010/7170/4010 4006/7171/4006 4012/7173/4012
f 4012/7173/4012 4011/7172/4011 4010/7170/4010
f 4005/7165/4005 4011/7172/4011 4013/7174/4013
f 4005/7165/4005 4013/7174/4013 4007/7167/4007
f 4009/7169/4009 4012/7175/4012 4006/7166/4006
f 4014/7176/4014 4007/7167/4007 4013/7174/4013
f 4015/7177/4015 4011/7172/4011 4012/7173/4012
f 172/205/172 186/222/186 4008/7168/4008
f 4008/7168/4008 186/222/186 4009/7169/4009
f 186/222/186 4012/7175/4012 4009/7169/4009
f 4013/7174/4013 4011/7172/4011 4015/7177/4015
f 4016/7178/4016 4015/7177/4015 4012/7173/4012
f 4017/7179/4017 4014/7176/4014 4013/7174/4013
f 172/205/172 179/214/179 186/222/186
f 186/222/186 4018/7180/4018 4012/7175/4012
f 4017/7179/4017 4013/7174/4013 4015/7177/4015
f 4018/7180/4018 4016/7181/4016 4012/7175/4012
f 185/221/185 4018/7180/4018 186/222/186
f 4016/7178/4016 4019/7182/4019 4015/7177/4015
f 4019/7182/4019 4017/7179/4017 4015/7177/4015
f 4020/7183/4020 4017/7179/4017 4019/7182/4019
f 4016/7181/4016 4018/7180/4018 4021/7184/4021
f 4021/7185/4021 4019/7182/4019 4016/7178/4016
f 4020/7183/4020 4019/7182/4019 4021/7185/4021
f 4020/7183/4020 4022/7186/4022 4023/7187/4023
f 185/221/185 4024/7188/4024 4018/7180/4018
f 4021/7184/4021 4018/7180/4018 4024/7188/4024
f 4021/7185/4021 4025/7189/4025 4020/7183/4020
f 191/228/191 4024/7188/4024 185/221/185
f 4021/7184/4021 4024/7188/4024 4026/7190/4026
f 4026/7191/4026 4025/7189/4025 4021/7185/4021
f 4022/7186/4022 4020/7183/4020 4025/7189/4025
f 4024/7188/4024 4027/7192/4027 4026/7190/4026
f 4027/7192/4027 4024/7188/4024 191/228/191
f 4027/7192/4027 4028/7193/4028 4026/7190/4026
f 4025/7189/4025 4026/7191/4026 4028/7194/4028
f 191/228/191 197/235/197 4027/7192/4027
f 4028/7194/4028 4022/7186/4022 4025/7189/4025
f 197/235/197 4029/7195/4029 4027/7192/4027
f 4029/7195/4029 4028/7193/4028 4027/7192/4027
f 209/249/209 4029/7195/4029 197/235/197
f 4030/7196/4030 4022/7186/4022 4028/7194/4028
f 4029/7195/4029 4031/7197/4031 4028/7193/4028
f 4031/7198/4031 4030/7196/4030 4028/7194/4028
f 204/243/204 205/244/205 222/7199/222
f 205/244/205 4032/7200/4032 222/7199/222
f 4032/7201/4032 4033/7202/4033 222/7203/222
f 4029/7195/4029 209/249/209 4034/7204/4034
f 222/268/222 4033/7205/4033 4035/7206/4035
f 4030/7196/4030 4031/7198/4031 4036/7207/4036
f 4037/7208/4037 4030/7196/4030 4036/7207/4036
f 225/273/225 224/272/224 227/276/227
f 4038/7209/4038 219/274/219 225/273/225
f 225/273/225 4039/7210/4039 4038/7209/4038
f 219/264/219 4038/7211/4038 209/249/209
f 4038/7209/4038 4034/7212/4034 209/7213/209
f 4035/7206/4035 221/267/221 222/268/222
f 4040/7214/4040 4041/7215/4041 4042/7216/4042
f 4041/7215/4041 4040/7214/4040 4043/7217/4043
f 4044/7218/4044 4042/7216/4042 4041/7215/4041
f 4045/7219/4045 4044/7218/4044 4041/7215/4041
f 4046/7220/4046 4041/7215/4041 4043/7217/4043
f 4045/7219/4045 4041/7215/4041 4046/7220/4046
f 4047/7221/4047 4044/7218/4044 4045/7219/4045
f 4048/7222/4048 4045/7219/4045 4046/7220/4046
f 4049/7223/4049 4045/7219/4045 4048/7222/4048
f 4038/7209/4038 4039/7210/4039 4034/7212/4034
f 4034/7204/4034 4050/7224/4050 4029/7195/4029
f 4029/7195/4029 4050/7224/4050 4031/7197/4031
f 4033/7202/4033 4051/7225/4051 4035/7226/4035
f 4043/7217/4043 4040/7214/4040 4052/7227/4052
f 4052/7227/4052 4053/7228/4053 4043/7217/4043
f 4054/7229/4054 4044/7218/4044 4047/7221/4047
f 4042/7216/4042 4044/7218/4044 4054/7229/4054
f 4046/7220/4046 4043/7217/4043 4055/7230/4055
f 4045/7219/4045 4056/7231/4056 4047/7221/4047
f 4049/7223/4049 4056/7231/4056 4045/7219/4045
f 4057/7232/4057 4049/7223/4049 4048/7222/4048
f 4057/7232/4057 4058/7233/4058 4049/7223/4049
f 4058/7233/4058 4057/7232/4057 4059/7234/4059
f 227/276/227 4060/7235/4060 225/273/225
f 4060/7235/4060 4061/7236/4061 225/273/225
f 4061/7236/4061 4039/7210/4039 225/273/225
f 4062/7237/4062 4040/7214/4040 4063/7238/4063
f 4042/7216/4042 4063/7238/4063 4040/7214/4040
f 4054/7229/4054 4063/7238/4063 4042/7216/4042
f 4055/7230/4055 4043/7217/4043 4053/7228/4053
f 4056/7231/4056 4064/7239/4064 4047/7221/4047
f 4065/7240/4065 4046/7220/4046 4055/7230/4055
f 4056/7231/4056 4066/7241/4066 4064/7239/4064
f 4065/7240/4065 4048/7222/4048 4046/7220/4046
f 4049/7223/4049 4066/7241/4066 4056/7231/4056
f 4048/7222/4048 4065/7240/4065 4067/7242/4067
f 4058/7233/4058 4066/7241/4066 4049/7223/4049
f 4048/7222/4048 4067/7242/4067 4068/7243/4068
f 4068/7243/4068 4057/7232/4057 4048/7222/4048
f 4059/7234/4059 4057/7232/4057 4069/7244/4069
f 4070/7245/4070 4058/7233/4058 4059/7234/4059
f 241/7246/241 227/276/227 228/277/228
f 4034/7247/4034 4039/7248/4039 4050/7249/4050
f 4050/7224/4050 4036/7250/4036 4031/7197/4031
f 4040/7214/4040 4062/7237/4062 4052/7227/4052
f 4071/7251/4071 4072/7252/4072 4054/7253/4054
f 4054/7229/4054 4072/7254/4072 4063/7238/4063
f 4053/7228/4053 4052/7227/4052 4073/7255/4073
f 4047/7256/4047 4071/7251/4071 4054/7253/4054
f 4055/7257/4055 4053/7258/4053 4074/7259/4074
f 4047/7256/4047 4064/7260/4064 4075/7261/4075
f 4055/7257/4055 4074/7259/4074 4076/7262/4076
f 4076/7262/4076 4065/7263/4065 4055/7257/4055
f 4076/7262/4076 4077/7264/4077 4065/7263/4065
f 4077/7264/4077 4078/7265/4078 4065/7263/4065
f 4078/7265/4078 4067/7266/4067 4065/7263/4065
f 4066/7241/4066 4058/7233/4058 4079/7267/4079
f 4068/7243/4068 4069/7244/4069 4057/7232/4057
f 4070/7245/4070 4079/7267/4079 4058/7233/4058
f 4080/7268/4080 4070/7245/4070 4059/7234/4059
f 4081/7269/4081 4039/7248/4039 4061/7270/4061
f 4082/7271/4082 4037/7208/4037 4036/7207/4036
f 4083/7272/4083 4062/7237/4062 4063/7238/4063
f 4084/7273/4084 4073/7255/4073 4052/7227/4052
f 4062/7237/4062 4084/7273/4084 4052/7227/4052
f 4047/7256/4047 4085/7274/4085 4071/7251/4071
f 4073/7275/4073 4086/7276/4086 4053/7258/4053
f 4074/7259/4074 4053/7258/4053 4086/7276/4086
f 4047/7256/4047 4075/7261/4075 4085/7274/4085
f 4064/7260/4064 4087/7277/4087 4075/7261/4075
f 4087/7277/4087 4064/7260/4064 4088/7278/4088
f 4066/7279/4066 4088/7278/4088 4064/7260/4064
f 4066/7279/4066 4079/7280/4079 4088/7278/4088
f 4069/7244/4069 4089/7281/4089 4059/7234/4059
f 4070/7245/4070 4090/7282/4090 4079/7267/4079
f 4070/7245/4070 4080/7268/4080 247/7283/247
f 241/7246/241 4060/7235/4060 227/276/227
f 4091/7284/4091 4061/7236/4061 4060/7235/4060
f 4091/7285/4091 4092/7286/4092 4061/7270/4061
f 4092/7286/4092 4081/7269/4081 4061/7270/4061
f 4081/7269/4081 4050/7249/4050 4039/7248/4039
f 4063/7238/4063 4072/7254/4072 4083/7272/4083
f 4086/7276/4086 4093/7287/4093 4074/7259/4074
f 4088/7278/4088 4094/7288/4094 4087/7277/4087
f 4095/7289/4095 4096/7290/4096 4078/7265/4078
f 4078/7265/4078 4077/7264/4077 4095/7289/4095
f 4097/7291/4097 4088/7278/4088 4079/7280/4079
f 4098/7292/4098 4068/7293/4068 4067/7266/4067
f 4090/7294/4090 4097/7291/4097 4079/7280/4079
f 4059/7234/4059 4089/7281/4089 4080/7268/4080
f 4070/7245/4070 247/7283/247 4090/7282/4090
f 4080/7268/4080 4089/7281/4089 4099/7295/4099
f 4060/7235/4060 241/7246/241 4100/7296/4100
f 4036/7250/4036 4050/7224/4050 4101/7297/4101
f 4102/7298/4102 4062/7299/4062 4083/7300/4083
f 4077/7264/4077 4076/7262/4076 4103/7301/4103
f 4094/7288/4094 4088/7278/4088 4104/7302/4104
f 4088/7278/4088 4097/7291/4097 4105/7303/4105
f 4098/7292/4098 4106/7304/4106 4068/7293/4068
f 4107/7305/4107 4068/7293/4068 4108/7306/4108
f 4097/7291/4097 4090/7294/4090 4109/7307/4109
f 4069/7308/4069 4110/7309/4110 4089/7310/4089
f 4111/7311/4111 4089/7310/4089 4110/7309/4110
f 4089/7310/4089 4111/7311/4111 4099/7312/4099
f 4112/7313/4112 4099/7312/4099 4111/7311/4111
f 4113/7314/4113 247/7283/247 4080/7268/4080
f 4100/7296/4100 241/7246/241 4113/7314/4113
f 4100/7296/4100 4091/7284/4091 4060/7235/4060
f 4114/7315/4114 4092/7286/4092 4091/7285/4091
f 4115/7316/4115 4050/7249/4050 4081/7269/4081
f 4050/7224/4050 4115/7317/4115 4101/7297/4101
f 245/305/245 226/275/226 221/267/221
f 4101/7318/4101 4082/7271/4082 4036/7207/4036
f 4101/7318/4101 4116/7319/4116 4082/7271/4082
f 4072/7252/4072 4117/7320/4117 4083/7321/4083
f 4071/7251/4071 4117/7320/4117 4072/7252/4072
f 4074/7259/4074 4118/7322/4118 4076/7262/4076
f 4105/7303/4105 4104/7302/4104 4088/7278/4088
f 4108/7306/4108 4068/7293/4068 4106/7304/4106
f 4069/7308/4069 4068/7293/4068 4107/7305/4107
f 4090/7294/4090 4119/7323/4119 4109/7307/4109
f 4119/7323/4119 4090/7294/4090 258/328/258
f 258/328/258 4090/7294/4090 247/307/247
f 248/7324/248 247/7283/247 4113/7314/4113
f 4080/7268/4080 4099/7295/4099 4113/7314/4113
f 241/7246/241 248/7324/248 4113/7314/4113
f 4113/7314/4113 4120/7325/4120 4100/7296/4100
f 4121/7326/4121 245/305/245 221/267/221
f 4121/7326/4121 221/267/221 4035/7206/4035
f 4117/7327/4117 4102/7298/4102 4083/7300/4083
f 4122/7328/4122 4117/7320/4117 4071/7251/4071
f 4123/7329/4123 4073/7330/4073 4084/7331/4084
f 4123/7332/4123 4086/7276/4086 4073/7275/4073
f 4085/7274/4085 4124/7333/4124 4071/7251/4071
f 4118/7322/4118 4103/7301/4103 4076/7262/4076
f 4095/7289/4095 4077/7264/4077 4103/7301/4103
f 4078/7265/4078 4096/7290/4096 4125/7334/4125
f 4125/7334/4125 4067/7266/4067 4078/7265/4078
f 4107/7305/4107 4126/7335/4126 4069/7308/4069
f 4113/7314/4113 4099/7295/4099 4127/7336/4127
f 4091/7284/4091 4100/7296/4100 4120/7325/4120
f 4128/7337/4128 4081/7269/4081 4092/7286/4092
f 4128/7337/4128 4115/7316/4115 4081/7269/4081
f 4102/7298/4102 4129/7338/4129 4062/7299/4062
f 4062/7299/4062 4129/7338/4129 4084/7331/4084
f 4087/7277/4087 4130/7339/4130 4075/7261/4075
f 4131/7340/4131 4105/7303/4105 4097/7291/4097
f 4119/7323/4119 258/328/258 4132/7341/4132
f 247/307/247 246/306/246 258/328/258
f 4133/7342/4133 4099/7312/4099 4112/7313/4112
f 4127/7343/4127 4099/7312/4099 4133/7342/4133
f 4120/7325/4120 4113/7314/4113 4127/7336/4127
f 4114/7315/4114 4091/7285/4091 4120/7344/4120
f 4092/7286/4092 4114/7315/4114 4134/7345/4134
f 4123/7329/4123 4084/7331/4084 4129/7338/4129
f 4123/7332/4123 4135/7346/4135 4086/7276/4086
f 4136/7347/4136 4124/7333/4124 4085/7274/4085
f 4085/7274/4085 4075/7261/4075 4137/7348/4137
f 4093/7287/4093 4138/7349/4138 4074/7259/4074
f 4138/7349/4138 4118/7322/4118 4074/7259/4074
f 4087/7277/4087 4139/7350/4139 4130/7339/4130
f 4140/7351/4140 4139/7350/4139 4087/7277/4087
f 4103/7301/4103 4141/7352/4141 4095/7289/4095
f 4109/7307/4109 4142/7353/4142 4097/7291/4097
f 4126/7335/4126 4110/7309/4110 4069/7308/4069
f 4112/7313/4112 4111/7311/4111 4143/7354/4143
f 4127/7343/4127 4144/7355/4144 4120/7344/4120
f 4114/7315/4114 4120/7344/4120 4144/7355/4144
f 4134/7345/4134 4114/7315/4114 4145/7356/4145
f 4092/7286/4092 4134/7345/4134 4128/7337/4128
f 4116/7357/4116 4101/7297/4101 4115/7317/4115
f 4124/7333/4124 4122/7328/4122 4071/7251/4071
f 4087/7277/4087 4094/7288/4094 4140/7351/4140
f 4096/7290/4096 4095/7289/4095 4141/7352/4141
f 4127/7343/4127 4133/7342/4133 4146/7358/4146
f 4134/7345/4134 4147/7359/4147 4128/7337/4128
f 4128/7337/4128 4147/7359/4147 4115/7316/4115
f 4148/7360/4148 4129/7338/4129 4102/7298/4102
f 4067/7266/4067 4125/7334/4125 4098/7292/4098
f 4149/7361/4149 4142/7353/4142 4109/7307/4109
f 4127/7343/4127 4146/7358/4146 4150/7362/4150
f 4127/7343/4127 4150/7362/4150 4144/7355/4144
f 4151/7363/4151 4144/7355/4144 4150/7362/4150
f 4152/7364/4152 4123/7329/4123 4129/7338/4129
f 4105/7303/4105 4131/7340/4131 4153/7365/4153
f 4097/7291/4097 4142/7353/4142 4131/7340/4131
f 4149/7361/4149 4109/7307/4109 4119/7323/4119
f 4126/7335/4126 4154/7366/4154 4110/7309/4110
f 4154/7366/4154 4111/7311/4111 4110/7309/4110
f 4154/7366/4154 4155/7367/4155 4111/7311/4111
f 4143/7354/4143 4111/7311/4111 4155/7367/4155
f 4143/7354/4143 4156/7368/4156 4112/7313/4112
f 4156/7368/4156 4133/7342/4133 4112/7313/4112
f 4117/7327/4117 4148/7360/4148 4102/7298/4102
f 4117/7320/4117 4122/7328/4122 4157/7369/4157
f 4152/7364/4152 4135/7370/4135 4123/7329/4123
f 4093/7287/4093 4086/7276/4086 4158/7371/4158
f 4075/7261/4075 4159/7372/4159 4137/7348/4137
f 4105/7303/4105 4160/7373/4160 4104/7302/4104
f 4105/7303/4105 4153/7365/4153 4160/7373/4160
f 4149/7361/4149 4119/7323/4119 4161/7374/4161
f 4132/7341/4132 4161/7374/4161 4119/7323/4119
f 258/328/258 4162/7375/4162 4132/7341/4132
f 258/328/258 257/327/257 4162/7375/4162
f 4151/7363/4151 4150/7362/4150 4163/7376/4163
f 4164/7377/4164 4115/7316/4115 4147/7359/4147
f 4115/7317/4115 4164/7378/4164 4116/7357/4116
f 4157/7379/4157 4148/7360/4148 4117/7327/4117
f 4158/7371/4158 4086/7276/4086 4135/7346/4135
f 4085/7274/4085 4137/7348/4137 4136/7347/4136
f 4165/7380/4165 4142/7353/4142 4149/7361/4149
f 4132/7341/4132 4166/7381/4166 4161/7374/4161
f 4162/7375/4162 4166/7381/4166 4132/7341/4132
f 4167/7382/4167 4134/7345/4134 4145/7356/4145
f 4168/7383/4168 4164/7377/4164 4147/7359/4147
f 4135/7370/4135 4152/7364/4152 4169/7384/4169
f 4124/7333/4124 4170/7385/4170 4122/7328/4122
f 4130/7339/4130 4159/7372/4159 4075/7261/4075
f 4171/7386/4171 4126/7335/4126 4107/7305/4107
f 4162/7375/4162 257/327/257 277/351/277
f 4172/7387/4172 4114/7315/4114 4144/7355/4144
f 4145/7356/4145 4114/7315/4114 4172/7387/4172
f 4134/7345/4134 4168/7383/4168 4147/7359/4147
f 4116/7357/4116 4164/7378/4164 4173/7388/4173
f 4148/7360/4148 4152/7364/4152 4129/7338/4129
f 4174/7389/4174 4107/7305/4107 4108/7306/4108
f 4165/7380/4165 4149/7361/4149 4175/7390/4175
f 4176/7391/4176 4154/7366/4154 4126/7335/4126
f 4156/7368/4156 4177/7392/4177 4133/7342/4133
f 4177/7392/4177 4146/7358/4146 4133/7342/4133
f 4178/7393/4178 4163/7376/4163 4150/7362/4150
f 4144/7355/4144 4151/7363/4151 4172/7387/4172
f 4093/7287/4093 4158/7371/4158 4179/7394/4179
f 4137/7348/4137 4159/7372/4159 4180/7395/4180
f 4118/7322/4118 4181/7396/4181 4103/7301/4103
f 4140/7351/4140 4182/7397/4182 4139/7350/4139
f 4094/7288/4094 4183/7398/4183 4140/7351/4140
f 4184/7399/4184 4094/7288/4094 4104/7302/4104
f 4174/7389/4174 4108/7306/4108 4106/7304/4106
f 4161/7374/4161 4175/7390/4175 4149/7361/4149
f 4168/7383/4168 4134/7345/4134 4167/7382/4167
f 4170/7385/4170 4157/7369/4157 4122/7328/4122
f 4139/7350/4139 4159/7372/4159 4130/7339/4130
f 4181/7396/4181 4141/7352/4141 4103/7301/4103
f 4160/7373/4160 4184/7399/4184 4104/7302/4104
f 4160/7373/4160 4185/7400/4185 4184/7399/4184
f 4171/7386/4171 4176/7391/4176 4126/7335/4126
f 4161/7374/4161 4186/7401/4186 4175/7390/4175
f 4150/7362/4150 4146/7358/4146 4178/7393/4178
f 4151/7363/4151 4187/7402/4187 4172/7387/4172
f 4167/7382/4167 4145/7356/4145 4188/7403/4188
f 4189/7404/4189 4124/7333/4124 4136/7347/4136
f 4137/7348/4137 4180/7395/4180 4136/7347/4136
f 4098/7292/4098 4125/7334/4125 4190/7405/4190
f 4190/7405/4190 4106/7304/4106 4098/7292/4098
f 4191/7406/4191 4153/7365/4153 4131/7340/4131
f 4142/7353/4142 4165/7380/4165 4131/7340/4131
f 4148/7360/4148 4192/7407/4192 4152/7364/4152
f 4139/7350/4139 4193/7408/4193 4159/7372/4159
f 4183/7398/4183 4182/7397/4182 4140/7351/4140
f 4125/7334/4125 4096/7290/4096 4194/7409/4194
f 4165/7380/4165 4191/7406/4191 4131/7340/4131
f 4186/7401/4186 4161/7374/4161 4166/7381/4166
f 4154/7366/4154 4195/7410/4195 4155/7367/4155
f 277/351/277 286/362/286 4162/7375/4162
f 4156/7368/4156 4196/7411/4196 4177/7392/4177
f 4172/7387/4172 4188/7403/4188 4145/7356/4145
f 4187/7402/4187 4188/7403/4188 4172/7387/4172
f 4169/7384/4169 4152/7364/4152 4192/7407/4192
f 4159/7372/4159 4193/7408/4193 4197/7412/4197
f 4182/7397/4182 4183/7398/4183 4198/7413/4198
f 4141/7352/4141 4194/7409/4194 4096/7290/4096
f 4094/7288/4094 4184/7399/4184 4183/7398/4183
f 4153/7365/4153 4191/7406/4191 4160/7373/4160
f 4174/7389/4174 4171/7386/4171 4107/7305/4107
f 4175/7390/4175 4199/7414/4199 4165/7380/4165
f 4177/7392/4177 4178/7393/4178 4146/7358/4146
f 4148/7360/4148 4157/7379/4157 4200/7415/4200
f 4201/7416/4201 4200/7415/4200 4157/7379/4157
f 4192/7407/4192 4148/7360/4148 4200/7415/4200
f 4202/7417/4202 4118/7322/4118 4138/7349/4138
f 4198/7413/4198 4139/7350/4139 4182/7397/4182
f 4160/7373/4160 4203/7418/4203 4185/7400/4185
f 4160/7373/4160 4191/7406/4191 4203/7418/4203
f 4165/7380/4165 4204/7419/4204 4191/7406/4191
f 4157/7369/4157 4170/7385/4170 4201/7420/4201
f 4124/7333/4124 4189/7404/4189 4170/7385/4170
f 4093/7287/4093 4179/7394/4179 4138/7349/4138
f 4159/7372/4159 4197/7412/4197 4180/7395/4180
f 4202/7417/4202 4181/7396/4181 4118/7322/4118
f 4139/7350/4139 4198/7413/4198 4193/7408/4193
f 4181/7396/4181 4194/7409/4194 4141/7352/4141
f 4184/7399/4184 4185/7400/4185 4183/7398/4183
f 4190/7405/4190 4174/7389/4174 4106/7304/4106
f 4191/7406/4191 4204/7419/4204 4203/7418/4203
f 4177/7392/4177 4205/7421/4205 4178/7393/4178
f 4151/7363/4151 4163/7376/4163 4206/7422/4206
f 4187/7402/4187 4151/7363/4151 4206/7422/4206
f 4169/7423/4169 4158/7371/4158 4135/7346/4135
f 4207/7424/4207 4158/7371/4158 4169/7423/4169
f 4180/7395/4180 4189/7404/4189 4136/7347/4136
f 4180/7395/4180 4197/7412/4197 4189/7404/4189
f 4202/7417/4202 4138/7349/4138 4179/7394/4179
f 4194/7409/4194 4181/7396/4181 4202/7417/4202
f 4190/7405/4190 4125/7334/4125 4194/7409/4194
f 4174/7389/4174 4190/7405/4190 4171/7386/4171
f 4166/7381/4166 4162/7375/4162 4208/7425/4208
f 4155/7367/4155 4195/7410/4195 4143/7354/4143
f 4156/7368/4156 4143/7354/4143 4195/7410/4195
f 4205/7421/4205 4163/7376/4163 4178/7393/4178
f 4205/7421/4205 4206/7422/4206 4163/7376/4163
f 4169/7384/4169 4192/7407/4192 4207/7426/4207
f 4158/7371/4158 4207/7424/4207 4179/7394/4179
f 4193/7408/4193 4209/7427/4209 4197/7412/4197
f 4198/7413/4198 4209/7427/4209 4193/7408/4193
f 4202/7417/4202 4210/7428/4210 4194/7409/4194
f 4210/7428/4210 4211/7429/4211 4194/7409/4194
f 4183/7398/4183 4209/7427/4209 4198/7413/4198
f 4185/7400/4185 4209/7427/4209 4183/7398/4183
f 4212/7430/4212 4194/7409/4194 4211/7429/4211
f 4194/7409/4194 4212/7430/4212 4190/7405/4190
f 4190/7405/4190 4212/7430/4212 4171/7386/4171
f 4165/7380/4165 4199/7414/4199 4204/7419/4204
f 4186/7401/4186 4199/7414/4199 4175/7390/4175
f 4208/7425/4208 4186/7401/4186 4166/7381/4166
f 4154/7366/4154 4176/7391/4176 4195/7410/4195
f 4205/7421/4205 4177/7392/4177 4196/7411/4196
f 4213/7431/4213 4189/7404/4189 4197/7412/4197
f 4179/7394/4179 4210/7428/4210 4202/7417/4202
f 4213/7431/4213 4197/7412/4197 4209/7427/4209
f 4214/7432/4214 4212/7430/4212 4211/7429/4211
f 4212/7430/4212 4176/7391/4176 4171/7386/4171
f 4199/7414/4199 4186/7401/4186 4208/7425/4208
f 286/362/286 4208/7425/4208 4162/7375/4162
f 4195/7410/4195 4196/7411/4196 4156/7368/4156
f 4209/7427/4209 4215/7433/4215 4213/7431/4213
f 4216/7434/4216 4211/7435/4211 4210/7436/4210
f 4217/7437/4217 4215/7433/4215 4209/7427/4209
f 4216/7434/4216 4214/7438/4214 4211/7435/4211
f 4209/7427/4209 4218/7439/4218 4217/7437/4217
f 4185/7400/4185 4218/7439/4218 4209/7427/4209
f 4218/7439/4218 4185/7400/4185 4203/7418/4203
f 4214/7432/4214 4219/7440/4219 4212/7430/4212
f 4219/7441/4219 4176/7442/4176 4212/7443/4212
f 288/365/288 4199/7414/4199 4208/7425/4208
f 4220/7444/4220 4195/7410/4195 4176/7391/4176
f 4187/7402/4187 4221/7445/4221 4188/7403/4188
f 4222/7446/4222 4168/7383/4168 4167/7382/4167
f 4222/7446/4222 4164/7377/4164 4168/7383/4168
f 4223/7447/4223 4164/7377/4164 4222/7446/4222
f 4201/7416/4201 4224/7448/4224 4200/7415/4200
f 4224/7448/4224 4192/7407/4192 4200/7415/4200
f 4189/7449/4189 4225/7450/4225 4170/7451/4170
f 4189/7404/4189 4213/7431/4213 4225/7452/4225
f 4226/7453/4226 4225/7454/4225 4213/7455/4213
f 4179/7394/4179 4227/7456/4227 4228/7457/4228
f 4228/7458/4228 4210/7436/4210 4179/7459/4179
f 4229/7460/4229 4210/7436/4210 4228/7458/4228
f 4229/7460/4229 4216/7434/4216 4210/7436/4210
f 4215/7461/4215 4226/7453/4226 4213/7455/4213
f 4229/7460/4229 4230/7462/4230 4216/7434/4216
f 4231/7463/4231 4215/7461/4215 4217/7464/4217
f 4232/7465/4232 4203/7418/4203 4204/7419/4204
f 4199/7414/4199 4232/7465/4232 4204/7419/4204
f 4232/7465/4232 4199/7414/4199 288/365/288
f 4176/7442/4176 4219/7441/4219 4220/7466/4220
f 286/362/286 288/365/288 4208/7425/4208
f 4195/7410/4195 4220/7444/4220 4196/7411/4196
f 4205/7421/4205 4196/7411/4196 4233/7467/4233
f 4206/7422/4206 4205/7421/4205 4233/7467/4233
f 4221/7445/4221 4167/7382/4167 4188/7403/4188
f 4192/7407/4192 4234/7468/4234 4207/7426/4207
f 4234/7469/4234 4227/7470/4227 4207/7471/4207
f 4179/7394/4179 4207/7424/4207 4227/7456/4227
f 4225/7454/4225 4226/7453/4226 4228/7458/4228
f 4226/7453/4226 4235/7472/4235 4229/7460/4229
f 4226/7453/4226 4229/7460/4229 4228/7458/4228
f 4235/7472/4235 4230/7462/4230 4229/7460/4229
f 4226/7453/4226 4215/7461/4215 4231/7463/4231
f 4231/7463/4231 4235/7472/4235 4226/7453/4226
f 4235/7472/4235 4231/7463/4231 4230/7462/4230
f 4230/7462/4230 4214/7438/4214 4216/7434/4216
f 4231/7463/4231 4236/7473/4236 4230/7462/4230
f 4217/7464/4217 4218/7474/4218 4231/7463/4231
f 4231/7463/4231 4218/7474/4218 4236/7473/4236
f 4236/7473/4236 4214/7438/4214 4230/7462/4230
f 4203/7418/4203 4232/7465/4232 4218/7439/4218
f 4219/7441/4219 4214/7438/4214 4236/7473/4236
f 4237/7475/4237 4196/7476/4196 4220/7466/4220
f 4237/7475/4237 4233/7477/4233 4196/7476/4196
f 4221/7445/4221 4222/7446/4222 4167/7382/4167
f 4222/7446/4222 4238/7478/4238 4223/7447/4223
f 4201/7416/4201 4239/7479/4239 4224/7448/4224
f 4170/7385/4170 4240/7480/4240 4201/7420/4201
f 4201/7481/4201 4240/7482/4240 4239/7483/4239
f 4224/7448/4224 4234/7468/4234 4192/7407/4192
f 4225/7452/4225 4240/7480/4240 4170/7385/4170
f 4225/7454/4225 4228/7458/4228 4241/7484/4241
f 4218/7474/4218 4242/7485/4242 4236/7473/4236
f 4218/7474/4218 4232/7486/4232 4242/7485/4242
f 4242/7485/4242 4219/7441/4219 4236/7473/4236
f 4220/7466/4220 4219/7441/4219 4242/7485/4242
f 4243/7487/4243 4232/7486/4232 288/7488/288
f 4220/7466/4220 4242/7485/4242 4237/7475/4237
f 4244/7489/4244 4206/7422/4206 4233/7467/4233
f 4187/7490/4187 4206/7491/4206 4244/7492/4244
f 4234/7469/4234 4224/7493/4224 4239/7483/4239
f 4239/7483/4239 4241/7484/4241 4234/7469/4234
f 4240/7482/4240 4241/7484/4241 4239/7483/4239
f 4240/7482/4240 4225/7454/4225 4241/7484/4241
f 4227/7470/4227 4234/7469/4234 4241/7484/4241
f 4227/7470/4227 4241/7484/4241 4228/7458/4228
f 4232/7486/4232 4245/7494/4245 4242/7485/4242
f 4245/7494/4245 4237/7475/4237 4242/7485/4242
f 4243/7487/4243 4245/7494/4245 4232/7486/4232
f 294/7495/294 4243/7487/4243 288/7488/288
f 4244/7492/4244 4221/7496/4221 4187/7490/4187
f 4245/7494/4245 4243/7487/4243 294/7495/294
f 294/7495/294 4246/7497/4246 4245/7494/4245
f 4245/7494/4245 4233/7477/4233 4237/7475/4237
f 294/7495/294 295/7498/295 4246/7497/4246
f 4246/7497/4246 4233/7477/4233 4245/7494/4245
f 4246/7497/4246 4244/7492/4244 4233/7477/4233
f 305/7499/305 4223/7447/4223 4238/7478/4238
f 4223/7447/4223 305/7499/305 4247/7500/4247
f 295/7498/295 4244/7492/4244 4246/7497/4246
f 4221/7496/4221 4244/7492/4244 4248/7501/4248
f 4221/7502/4221 4248/7503/4248 4249/7504/4249
f 4222/7446/4222 4221/7445/4221 4249/7505/4249
f 4249/7505/4249 4238/7478/4238 4222/7446/4222
f 4250/7506/4250 295/383/295 301/382/301
f 295/7498/295 4250/7507/4250 4244/7492/4244
f 4250/7507/4250 4248/7501/4248 4244/7492/4244
f 4249/7505/4249 4251/7508/4251 4238/7478/4238
f 305/7499/305 4238/7478/4238 4251/7508/4251
f 4252/7509/4252 4249/7505/4249 4248/7510/4248
f 4253/7511/4253 4251/7508/4251 4249/7505/4249
f 306/393/306 303/388/303 4251/7512/4251
f 303/388/303 305/390/305 4251/7512/4251
f 4254/7513/4254 4252/7514/4252 4250/7506/4250
f 4252/7514/4252 4248/7515/4248 4250/7506/4250
f 4249/7505/4249 4255/7516/4255 4253/7511/4253
f 4252/7509/4252 4255/7516/4255 4249/7505/4249
f 307/396/307 306/393/306 4251/7512/4251
f 307/396/307 4251/7512/4251 4253/7517/4253
f 301/382/301 311/7518/311 4250/7506/4250
f 311/7518/311 4254/7513/4254 4250/7506/4250
f 4253/7519/4253 309/7520/309 307/7521/307
f 4253/7522/4253 4255/7523/4255 309/7524/309
f 4255/7516/4255 4252/7509/4252 4256/7525/4256
f 4257/7526/4257 4254/7513/4254 311/7518/311
f 309/402/309 4258/7527/4258 311/405/311
f 4252/7514/4252 4254/7513/4254 4256/7528/4256
f 314/408/314 316/410/316 4259/7529/4259
f 4260/7530/4260 4258/7531/4258 309/7532/309
f 4261/7533/4261 4260/7530/4260 309/7532/309
f 4261/7533/4261 309/7532/309 4255/7534/4255
f 4255/7516/4255 4256/7525/4256 4261/7535/4261
f 4259/7529/4259 316/410/316 4262/7536/4262
f 4258/7527/4258 4257/7537/4257 311/405/311
f 316/410/316 320/414/320 4263/7538/4263
f 316/410/316 4263/7538/4263 4262/7536/4262
f 4254/7513/4254 4257/7526/4257 4264/7539/4264
f 4261/7533/4261 4265/7540/4265 4260/7530/4260
f 4266/7541/4266 4259/7542/4259 4262/7543/4262
f 4266/7541/4266 326/1390/326 4259/7542/4259
f 326/1390/326 925/1343/925 4259/7542/4259
f 4254/7513/4254 4264/7539/4264 4256/7528/4256
f 4256/7528/4256 4264/7539/4264 4267/7544/4267
f 4267/7545/4267 4261/7535/4261 4256/7525/4256
f 322/418/322 4268/7546/4268 320/7547/320
f 320/414/320 4268/7548/4268 4263/7538/4263
f 322/418/322 320/7547/320 319/417/319
f 4262/7543/4262 4269/7549/4269 4266/7541/4266
f 4262/7543/4262 4263/7550/4263 4269/7549/4269
f 322/422/322 324/421/324 4266/7551/4266
f 326/426/326 4266/7551/4266 324/421/324
f 4260/7530/4260 4270/7552/4270 4258/7531/4258
f 4271/7553/4271 4270/7554/4270 4260/7555/4260
f 4265/7540/4265 4271/7556/4271 4260/7530/4260
f 4265/7540/4265 4261/7533/4261 4272/7557/4272
f 4272/7558/4272 4261/7535/4261 4273/7559/4273
f 4269/7560/4269 4263/7561/4263 4268/7562/4268
f 4266/7551/4266 4269/7563/4269 322/422/322
f 4261/7535/4261 4267/7545/4267 4273/7559/4273
f 322/422/322 4269/7563/4269 4268/7564/4268
f 4257/7526/4257 4274/7565/4274 4264/7539/4264
f 4270/7566/4270 4257/7537/4257 4258/7527/4258
f 4264/7539/4264 4274/7565/4274 4267/7544/4267
f 329/429/329 4271/7556/4271 4265/7540/4265
f 4275/7567/4275 4265/7540/4265 4272/7557/4272
f 4271/7556/4271 328/428/328 4270/7552/4270
f 4275/7567/4275 329/429/329 4265/7540/4265
f 4272/7558/4272 4273/7559/4273 4275/7568/4275
f 4274/7569/4274 4257/7537/4257 4270/7566/4270
f 4274/7569/4274 4270/7566/4270 328/7570/328
f 329/429/329 328/428/328 4271/7556/4271
f 4274/7565/4274 4276/7571/4276 4267/7544/4267
f 4273/7559/4273 4267/7545/4267 4276/7572/4276
f 4276/7572/4276 4275/7568/4275 4273/7559/4273
f 4277/7573/4277 329/429/329 4275/7567/4275
f 327/427/327 329/429/329 4277/7573/4277
f 327/427/327 4277/7573/4277 332/7574/332
f 4278/7575/4278 4277/7573/4277 4275/7567/4275
f 4275/7568/4275 4276/7572/4276 4278/7576/4278
f 327/7577/327 4279/7578/4279 328/7570/328
f 4279/7578/4279 4274/7569/4274 328/7570/328
f 4279/7579/4279 4280/7580/4280 4274/7565/4274
f 4274/7565/4274 4280/7580/4280 4276/7571/4276
f 332/7581/332 4279/7578/4279 327/7577/327
f 4278/7576/4278 4276/7572/4276 4280/7582/4280
f 332/7581/332 4281/7583/4281 4279/7578/4279
f 332/7584/332 331/7585/331 4281/7586/4281
f 4281/7587/4281 4280/7580/4280 4279/7579/4279
f 332/7588/332 4282/7589/4282 330/7590/330
f 4282/7591/4282 332/7574/332 4277/7573/4277
f 4277/7592/4277 4278/7593/4278 4282/7594/4282
f 4278/7576/4278 4280/7582/4280 4283/7595/4283
f 4282/7589/4282 338/439/338 330/7590/330
f 4283/7595/4283 4282/7596/4282 4278/7576/4278
f 338/439/338 4284/7597/4284 334/434/334
f 335/435/335 334/434/334 4284/7597/4284
f 331/7585/331 336/7598/336 4281/7586/4281
f 4283/7599/4283 4280/7580/4280 4281/7587/4281
f 330/7590/330 338/439/338 337/438/337
f 4285/7600/4285 338/7601/338 4282/7596/4282
f 338/7601/338 4285/7600/4285 4286/7602/4286
f 338/7601/338 4286/7602/4286 4284/7603/4284
f 4281/7604/4281 336/7605/336 4283/7606/4283
f 339/443/339 4283/7606/4283 336/7605/336
f 339/443/339 4287/7607/4287 4283/7606/4283
f 339/443/339 341/445/341 4287/7607/4287
f 4283/7595/4283 4287/7608/4287 4285/7600/4285
f 4283/7595/4283 4285/7600/4285 4282/7596/4282
f 4286/7602/4286 4285/7600/4285 4287/7608/4287
f 344/449/344 4288/7609/4288 341/445/341
f 4287/7607/4287 341/445/341 4288/7609/4288
f 4289/7610/4289 4286/7602/4286 4287/7608/4287
f 4287/7611/4287 4290/7612/4290 4289/7613/4289
f 4287/7614/4287 4288/7615/4288 4290/7616/4290
f 4291/7617/4291 4290/7616/4290 4288/7615/4288
f 4292/7618/4292 4293/7619/4293 4294/7620/4294
f 4295/7621/4295 4293/7619/4293 4292/7618/4292
f 4296/7622/4296 4295/7621/4295 4292/7618/4292
f 4296/7623/4296 4292/7624/4292 4297/7625/4297
f 4298/7626/4298 4289/7613/4289 4290/7612/4290
f 351/7627/351 4291/7628/4291 344/7629/344
f 4291/7617/4291 4299/7630/4299 4290/7616/4290
f 4288/7631/4288 344/7629/344 4291/7628/4291
f 4300/7632/4300 4293/7633/4293 4301/7634/4301
f 4293/7619/4293 4300/7635/4300 4302/7636/4302
f 4293/7619/4293 4302/7636/4302 4294/7620/4294
f 4294/7620/4294 4303/7637/4303 4292/7618/4292
f 4304/7638/4304 4293/7639/4293 4295/7640/4295
f 4305/7641/4305 4295/7640/4295 4296/7642/4296
f 4297/7643/4297 4305/7641/4305 4296/7642/4296
f 4298/7644/4298 4290/7645/4290 4306/7646/4306
f 4290/7616/4290 4299/7630/4299 4306/7647/4306
f 4307/7648/4307 4294/7649/4294 4302/7650/4302
f 4308/7651/4308 4294/7649/4294 4307/7648/4307
f 4303/7652/4303 4294/7649/4294 4308/7651/4308
f 4304/7638/4304 4301/7653/4301 4293/7639/4293
f 4309/7654/4309 4310/7655/4310 4311/7656/4311
f 4303/7657/4303 4309/7658/4309 4292/7624/4292
f 4295/7640/4295 4312/7659/4312 4304/7638/4304
f 4312/7659/4312 4295/7640/4295 4305/7641/4305
f 4312/7660/4312 4305/7661/4305 4311/7662/4311
f 4305/7663/4305 4313/7664/4313 4311/7665/4311
f 4297/7666/4297 4311/7656/4311 4313/7667/4313
f 4311/7656/4311 4297/7666/4297 4309/7654/4309
f 4292/7624/4292 4309/7658/4309 4297/7625/4297
f 4305/7668/4305 4314/7669/4314 4313/7670/4313
f 4304/7671/4304 357/475/357 4301/7672/4301
f 4315/7673/4315 4304/7671/4304 4312/7674/4312
f 4316/7675/4316 4315/7673/4315 4312/7674/4312
f 4311/7676/4311 4317/7677/4317 4312/7678/4312
f 4311/7676/4311 4310/7679/4310 4317/7677/4317
f 4310/7679/4310 4318/7680/4318 4317/7677/4317
f 4309/7658/4309 4303/7657/4303 4319/7681/4319
f 356/476/356 357/475/357 4304/7671/4304
f 356/476/356 4304/7671/4304 4315/7673/4315
f 4316/7682/4316 4318/7683/4318 4310/7684/4310
f 4313/7685/4313 4316/7675/4316 4310/7686/4310
f 4297/7687/4297 4313/7688/4313 4310/7689/4310
f 4319/7690/4319 4314/7669/4314 4305/7668/4305
f 4319/7691/4319 4305/7641/4305 4297/7643/4297
f 4319/7692/4319 4297/7693/4297 4310/7694/4310
f 4319/7695/4319 4310/7696/4310 4309/7697/4309
f 356/476/356 4315/7673/4315 4299/7698/4299
f 4320/7699/4320 4313/7670/4313 4314/7669/4314
f 4306/7700/4306 4299/7698/4299 4315/7673/4315
f 4306/7700/4306 4315/7673/4315 4316/7675/4316
f 4306/7700/4306 4316/7675/4316 4313/7685/4313
f 358/481/358 356/476/356 4299/7698/4299
f 4320/7699/4320 4306/7701/4306 4313/7670/4313
f 4306/7702/4306 4320/7703/4320 4321/7704/4321
f 358/481/358 4299/7698/4299 4322/7705/4322
f 4306/7702/4306 4321/7704/4321 4298/7706/4298
f 4291/7628/4291 351/7627/351 358/7707/358
f 4322/7708/4322 4299/7630/4299 4291/7617/4291
f 4301/7634/4301 4323/7709/4323 4300/7632/4300
f 4324/7710/4324 4323/7711/4323 4301/7712/4301
f 4324/7713/4324 4312/7678/4312 4317/7677/4317
f 4308/7714/4308 4325/7715/4325 4303/7657/4303
f 357/484/357 4324/7716/4324 4301/7717/4301
f 4326/7718/4326 4312/7719/4312 4324/7716/4324
f 4319/7720/4319 4325/7721/4325 4318/7680/4318
f 4319/7681/4319 4303/7657/4303 4325/7715/4325
f 4326/7718/4326 4316/7722/4316 4312/7719/4312
f 4316/7682/4316 4327/7723/4327 4318/7683/4318
f 4327/7724/4327 4314/7725/4314 4318/7726/4318
f 4314/7727/4314 4319/7728/4319 4318/7729/4318
f 4316/7730/4316 4326/7731/4326 4327/7732/4327
f 4328/7733/4328 4298/7734/4298 4321/7735/4321
f 4329/7736/4329 4307/7648/4307 4302/7650/4302
f 4323/7709/4323 4329/7737/4329 4300/7632/4300
f 4300/7632/4300 4329/7737/4329 4302/7738/4302
f 4324/7739/4324 4330/7740/4330 4323/7741/4323
f 4330/7742/4330 4324/7713/4324 4317/7677/4317
f 4325/7721/4325 4330/7742/4330 4317/7677/4317
f 4325/7721/4325 4317/7677/4317 4318/7680/4318
f 357/484/357 4326/7718/4326 4324/7716/4324
f 361/486/361 4326/7718/4326 357/484/357
f 4327/7724/4327 4320/7743/4320 4314/7725/4314
f 4326/7718/4326 361/486/361 4331/7744/4331
f 4326/7718/4326 4331/7744/4331 4327/7724/4327
f 4327/7724/4327 4331/7744/4331 4320/7743/4320
f 4331/7744/4331 4321/7745/4321 4320/7743/4320
f 4331/7746/4331 4328/7733/4328 4321/7735/4321
f 4329/7736/4329 4332/7747/4332 4307/7648/4307
f 4333/7748/4333 4329/7737/4329 4323/7709/4323
f 4307/7648/4307 4332/7747/4332 4308/7651/4308
f 4334/7749/4334 4323/7750/4323 4330/7742/4330
f 4330/7742/4330 4325/7721/4325 4335/7751/4335
f 361/486/361 362/489/362 4331/7744/4331
f 4331/7744/4331 362/489/362 4336/7752/4336
f 4331/7744/4331 4336/7752/4336 4328/7753/4328
f 4323/7750/4323 4334/7749/4334 4333/7754/4333
f 366/495/366 365/494/365 4333/7755/4333
f 366/7756/366 4333/7757/4333 4334/7758/4334
f 4325/7759/4325 4308/7760/4308 4332/7761/4332
f 368/498/368 366/7756/366 4334/7758/4334
f 4330/7742/4330 4335/7751/4335 4334/7749/4334
f 4337/7762/4337 4334/7758/4334 4335/7763/4335
f 368/498/368 4334/7758/4334 4337/7762/4337
f 4336/7764/4336 362/492/362 363/491/363
f 4336/7765/4336 4338/7766/4338 4328/7767/4328
f 365/7768/365 4329/7769/4329 4333/7770/4333
f 4332/7761/4332 4329/7769/4329 365/7768/365
f 365/7768/365 4339/7771/4339 4332/7761/4332
f 4339/7771/4339 4340/7772/4340 4332/7761/4332
f 4332/7761/4332 4340/7772/4340 4335/7773/4335
f 4335/7773/4335 4325/7759/4325 4332/7761/4332
f 4340/7774/4340 4337/7775/4337 4335/7776/4335
f 367/497/367 366/7756/366 368/498/368
f 4340/7774/4340 4341/7777/4341 4337/7775/4337
f 4342/7778/4342 368/498/368 4337/7762/4337
f 4341/7777/4341 4342/7779/4342 4337/7775/4337
f 363/499/363 368/498/368 4336/7780/4336
f 4336/7781/4336 368/7782/368 4342/7783/4342
f 4336/7784/4336 4342/7785/4342 4338/7786/4338
f 365/7768/365 4343/7787/4343 4339/7771/4339
f 4339/7771/4339 4343/7787/4343 4340/7772/4340
f 365/7768/365 367/7788/367 4343/7787/4343
f 4343/7787/4343 4341/7789/4341 4340/7772/4340
f 367/7788/367 363/7790/363 4343/7787/4343
f 4343/7791/4343 363/7792/363 369/7793/369
f 4341/7777/4341 4338/7794/4338 4342/7779/4342
f 4343/7787/4343 369/7795/369 4341/7789/4341
f 369/7795/369 372/7796/372 4341/7789/4341
f 4344/7797/4344 4338/7794/4338 4341/7777/4341
f 372/7798/372 4344/7797/4344 4341/7777/4341
f 372/504/372 371/503/371 4345/7799/4345
f 4346/7800/4346 4347/7801/4347 4348/7802/4348
f 373/505/373 4348/7802/4348 371/503/371
f 371/503/371 4348/7802/4348 4345/7799/4345
f 4347/7801/4347 4345/7799/4345 4348/7802/4348
f 4346/7803/4346 4349/7804/4349 4347/7805/4347
f 4350/7806/4350 4346/7800/4346 4348/7802/4348
f 4346/7803/4346 4351/7807/4351 4349/7804/4349
f 378/512/378 373/505/373 376/510/376
f 373/505/373 378/512/378 4348/7802/4348
f 4348/7802/4348 378/512/378 4350/7806/4350
f 4346/7803/4346 4350/7808/4350 4351/7807/4351
f 382/518/382 378/512/378 377/511/377
f 4352/7809/4352 378/512/378 382/518/382
f 4353/7810/4353 4350/7806/4350 4352/7809/4352
f 4350/7806/4350 378/512/378 4352/7809/4352
f 4354/7811/4354 4355/7812/4355 4349/7804/4349
f 4353/7810/4353 4352/7809/4352 4356/7813/4356
f 4353/7814/4353 4351/7807/4351 4350/7808/4350
f 4357/7815/4357 4353/7810/4353 4356/7813/4356
f 4357/7816/4357 4358/7817/4358 4353/7814/4353
f 4351/7807/4351 4353/7814/4353 4358/7817/4358
f 4359/7818/4359 4355/7812/4355 4354/7811/4354
f 4352/7809/4352 382/518/382 4360/7819/4360
f 4352/7809/4352 4360/7819/4360 4356/7813/4356
f 4361/7820/4361 4356/7813/4356 4360/7819/4360
f 4354/7811/4354 4351/7807/4351 4358/7817/4358
f 4351/7807/4351 4354/7811/4354 4349/7804/4349
f 382/518/382 381/517/381 4360/7819/4360
f 381/517/381 384/7821/384 4360/7819/4360
f 4361/7820/4361 4360/7819/4360 4362/7822/4362
f 4363/7823/4363 4356/7824/4356 4361/7825/4361
f 4357/7815/4357 4356/7813/4356 4363/7826/4363
f 4364/7827/4364 4359/7818/4359 4354/7811/4354
f 4360/7819/4360 384/7821/384 4365/7828/4365
f 4363/7823/4363 4361/7825/4361 4366/7829/4366
f 4358/7817/4358 4357/7816/4357 4363/7823/4363
f 4358/7817/4358 4367/7830/4367 4354/7811/4354
f 4368/7831/4368 4354/7811/4354 4367/7830/4367
f 4364/7827/4364 4354/7811/4354 4368/7831/4368
f 4369/7832/4369 4359/7818/4359 4364/7827/4364
f 4360/7819/4360 4365/7828/4365 4362/7822/4362
f 4362/7822/4362 4366/7833/4366 4361/7820/4361
f 4364/7827/4364 4370/7834/4370 4369/7832/4369
f 4371/7835/4371 4365/7836/4365 4372/7837/4372
f 4365/7828/4365 4371/7838/4371 4362/7822/4362
f 383/520/383 4372/7837/4372 4365/7836/4365
f 383/520/383 4365/7836/4365 384/521/384
f 4373/7839/4373 4366/7833/4366 4362/7822/4362
f 4366/7829/4366 4374/7840/4374 4363/7823/4363
f 4367/7830/4367 4358/7817/4358 4363/7823/4363
f 383/520/383 387/524/387 4372/7837/4372
f 4371/7838/4371 4373/7839/4373 4362/7822/4362
f 4366/7833/4366 4373/7839/4373 4374/7841/4374
f 4375/7842/4375 4363/7823/4363 4374/7840/4374
f 4370/7834/4370 4364/7827/4364 4368/7831/4368
f 4370/7834/4370 4376/7843/4376 4369/7832/4369
f 4373/7839/4373 4377/7844/4377 4374/7841/4374
f 4375/7842/4375 4374/7840/4374 4377/7845/4377
f 4372/7837/4372 4378/7846/4378 4371/7835/4371
f 4372/7837/4372 387/524/387 4378/7846/4378
f 4379/7847/4379 4363/7823/4363 4375/7842/4375
f 4379/7847/4379 4367/7830/4367 4363/7823/4363
f 4380/7848/4380 4370/7834/4370 4368/7831/4368
f 4381/7849/4381 4373/7839/4373 4371/7838/4371
f 4382/7850/4382 4370/7834/4370 4380/7848/4380
f 4382/7850/4382 4376/7843/4376 4370/7834/4370
f 4371/7835/4371 4378/7846/4378 4381/7851/4381
f 4377/7844/4377 4373/7839/4373 4381/7849/4381
f 4383/7852/4383 4377/7844/4377 4381/7849/4381
f 4384/7853/4384 4385/7854/4385 4381/7851/4381
f 4386/7855/4386 4381/7851/4381 4385/7854/4385
f 4381/7851/4381 4378/7846/4378 4384/7853/4384
f 4377/7844/4377 4383/7852/4383 4387/7856/4387
f 4379/7847/4379 4388/7857/4388 4367/7830/4367
f 4388/7857/4388 4368/7831/4368 4367/7830/4367
f 4381/7849/4381 4386/7858/4386 4383/7852/4383
f 387/524/387 4389/7859/4389 4378/7846/4378
f 4387/7860/4387 4375/7842/4375 4377/7845/4377
f 4390/7861/4390 4387/7856/4387 4383/7852/4383
f 4389/7859/4389 4384/7853/4384 4378/7846/4378
f 394/531/394 4389/7859/4389 387/524/387
f 4368/7831/4368 4391/7862/4391 4380/7848/4380
f 4383/7852/4383 4386/7858/4386 4392/7863/4392
f 4383/7852/4383 4392/7863/4392 4390/7861/4390
f 4384/7853/4384 4389/7859/4389 4385/7854/4385
f 4393/7864/4393 4375/7842/4375 4387/7860/4387
f 4388/7857/4388 4379/7847/4379 4394/7865/4394
f 4391/7862/4391 4368/7831/4368 4395/7866/4395
f 4380/7848/4380 4396/7867/4396 4382/7850/4382
f 4397/7868/4397 4376/7843/4376 4382/7850/4382
f 4385/7854/4385 4398/7869/4398 4386/7855/4386
f 4393/7864/4393 4387/7860/4387 4390/7870/4390
f 4393/7864/4393 4390/7870/4390 4399/7871/4399
f 4385/7854/4385 4389/7859/4389 4400/7872/4400
f 4375/7842/4375 4393/7864/4393 4401/7873/4401
f 4401/7873/4401 4394/7865/4394 4375/7842/4375
f 4394/7865/4394 4379/7847/4379 4375/7842/4375
f 4402/7874/4402 4392/7863/4392 4386/7858/4386
f 4398/7869/4398 4402/7875/4402 4386/7855/4386
f 4400/7872/4400 4398/7869/4398 4385/7854/4385
f 4389/7859/4389 394/531/394 4403/7876/4403
f 4368/7831/4368 4388/7857/4388 4395/7866/4395
f 4390/7861/4390 4392/7863/4392 4404/7877/4404
f 4404/7878/4404 4399/7871/4399 4390/7870/4390
f 394/531/394 399/536/399 4403/7876/4403
f 4405/7879/4405 4391/7862/4391 4395/7866/4395
f 4406/7880/4406 4392/7863/4392 4402/7874/4402
f 4407/7881/4407 4399/7871/4399 4404/7878/4404
f 4408/7882/4408 4391/7862/4391 4405/7879/4405
f 4408/7882/4408 4409/7883/4409 4391/7862/4391
f 4409/7883/4409 4380/7848/4380 4391/7862/4391
f 4406/7880/4406 4410/7884/4410 4392/7863/4392
f 4404/7877/4404 4392/7863/4392 4410/7884/4410
f 4404/7877/4404 4410/7884/4410 4411/7885/4411
f 4407/7881/4407 4404/7878/4404 4411/7886/4411
f 4389/7859/4389 4403/7876/4403 4412/7887/4412
f 4399/7871/4399 4401/7873/4401 4393/7864/4393
f 4394/7865/4394 4413/7888/4413 4388/7857/4388
f 4413/7888/4413 4395/7866/4395 4388/7857/4388
f 4409/7883/4409 4396/7867/4396 4380/7848/4380
f 4397/7868/4397 4382/7850/4382 4396/7867/4396
f 4400/7872/4400 4414/7889/4414 4398/7869/4398
f 4412/7887/4412 4400/7872/4400 4389/7859/4389
f 401/538/401 411/548/411 399/536/399
f 4405/7879/4405 4395/7866/4395 4415/7890/4415
f 4411/7886/4411 4416/7891/4416 4407/7881/4407
f 4401/7873/4401 4399/7871/4399 4407/7881/4407
f 4403/7876/4403 4417/7892/4417 4418/7893/4418
f 399/536/399 4417/7892/4417 4403/7876/4403
f 4415/7890/4415 4395/7866/4395 4413/7888/4413
f 4419/7894/4419 4397/7868/4397 4396/7867/4396
f 4402/7874/4402 4420/7895/4420 4406/7880/4406
f 4421/7896/4421 4420/7897/4420 4402/7875/4402
f 4411/7885/4411 4410/7884/4410 4422/7898/4422
f 4422/7898/4422 4416/7899/4416 4411/7885/4411
f 4414/7889/4414 4400/7872/4400 4423/7900/4423
f 4403/7876/4403 4418/7893/4418 4412/7887/4412
f 4424/7901/4424 4394/7865/4394 4401/7873/4401
f 4425/7902/4425 4419/7894/4419 4396/7867/4396
f 4406/7880/4406 4420/7895/4420 4410/7884/4410
f 4398/7869/4398 4421/7896/4421 4402/7875/4402
f 4398/7869/4398 4414/7889/4414 4421/7896/4421
f 4412/7887/4412 4423/7900/4423 4400/7872/4400
f 4417/7892/4417 399/536/399 411/548/411
f 4409/7883/4409 4425/7902/4425 4396/7867/4396
f 4421/7896/4421 4426/7903/4426 4420/7897/4420
f 4427/7904/4427 4420/7897/4420 4426/7903/4426
f 4407/7881/4407 4428/7905/4428 4401/7873/4401
f 4418/7893/4418 4423/7900/4423 4412/7887/4412
f 4405/7879/4405 4415/7890/4415 4429/7906/4429
f 4408/7882/4408 4430/7907/4430 4409/7883/4409
f 4420/7895/4420 4427/7908/4427 4410/7884/4410
f 4431/7909/4431 4428/7905/4428 4416/7891/4416
f 4428/7905/4428 4407/7881/4407 4416/7891/4416
f 4432/7910/4432 4423/7900/4423 4418/7893/4418
f 4433/7911/4433 4394/7865/4394 4424/7901/4424
f 4413/7888/4413 4394/7865/4394 4433/7911/4433
f 411/548/411 4434/7912/4434 4417/7892/4417
f 4435/7913/4435 4415/7890/4415 4413/7888/4413
f 4430/7907/4430 4425/7902/4425 4409/7883/4409
f 4436/7914/4436 4422/7898/4422 4410/7884/4410
f 4431/7909/4431 4416/7891/4416 4422/7915/4422
f 4417/7892/4417 4437/7916/4437 4418/7893/4418
f 4430/7907/4430 4408/7882/4408 4405/7879/4405
f 4425/7902/4425 4430/7907/4430 4438/7917/4438
f 4425/7902/4425 4438/7917/4438 4439/7918/4439
f 4425/7902/4425 4440/7919/4440 4419/7894/4419
f 4410/7884/4410 4427/7908/4427 4441/7920/4441
f 4421/7896/4421 4442/7921/4442 4426/7903/4426
f 4431/7909/4431 4422/7915/4422 4436/7922/4436
f 4414/7889/4414 4442/7921/4442 4421/7896/4421
f 4428/7905/4428 4424/7901/4424 4401/7873/4401
f 4437/7916/4437 4432/7910/4432 4418/7893/4418
f 4443/7923/4443 4427/7904/4427 4444/7924/4444
f 4441/7920/4441 4427/7908/4427 4443/7925/4443
f 4426/7903/4426 4444/7924/4444 4427/7904/4427
f 4442/7921/4442 4414/7889/4414 4423/7900/4423
f 4417/7892/4417 4434/7912/4434 4437/7916/4437
f 4445/7926/4445 4413/7888/4413 4433/7911/4433
f 4435/7913/4435 4413/7888/4413 4445/7926/4445
f 4405/7879/4405 4429/7906/4429 4430/7907/4430
f 4429/7906/4429 4438/7917/4438 4430/7907/4430
f 4446/7927/4446 4425/7902/4425 4439/7918/4439
f 4440/7919/4440 4425/7902/4425 4446/7927/4446
f 4436/7914/4436 4410/7884/4410 4441/7920/4441
f 4447/7928/4447 4428/7905/4428 4431/7909/4431
f 4448/7929/4448 4424/7901/4424 4428/7905/4428
f 4437/7916/4437 4449/7930/4449 4432/7910/4432
f 4450/7931/4450 4445/7926/4445 4433/7911/4433
f 413/552/413 1929/3394/1929 415/554/415
f 4426/7903/4426 4451/7932/4451 4444/7924/4444
f 4442/7921/4442 4451/7932/4451 4426/7903/4426
f 4452/7933/4452 4431/7909/4431 4436/7922/4436
f 4453/7934/4453 4434/7912/4434 411/548/411
f 4454/7935/4454 4429/7906/4429 4415/7890/4415
f 4440/7919/4440 4446/7927/4446 415/7936/415
f 4442/7921/4442 4455/7937/4455 4451/7932/4451
f 4442/7921/4442 4423/7900/4423 4455/7937/4455
f 4447/7928/4447 4431/7909/4431 4452/7933/4452
f 4448/7929/4448 4433/7911/4433 4424/7901/4424
f 4456/7938/4456 4437/7916/4437 4434/7912/4434
f 4457/7939/4457 4438/7917/4438 4429/7906/4429
f 4458/7940/4458 4446/7927/4446 4439/7918/4439
f 4446/7927/4446 4459/7941/4459 415/7936/415
f 4436/7922/4436 4460/7942/4460 4452/7933/4452
f 4456/7938/4456 4461/7943/4461 4437/7916/4437
f 403/540/403 4453/7934/4453 411/548/411
f 4415/7890/4415 4435/7913/4435 4454/7935/4454
f 418/558/418 403/540/403 412/549/412
f 414/553/414 415/554/415 4459/7944/4459
f 4459/7941/4459 4446/7927/4446 4458/7940/4458
f 4444/7924/4444 4462/7945/4462 4443/7923/4443
f 4441/7920/4441 4443/7925/4443 4463/7946/4463
f 4436/7914/4436 4441/7920/4441 4464/7947/4464
f 4448/7929/4448 4428/7905/4428 4447/7928/4447
f 4432/7910/4432 4465/7948/4465 4423/7900/4423
f 4466/7949/4466 4433/7911/4433 4448/7929/4448
f 4467/7950/4467 4435/7913/4435 4445/7926/4445
f 4454/7935/4454 4457/7939/4457 4429/7906/4429
f 4458/7940/4458 4457/7939/4457 4468/7951/4468
f 4458/7940/4458 4438/7917/4438 4457/7939/4457
f 4458/7940/4458 4439/7918/4439 4438/7917/4438
f 414/553/414 4459/7944/4459 417/557/417
f 4443/7923/4443 4462/7945/4462 4463/7952/4463
f 4464/7947/4464 4441/7920/4441 4463/7946/4463
f 4460/7953/4460 4436/7914/4436 4464/7947/4464
f 4447/7928/4447 4452/7933/4452 4469/7954/4469
f 4423/7900/4423 4465/7948/4465 4455/7937/4455
f 4470/7955/4470 4465/7948/4465 4432/7910/4432
f 4449/7930/4449 4470/7955/4470 4432/7910/4432
f 4471/7956/4471 4433/7911/4433 4466/7949/4466
f 4437/7916/4437 4461/7943/4461 4449/7930/4449
f 4456/7938/4456 4434/7912/4434 4453/7934/4453
f 403/540/403 418/558/418 4453/7934/4453
f 4459/7944/4459 4472/7957/4472 417/557/417
f 4472/7957/4472 4459/7944/4459 4458/7958/4458
f 4444/7924/4444 4473/7959/4473 4462/7945/4462
f 4451/7932/4451 4473/7959/4473 4444/7924/4444
f 4471/7956/4471 4450/7931/4450 4433/7911/4433
f 4474/7960/4474 4450/7931/4450 4471/7956/4471
f 4467/7950/4467 4454/7935/4454 4435/7913/4435
f 4475/7961/4475 4457/7939/4457 4454/7935/4454
f 417/557/417 4472/7957/4472 419/7962/419
f 4458/7940/4458 4468/7951/4468 4472/7963/4472
f 4451/7932/4451 4476/7964/4476 4473/7959/4473
f 4476/7964/4476 4451/7932/4451 4455/7937/4455
f 4477/7965/4477 4448/7929/4448 4447/7928/4447
f 4471/7956/4471 4466/7949/4466 4478/7966/4478
f 4479/7967/4479 4474/7960/4474 4471/7956/4471
f 4472/7957/4472 4480/7968/4480 419/7962/419
f 4481/7969/4481 4464/7947/4464 4463/7946/4463
f 4481/7970/4481 4463/7952/4463 4482/7971/4482
f 4462/7945/4462 4482/7971/4482 4463/7952/4463
f 4477/7965/4477 4447/7928/4447 4469/7954/4469
f 4477/7965/4477 4466/7949/4466 4448/7929/4448
f 4457/7939/4457 4483/7972/4483 4468/7951/4468
f 4472/7963/4472 4468/7951/4468 4480/7973/4480
f 4452/7933/4452 4460/7942/4460 4484/7974/4484
f 4455/7937/4455 4465/7948/4465 4476/7964/4476
f 4470/7955/4470 4485/7975/4485 4465/7948/4465
f 4449/7930/4449 4486/7976/4486 4470/7955/4470
f 4486/7976/4486 4449/7930/4449 4461/7943/4461
f 4479/7967/4479 4471/7956/4471 4478/7966/4478
f 4487/7977/4487 4445/7926/4445 4450/7931/4450
f 4453/7934/4453 418/558/418 4456/7938/4456
f 4467/7950/4467 4475/7961/4475 4454/7935/4454
f 420/560/420 4488/7978/4488 418/558/418
f 4483/7972/4483 4457/7939/4457 4475/7961/4475
f 4489/7979/4489 4464/7947/4464 4481/7969/4481
f 4484/7980/4484 4460/7953/4460 4464/7947/4464
f 4462/7945/4462 4473/7959/4473 4482/7971/4482
f 4490/7981/4490 4452/7933/4452 4484/7974/4484
f 4476/7964/4476 4465/7948/4465 4485/7975/4485
f 418/558/418 4491/7982/4491 4456/7938/4456
f 4487/7977/4487 4467/7950/4467 4445/7926/4445
f 4492/7983/4492 420/560/420 419/559/419
f 4468/7951/4468 4483/7972/4483 4480/7973/4480
f 4481/7970/4481 4482/7971/4482 4489/7984/4489
f 4490/7981/4490 4484/7974/4484 4493/7985/4493
f 4494/7986/4494 4478/7966/4478 4466/7949/4466
f 4475/7961/4475 4467/7950/4467 4487/7977/4487
f 4491/7982/4491 418/558/418 4488/7978/4488
f 4492/7987/4492 419/7962/419 4495/7988/4495
f 4480/7968/4480 4495/7988/4495 419/7962/419
f 4495/7989/4495 4480/7973/4480 4483/7972/4483
f 4484/7980/4484 4464/7947/4464 4496/7990/4496
f 4496/7990/4496 4493/7991/4493 4484/7980/4484
f 4476/7964/4476 4497/7992/4497 4473/7959/4473
f 4498/7993/4498 4497/7992/4497 4476/7964/4476
f 4476/7964/4476 4485/7975/4485 4498/7993/4498
f 4466/7949/4466 4477/7965/4477 4494/7986/4494
f 420/560/420 4492/7983/4492 4488/7978/4488
f 4490/7981/4490 4469/7954/4469 4452/7933/4452
f 4456/7938/4456 4491/7982/4491 4461/7943/4461
f 4450/7931/4450 4474/7960/4474 4487/7977/4487
f 4499/7994/4499 4475/7961/4475 4487/7977/4487
f 4500/7995/4500 4475/7961/4475 4499/7994/4499
f 4500/7995/4500 4483/7972/4483 4475/7961/4475
f 4501/7996/4501 4489/7984/4489 4482/7971/4482
f 4482/7971/4482 4473/7959/4473 4501/7996/4501
f 4483/7972/4483 4502/7997/4502 4495/7989/4495
f 4503/7998/4503 4464/7947/4464 4489/7979/4489
f 4485/7975/4485 4470/7955/4470 4504/7999/4504
f 4477/7965/4477 4505/8000/4505 4494/7986/4494
f 4491/7982/4491 4506/8001/4506 4461/7943/4461
f 4492/7983/4492 4507/8002/4507 4488/7978/4488
f 4503/8003/4503 4489/7984/4489 4501/7996/4501
f 4496/7990/4496 4464/7947/4464 4503/7998/4503
f 4508/8004/4508 4490/7981/4490 4493/7985/4493
f 4497/7992/4497 4501/7996/4501 4473/7959/4473
f 4485/7975/4485 4504/7999/4504 4498/7993/4498
f 4461/7943/4461 4506/8001/4506 4486/7976/4486
f 4509/8005/4509 4499/7994/4499 4487/7977/4487
f 4495/7988/4495 4510/8006/4510 4492/7987/4492
f 4511/8007/4511 4500/7995/4500 4499/7994/4499
f 4500/7995/4500 4502/7997/4502 4483/7972/4483
f 4512/8008/4512 4496/7990/4496 4503/7998/4503
f 4513/8009/4513 4493/7991/4493 4496/7990/4496
f 4508/8004/4508 4493/7985/4493 4513/8010/4513
f 4514/8011/4514 4490/7981/4490 4508/8004/4508
f 4514/8011/4514 4469/7954/4469 4490/7981/4490
f 4505/8000/4505 4477/7965/4477 4469/7954/4469
f 4487/7977/4487 4474/7960/4474 4509/8005/4509
f 4507/8002/4507 4491/7982/4491 4488/7978/4488
f 4492/7983/4492 4510/8012/4510 4507/8002/4507
f 4501/7996/4501 4515/8013/4515 4503/8003/4503
f 4512/8008/4512 4513/8009/4513 4496/7990/4496
f 4478/7966/4478 4494/7986/4494 4516/8014/4516
f 4486/7976/4486 4506/8001/4506 4517/8015/4517
f 4510/8006/4510 4495/7988/4495 4502/8016/4502
f 4512/8008/4512 4503/7998/4503 4515/8017/4515
f 4501/7996/4501 4518/8018/4518 4515/8013/4515
f 4519/8019/4519 4505/8000/4505 4469/7954/4469
f 4504/7999/4504 4470/7955/4470 4520/8020/4520
f 4521/8021/4521 4478/7966/4478 4516/8014/4516
f 4491/7982/4491 4522/8022/4522 4506/8001/4506
f 4501/7996/4501 4497/7992/4497 4523/8023/4523
f 4498/7993/4498 4524/8024/4524 4497/7992/4497
f 4486/7976/4486 4517/8015/4517 4470/7955/4470
f 4478/7966/4478 4521/8021/4521 4479/7967/4479
f 4474/7960/4474 4479/7967/4479 4509/8005/4509
f 4525/8025/4525 4499/7994/4499 4509/8005/4509
f 4526/8026/4526 4513/8009/4513 4512/8008/4512
f 4526/8027/4526 4508/8004/4508 4513/8010/4513
f 4504/7999/4504 4527/8028/4527 4498/7993/4498
f 4506/8001/4506 4522/8022/4522 4528/8029/4528
f 4507/8002/4507 4529/8030/4529 4491/7982/4491
f 4502/8016/4502 4530/8031/4530 4510/8006/4510
f 4530/8032/4530 4502/7997/4502 4511/8007/4511
f 4500/7995/4500 4511/8007/4511 4502/7997/4502
f 4514/8011/4514 4508/8004/4508 4531/8033/4531
f 4514/8011/4514 4519/8019/4519 4469/7954/4469
f 4528/8029/4528 4517/8015/4517 4506/8001/4506
f 4491/7982/4491 4529/8030/4529 4522/8022/4522
f 4507/8002/4507 4532/8034/4532 4529/8030/4529
f 4507/8002/4507 4510/8012/4510 4532/8034/4532
f 4532/8035/4532 4510/8006/4510 4530/8031/4530
f 4512/8008/4512 4515/8017/4515 4533/8036/4533
f 4501/7996/4501 4534/8037/4534 4518/8018/4518
f 4526/8026/4526 4512/8008/4512 4535/8038/4535
f 4531/8033/4531 4508/8004/4508 4526/8027/4526
f 4470/7955/4470 4517/8015/4517 4520/8020/4520
f 4516/8014/4516 4494/7986/4494 4505/8000/4505
f 4479/7967/4479 4521/8021/4521 4536/8039/4536
f 4532/8040/4532 4530/8041/4530 4537/8042/4537
f 4525/8025/4525 4511/8007/4511 4499/7994/4499
f 4515/8013/4515 4538/8043/4538 4533/8044/4533
f 4535/8038/4535 4512/8008/4512 4533/8036/4533
f 4518/8018/4518 4538/8043/4538 4515/8013/4515
f 4518/8018/4518 4534/8037/4534 4538/8043/4538
f 4523/8023/4523 4534/8037/4534 4501/7996/4501
f 4497/7992/4497 4539/8045/4539 4523/8023/4523
f 4520/8020/4520 4527/8028/4527 4504/7999/4504
f 4540/8046/4540 4521/8021/4521 4516/8014/4516
f 4509/8005/4509 4479/7967/4479 4536/8039/4536
f 4537/8047/4537 4530/8032/4530 4525/8025/4525
f 4530/8032/4530 4511/8007/4511 4525/8025/4525
f 4541/8048/4541 4514/8011/4514 4531/8033/4531
f 4527/8028/4527 4524/8024/4524 4498/7993/4498
f 4505/8000/4505 4519/8019/4519 4542/8049/4542
f 4543/8050/4543 4516/8014/4516 4505/8000/4505
f 4528/8029/4528 4522/8022/4522 4544/8051/4544
f 4536/8039/4536 4545/8052/4545 4509/8005/4509
f 4533/8044/4533 4538/8043/4538 4546/8053/4546
f 4497/7992/4497 4524/8024/4524 4539/8045/4539
f 4543/8050/4543 4540/8046/4540 4516/8014/4516
f 4540/8046/4540 4536/8039/4536 4521/8021/4521
f 4547/8054/4547 4529/8030/4529 4532/8034/4532
f 4525/8025/4525 4509/8005/4509 4548/8055/4548
f 4532/8040/4532 4537/8042/4537 4547/8056/4547
f 4546/8053/4546 4538/8043/4538 4549/8057/4549
f 4550/8058/4550 4526/8026/4526 4535/8038/4535
f 4550/8059/4550 4531/8033/4531 4526/8027/4526
f 4527/8028/4527 4551/8060/4551 4524/8024/4524
f 4517/8015/4517 4552/8061/4552 4520/8020/4520
f 4538/8043/4538 4534/8037/4534 4549/8057/4549
f 4541/8048/4541 4519/8019/4519 4514/8011/4514
f 4524/8024/4524 4551/8060/4551 4553/8062/4553
f 4527/8028/4527 4520/8020/4520 4551/8060/4551
f 4551/8060/4551 4520/8020/4520 4552/8061/4552
f 4529/8030/4529 4547/8054/4547 4522/8022/4522
f 4525/8025/4525 4548/8055/4548 4537/8047/4537
f 4554/8063/4554 4533/8036/4533 4546/8064/4546
f 4549/8057/4549 4555/8065/4555 4546/8053/4546
f 4554/8063/4554 4535/8038/4535 4533/8036/4533
f 4550/8059/4550 4541/8048/4541 4531/8033/4531
f 4556/8066/4556 4557/8067/4557 4519/8019/4519
f 4505/8000/4505 4542/8049/4542 4543/8050/4543
f 4517/8015/4517 4528/8029/4528 4552/8061/4552
f 4558/8068/4558 4536/8039/4536 4540/8046/4540
f 4547/8054/4547 4544/8051/4544 4522/8022/4522
f 4546/8069/4546 4555/8070/4555 4554/8071/4554
f 4550/8058/4550 4535/8038/4535 4559/8072/4559
f 4539/8045/4539 4560/8073/4560 4523/8023/4523
f 4557/8067/4557 4542/8049/4542 4519/8019/4519
f 4558/8068/4558 4540/8046/4540 4543/8050/4543
f 4548/8055/4548 4509/8005/4509 4545/8052/4545
f 4537/8042/4537 4561/8074/4561 4547/8056/4547
f 4559/8075/4559 4535/8076/4535 4554/8071/4554
f 4560/8073/4560 4534/8037/4534 4523/8023/4523
f 4562/8077/4562 4541/8048/4541 4550/8059/4550
f 4556/8066/4556 4519/8019/4519 4541/8048/4541
f 4553/8062/4553 4539/8045/4539 4524/8024/4524
f 4551/8060/4551 4563/8078/4563 4553/8062/4553
f 4564/8079/4564 4543/8050/4543 4542/8049/4542
f 4528/8029/4528 4565/8080/4565 4552/8061/4552
f 4558/8068/4558 4545/8052/4545 4536/8039/4536
f 4528/8029/4528 4544/8051/4544 4566/8081/4566
f 4547/8054/4547 4566/8081/4566 4544/8051/4544
f 4567/8082/4567 4566/8083/4566 4547/8056/4547
f 4561/8074/4561 4567/8082/4567 4547/8056/4547
f 4545/8052/4545 4568/8084/4568 4548/8055/4548
f 4561/8085/4561 4537/8047/4537 4548/8055/4548
f 4555/8070/4555 4569/8086/4569 4554/8071/4554
f 4570/8087/4570 4569/8088/4569 4555/8065/4555
f 4549/8057/4549 4570/8087/4570 4555/8065/4555
f 4539/8045/4539 4553/8062/4553 4560/8073/4560
f 4569/8086/4569 4559/8075/4559 4554/8071/4554
f 4569/8086/4569 4571/8089/4571 4559/8075/4559
f 4572/8090/4572 4559/8091/4559 4571/8092/4571
f 4534/8037/4534 4573/8093/4573 4549/8057/4549
f 4572/8090/4572 4550/8059/4550 4559/8091/4559
f 4572/8090/4572 4562/8077/4562 4550/8059/4550
f 4574/8094/4574 4541/8048/4541 4562/8077/4562
f 4556/8066/4556 4541/8048/4541 4574/8094/4574
f 4564/8079/4564 4542/8049/4542 4557/8067/4557
f 4566/8081/4566 4565/8080/4565 4528/8029/4528
f 4570/8087/4570 4575/8095/4575 4569/8088/4569
f 4561/8085/4561 4548/8055/4548 4576/8096/4576
f 4570/8087/4570 4549/8057/4549 4573/8093/4573
f 4534/8037/4534 4577/8097/4577 4573/8093/4573
f 4534/8037/4534 4560/8073/4560 4578/8098/4578
f 4566/8081/4566 4579/8099/4579 4565/8080/4565
f 4566/8081/4566 4580/8100/4580 4579/8099/4579
f 4561/8074/4561 4576/8101/4576 4567/8082/4567
f 4553/8062/4553 4581/8102/4581 4560/8073/4560
f 4582/8103/4582 4557/8067/4557 4556/8066/4556
f 4552/8061/4552 4583/8104/4583 4551/8060/4551
f 4565/8080/4565 4583/8104/4583 4552/8061/4552
f 4545/8052/4545 4558/8068/4558 4584/8105/4584
f 4568/8084/4568 4545/8052/4545 4584/8105/4584
f 4568/8084/4568 4576/8096/4576 4548/8055/4548
f 4585/8106/4585 4572/8090/4572 4571/8092/4571
f 4578/8098/4578 4577/8097/4577 4534/8037/4534
f 4553/8062/4553 4563/8078/4563 4581/8102/4581
f 4583/8104/4583 4563/8078/4563 4551/8060/4551
f 4558/8068/4558 4543/8050/4543 4564/8079/4564
f 4567/8082/4567 4586/8107/4586 4566/8083/4566
f 4575/8095/4575 4587/8108/4587 4569/8088/4569
f 4570/8087/4570 4573/8093/4573 4575/8095/4575
f 4569/8086/4569 4588/8109/4588 4571/8089/4571
f 4581/8102/4581 4578/8098/4578 4560/8073/4560
f 4589/8110/4589 4556/8066/4556 4574/8094/4574
f 4566/8083/4566 4586/8107/4586 4580/8111/4580
f 4567/8082/4567 4576/8101/4576 4586/8107/4586
f 4588/8109/4588 4569/8086/4569 4590/8112/4590
f 4585/8106/4585 4562/8077/4562 4572/8090/4572
f 4591/8113/4591 4582/8103/4582 4556/8066/4556
f 4582/8103/4582 4564/8079/4564 4557/8067/4557
f 4564/8079/4564 4592/8114/4592 4558/8068/4558
f 4593/8115/4593 4584/8105/4584 4558/8068/4558
f 4585/8106/4585 4594/8116/4594 4562/8077/4562
f 4593/8115/4593 4558/8068/4558 4592/8114/4592
f 4576/8096/4576 4568/8084/4568 4595/8117/4595
f 4575/8095/4575 4596/8118/4596 4587/8108/4587
f 4587/8119/4587 4590/8112/4590 4569/8086/4569
f 4571/8092/4571 4588/8120/4588 4585/8106/4585
f 4577/8097/4577 4578/8098/4578 4597/8121/4597
f 4577/8097/4577 4598/8122/4598 4573/8093/4573
f 4597/8121/4597 4598/8122/4598 4577/8097/4577
f 4574/8094/4574 4562/8077/4562 4594/8116/4594
f 4589/8110/4589 4591/8113/4591 4556/8066/4556
f 4599/8123/4599 4590/8112/4590 4587/8119/4587
f 4573/8093/4573 4596/8118/4596 4575/8095/4575
f 4578/8098/4578 4581/8102/4581 4600/8124/4600
f 4601/8125/4601 4568/8084/4568 4584/8105/4584
f 4582/8103/4582 4602/8126/4602 4564/8079/4564
f 4603/8127/4603 4592/8114/4592 4564/8079/4564
f 4576/8101/4576 4604/8128/4604 4586/8107/4586
f 4568/8084/4568 4601/8125/4601 4595/8117/4595
f 4590/8112/4590 4605/8129/4605 4588/8109/4588
f 4588/8120/4588 4606/8130/4606 4585/8106/4585
f 4589/8110/4589 4574/8094/4574 4607/8131/4607
f 4603/8127/4603 4564/8079/4564 4602/8126/4602
f 4593/8115/4593 4608/8132/4608 4584/8105/4584
f 4609/8133/4609 4580/8111/4580 4586/8107/4586
f 4595/8134/4595 4604/8128/4604 4576/8101/4576
f 4596/8118/4596 4599/8135/4599 4587/8108/4587
f 4606/8130/4606 4588/8120/4588 4605/8136/4605
f 4602/8126/4602 4582/8103/4582 4591/8113/4591
f 4583/8104/4583 4565/8080/4565 4610/8137/4610
f 4580/8100/4580 4609/8138/4609 4579/8099/4579
f 4604/8128/4604 4609/8133/4609 4586/8107/4586
f 4590/8112/4590 4599/8123/4599 4611/8139/4611
f 4611/8139/4611 4605/8129/4605 4590/8112/4590
f 4597/8121/4597 4612/8140/4612 4598/8122/4598
f 4607/8131/4607 4574/8094/4574 4594/8116/4594
f 4613/8141/4613 4592/8114/4592 4603/8127/4603
f 4579/8099/4579 4614/8142/4614 4565/8080/4565
f 4579/8099/4579 4609/8138/4609 4614/8142/4614
f 4595/8117/4595 4601/8125/4601 4615/8143/4615
f 4573/8093/4573 4616/8144/4616 4596/8118/4596
f 4573/8093/4573 4598/8122/4598 4616/8144/4616
f 4585/8106/4585 4606/8130/4606 4617/8145/4617
f 4617/8145/4617 4594/8116/4594 4585/8106/4585
f 4597/8121/4597 4578/8098/4578 4600/8124/4600
f 4581/8102/4581 4563/8078/4563 4618/8146/4618
f 4583/8104/4583 4619/8147/4619 4563/8078/4563
f 4614/8142/4614 4610/8137/4610 4565/8080/4565
f 4613/8141/4613 4593/8115/4593 4592/8114/4592
f 4608/8132/4608 4601/8125/4601 4584/8105/4584
f 4616/8144/4616 4598/8122/4598 4620/8148/4620
f 4598/8122/4598 4612/8140/4612 4621/8149/4621
f 4619/8147/4619 4618/8146/4618 4563/8078/4563
f 4610/8137/4610 4619/8147/4619 4583/8104/4583
f 4609/8138/4609 4622/8150/4622 4614/8142/4614
f 4609/8133/4609 4604/8128/4604 4622/8151/4622
f 4615/8152/4615 4604/8128/4604 4595/8134/4595
f 4623/8153/4623 4599/8135/4599 4596/8118/4596
f 4616/8144/4616 4623/8153/4623 4596/8118/4596
f 4617/8145/4617 4607/8131/4607 4594/8116/4594
f 4624/8154/4624 4608/8132/4608 4593/8115/4593
f 4608/8132/4608 4615/8143/4615 4601/8125/4601
f 4605/8129/4605 4611/8139/4611 4625/8155/4625
f 4625/8156/4625 4606/8130/4606 4605/8136/4605
f 4598/8122/4598 4621/8149/4621 4620/8148/4620
f 4589/8110/4589 4607/8131/4607 4626/8157/4626
f 4593/8115/4593 4613/8141/4613 4624/8154/4624
f 4627/8158/4627 4622/8151/4622 4604/8128/4604
f 4623/8153/4623 4628/8159/4628 4599/8135/4599
f 4628/8160/4628 4611/8139/4611 4599/8123/4599
f 4629/8161/4629 4600/8124/4600 4581/8102/4581
f 4618/8146/4618 4629/8161/4629 4581/8102/4581
f 4618/8146/4618 4630/8162/4630 4629/8161/4629
f 4626/8157/4626 4591/8113/4591 4589/8110/4589
f 4619/8147/4619 4630/8162/4630 4618/8146/4618
f 4631/8163/4631 4610/8137/4610 4614/8142/4614
f 4632/8164/4632 4615/8143/4615 4608/8132/4608
f 4633/8165/4633 4634/8166/4634 4625/8156/4625
f 4634/8166/4634 4606/8130/4606 4625/8156/4625
f 4634/8166/4634 4617/8145/4617 4606/8130/4606
f 4635/8167/4635 4607/8131/4607 4617/8145/4617
f 4600/8124/4600 4612/8140/4612 4597/8121/4597
f 4614/8168/4614 4622/8169/4622 4631/8170/4631
f 4615/8152/4615 4627/8158/4627 4604/8128/4604
f 4632/8164/4632 4627/8171/4627 4615/8143/4615
f 4636/8172/4636 4628/8173/4628 4637/8174/4637
f 4628/8175/4628 4623/8176/4623 4637/8177/4637
f 4628/8178/4628 4636/8179/4636 4611/8180/4611
f 4611/8180/4611 4636/8179/4636 4625/8181/4625
f 4636/8179/4636 4633/8182/4633 4625/8181/4625
f 4616/8144/4616 4638/8183/4638 4623/8153/4623
f 4638/8183/4638 4616/8144/4616 4620/8148/4620
f 4639/8184/4639 4630/8162/4630 4619/8147/4619
f 4610/8137/4610 4639/8184/4639 4619/8147/4619
f 4637/8174/4637 4640/8185/4640 4636/8172/4636
f 4636/8172/4636 4640/8185/4640 4641/8186/4641
f 4623/8153/4623 4638/8183/4638 4642/8187/4642
f 4600/8124/4600 4643/8188/4643 4612/8140/4612
f 4644/8189/4644 4602/8126/4602 4591/8113/4591
f 4610/8137/4610 4645/8190/4645 4639/8184/4639
f 4623/8153/4623 4642/8187/4642 4637/8191/4637
f 4636/8172/4636 4641/8186/4641 4633/8192/4633
f 4634/8166/4634 4633/8165/4633 4646/8193/4646
f 4638/8183/4638 4647/8194/4647 4642/8187/4642
f 4620/8148/4620 4647/8194/4647 4638/8183/4638
f 4621/8149/4621 4647/8194/4647 4620/8148/4620
f 4621/8149/4621 4648/8195/4648 4647/8194/4647
f 4649/8196/4649 4648/8195/4648 4621/8149/4621
f 4650/8197/4650 4603/8127/4603 4602/8126/4602
f 4631/8198/4631 4622/8199/4622 4651/8200/4651
f 4632/8164/4632 4608/8132/4608 4624/8154/4624
f 4642/8187/4642 4652/8201/4652 4637/8191/4637
f 4640/8185/4640 4653/8202/4653 4641/8186/4641
f 4646/8203/4646 4633/8192/4633 4641/8186/4641
f 4646/8193/4646 4654/8204/4654 4634/8166/4634
f 4654/8204/4654 4617/8145/4617 4634/8166/4634
f 4621/8149/4621 4612/8140/4612 4649/8196/4649
f 4626/8157/4626 4607/8131/4607 4635/8167/4635
f 4626/8157/4626 4644/8189/4644 4591/8113/4591
f 4603/8127/4603 4624/8154/4624 4613/8141/4613
f 4655/8205/4655 4632/8164/4632 4624/8154/4624
f 4637/8191/4637 4652/8201/4652 4640/8206/4640
f 4640/8207/4640 4652/8208/4652 4653/8209/4653
f 4646/8203/4646 4641/8186/4641 4653/8202/4653
f 4654/8204/4654 4635/8167/4635 4617/8145/4617
f 4610/8137/4610 4631/8163/4631 4645/8190/4645
f 4650/8197/4650 4624/8154/4624 4603/8127/4603
f 4642/8187/4642 4656/8210/4656 4652/8201/4652
f 4652/8208/4652 4656/8211/4656 4653/8209/4653
f 4657/8212/4657 4656/8210/4656 4642/8187/4642
f 4653/8209/4653 4656/8211/4656 4658/8213/4658
f 4653/8209/4653 4658/8213/4658 4646/8214/4646
f 4647/8194/4647 4657/8212/4657 4642/8187/4642
f 4647/8194/4647 4648/8195/4648 4657/8212/4657
f 4646/8214/4646 4658/8213/4658 4654/8215/4654
f 4658/8216/4658 4659/8217/4659 4654/8218/4654
f 4643/8188/4643 4649/8196/4649 4612/8140/4612
f 4600/8124/4600 4629/8161/4629 4643/8188/4643
f 4644/8189/4644 4650/8197/4650 4602/8126/4602
f 4627/8158/4627 4651/8219/4651 4622/8151/4622
f 4660/8220/4660 4651/8219/4651 4627/8158/4627
f 4658/8221/4658 4656/8222/4656 4661/8223/4661
f 4661/8224/4661 4659/8225/4659 4658/8226/4658
f 4662/8227/4662 4654/8228/4654 4659/8229/4659
f 4662/8230/4662 4635/8167/4635 4654/8204/4654
f 4630/8162/4630 4663/8231/4663 4629/8161/4629
f 4639/8184/4639 4664/8232/4664 4630/8162/4630
f 4645/8190/4645 4664/8232/4664 4639/8184/4639
f 4632/8164/4632 4660/8233/4660 4627/8171/4627
f 4657/8234/4657 4661/8235/4661 4656/8236/4656
f 4665/8237/4665 4635/8167/4635 4662/8230/4662
f 4635/8167/4635 4666/8238/4666 4626/8157/4626
f 4666/8238/4666 4644/8189/4644 4626/8157/4626
f 4667/8239/4667 4655/8205/4655 4624/8154/4624
f 4657/8212/4657 4668/8240/4668 4669/8241/4669
f 4661/8242/4661 4670/8243/4670 4659/8244/4659
f 4648/8195/4648 4668/8240/4668 4657/8212/4657
f 4670/8243/4670 4662/8245/4662 4659/8244/4659
f 4648/8195/4648 4649/8196/4649 4643/8188/4643
f 4630/8162/4630 4664/8232/4664 4663/8231/4663
f 4671/8246/4671 4645/8190/4645 4631/8163/4631
f 4667/8239/4667 4624/8154/4624 4650/8197/4650
f 4631/8247/4631 4651/8219/4651 4671/8248/4671
f 4661/8242/4661 4657/8249/4657 4669/8250/4669
f 4670/8243/4670 4672/8251/4672 4662/8245/4662
f 4662/8230/4662 4672/8252/4672 4665/8237/4665
f 4645/8190/4645 4673/8253/4673 4664/8232/4664
f 4669/8250/4669 4670/8243/4670 4661/8242/4661
f 4668/8240/4668 4648/8195/4648 4674/8254/4674
f 4643/8188/4643 4674/8254/4674 4648/8195/4648
f 4665/8237/4665 4675/8255/4675 4635/8167/4635
f 4635/8167/4635 4675/8255/4675 4676/8256/4676
f 4663/8231/4663 4643/8188/4643 4629/8161/4629
f 4676/8256/4676 4666/8238/4666 4635/8167/4635
f 4671/8246/4671 4677/8257/4677 4645/8190/4645
f 4632/8164/4632 4655/8205/4655 4660/8233/4660
f 4678/8258/4678 4669/8241/4669 4668/8240/4668
f 4678/8259/4678 4670/8260/4670 4669/8261/4669
f 4678/8259/4678 4679/8262/4679 4670/8260/4670
f 4679/8262/4679 4672/8263/4672 4670/8260/4670
f 4679/8264/4679 4665/8237/4665 4672/8252/4672
f 4679/8264/4679 4680/8265/4680 4665/8237/4665
f 4666/8238/4666 4650/8197/4650 4644/8189/4644
f 4671/8248/4671 4681/8266/4681 4677/8267/4677
f 4682/8268/4682 4671/8248/4671 4651/8219/4651
f 4683/8269/4683 4651/8219/4651 4660/8220/4660
f 4684/8270/4684 4678/8258/4678 4668/8240/4668
f 4679/8262/4679 4678/8259/4678 4685/8271/4685
f 4674/8254/4674 4684/8270/4684 4668/8240/4668
f 4678/8259/4678 4686/8272/4686 4685/8271/4685
f 4685/8271/4685 4680/8273/4680 4679/8262/4679
f 4680/8265/4680 4675/8255/4675 4665/8237/4665
f 4663/8231/4663 4674/8254/4674 4643/8188/4643
f 4666/8238/4666 4667/8239/4667 4650/8197/4650
f 4651/8219/4651 4683/8269/4683 4682/8268/4682
f 4687/8274/4687 4655/8205/4655 4667/8239/4667
f 4684/8275/4684 4686/8272/4686 4678/8259/4678
f 4674/8254/4674 4688/8276/4688 4684/8270/4684
f 4680/8273/4680 4685/8271/4685 4689/8277/4689
f 4675/8255/4675 4680/8265/4680 4689/8278/4689
f 4663/8231/4663 4688/8276/4688 4674/8254/4674
f 4690/8279/4690 4688/8276/4688 4663/8231/4663
f 4689/8278/4689 4676/8256/4676 4675/8255/4675
f 4691/8280/4691 4666/8238/4666 4676/8256/4676
f 4663/8231/4663 4664/8232/4664 4690/8279/4690
f 4677/8257/4677 4673/8253/4673 4645/8190/4645
f 4692/8281/4692 4685/8271/4685 4686/8272/4686
f 4685/8271/4685 4692/8281/4692 4689/8277/4689
f 4689/8278/4689 4692/8282/4692 4676/8256/4676
f 4692/8282/4692 4693/8283/4693 4676/8256/4676
f 4693/8283/4693 4691/8280/4691 4676/8256/4676
f 4673/8253/4673 4690/8279/4690 4664/8232/4664
f 4682/8268/4682 4681/8266/4681 4671/8248/4671
f 4684/8275/4684 4694/8284/4694 4686/8272/4686
f 4694/8284/4694 4695/8285/4695 4686/8272/4686
f 4692/8281/4692 4686/8272/4686 4695/8285/4695
f 4692/8281/4692 4695/8285/4695 4693/8286/4693
f 4691/8280/4691 4696/8287/4696 4666/8238/4666
f 4696/8287/4696 4667/8239/4667 4666/8238/4666
f 4688/8276/4688 4694/8288/4694 4684/8270/4684
f 4694/8288/4694 4688/8276/4688 4697/8289/4697
f 4697/8289/4697 4688/8276/4688 4690/8279/4690
f 4690/8279/4690 4673/8253/4673 4698/8290/4698
f 4681/8266/4681 4699/8291/4699 4677/8267/4677
f 4655/8205/4655 4683/8292/4683 4660/8233/4660
f 4700/8293/4700 4694/8284/4694 4697/8294/4697
f 4694/8284/4694 4701/8295/4701 4695/8285/4695
f 4690/8279/4690 4698/8290/4698 4697/8289/4697
f 4693/8283/4693 4702/8296/4702 4691/8280/4691
f 4677/8257/4677 4703/8297/4703 4673/8253/4673
f 4667/8239/4667 4696/8287/4696 4687/8274/4687
f 4683/8269/4683 4704/8298/4704 4682/8268/4682
f 4683/8292/4683 4655/8205/4655 4687/8274/4687
f 4700/8293/4700 4701/8295/4701 4694/8284/4694
f 4693/8286/4693 4695/8285/4695 4702/8299/4702
f 4703/8300/4703 4698/8301/4698 4673/8302/4673
f 4691/8280/4691 4702/8296/4702 4696/8287/4696
f 4704/8298/4704 4681/8266/4681 4682/8268/4682
f 4705/8303/4705 4697/8289/4697 4698/8290/4698
f 4697/8294/4697 4705/8304/4705 4700/8293/4700
f 4705/8303/4705 4698/8290/4698 4703/8297/4703
f 4701/8295/4701 4700/8293/4700 4706/8305/4706
f 4701/8295/4701 4702/8299/4702 4695/8285/4695
f 4702/8296/4702 4701/8306/4701 4696/8287/4696
f 4699/8291/4699 4703/8307/4703 4677/8267/4677
f 4707/8308/4707 4687/8274/4687 4696/8287/4696
f 4707/8308/4707 4683/8292/4683 4687/8274/4687
f 4700/8293/4700 4705/8304/4705 4706/8305/4706
f 4708/8309/4708 4701/8295/4701 4706/8305/4706
f 4707/8308/4707 4696/8287/4696 4701/8306/4701
f 4704/8298/4704 4699/8291/4699 4681/8266/4681
f 4709/8310/4709 4704/8298/4704 4683/8269/4683
f 4707/8311/4707 4709/8310/4709 4683/8269/4683
f 4705/8304/4705 4699/8312/4699 4706/8305/4706
f 4701/8295/4701 4708/8309/4708 4707/8313/4707
f 4703/8314/4703 4699/8312/4699 4705/8304/4705
f 4699/8312/4699 4704/8315/4704 4706/8305/4706
f 4706/8305/4706 4704/8315/4704 4709/8316/4709
f 4709/8316/4709 4708/8309/4708 4706/8305/4706
f 4709/8316/4709 4707/8313/4707 4708/8309/4708
f 4007/7167/4007 429/572/429 422/7162/422
f 429/572/429 423/571/423 422/7162/422
f 4014/7176/4014 429/572/429 4007/7167/4007
f 430/8317/430 429/572/429 4014/7176/4014
f 434/8318/434 427/8319/427 430/8320/430
f 434/593/434 430/8321/430 443/594/443
f 4710/8322/4710 4014/7176/4014 4017/7179/4017
f 4014/7176/4014 4710/8322/4710 430/8317/430
f 4023/7187/4023 4710/8322/4710 4017/7179/4017
f 4711/8323/4711 443/626/443 430/8317/430
f 455/659/455 483/658/483 453/8324/453
f 465/624/465 443/626/443 4711/8323/4711
f 4023/7187/4023 4017/7179/4017 4020/7183/4020
f 4711/8323/4711 4712/8325/4712 465/624/465
f 4713/8326/4713 4710/8322/4710 4023/7187/4023
f 453/8324/453 483/658/483 490/726/490
f 527/751/527 465/624/465 4712/8325/4712
f 4713/8326/4713 4023/7187/4023 4714/8327/4714
f 4710/8322/4710 4711/8323/4711 430/8317/430
f 4715/8328/4715 4711/8323/4711 4710/8322/4710
f 4023/7187/4023 4022/7186/4022 4714/8327/4714
f 4713/8326/4713 4715/8328/4715 4710/8322/4710
f 4712/8325/4712 4711/8323/4711 4715/8328/4715
f 465/624/465 527/751/527 498/697/498
f 4715/8328/4715 4713/8326/4713 4716/8329/4716
f 4716/8329/4716 4713/8326/4713 4714/8327/4714
f 4712/8325/4712 4715/8328/4715 4717/8330/4717
f 4714/8327/4714 4022/7186/4022 4030/7196/4030
f 4718/8331/4718 4715/8328/4715 4716/8329/4716
f 4717/8330/4717 4715/8328/4715 4718/8331/4718
f 550/784/550 527/751/527 4712/8325/4712
f 4716/8329/4716 4714/8327/4714 4030/7196/4030
f 558/833/558 4719/8332/4719 557/8333/557
f 550/784/550 4712/8325/4712 4717/8330/4717
f 4032/7200/4032 205/244/205 4720/8334/4720
f 4720/8334/4720 205/244/205 557/797/557
f 4720/8335/4720 557/8333/557 4719/8332/4719
f 558/833/558 594/864/594 4719/8332/4719
f 4721/8336/4721 4717/8330/4717 4718/8331/4718
f 558/833/558 576/832/576 594/864/594
f 4719/8332/4719 4722/8337/4722 4720/8335/4720
f 4723/8338/4723 4718/8331/4718 4716/8329/4716
f 4724/8339/4724 4719/8332/4719 594/864/594
f 4722/8337/4722 4719/8332/4719 4724/8339/4724
f 4722/8337/4722 4032/7201/4032 4720/8335/4720
f 4037/7208/4037 4716/8329/4716 4030/7196/4030
f 4721/8336/4721 550/784/550 4717/8330/4717
f 4032/7201/4032 4051/7225/4051 4033/7202/4033
f 4032/7201/4032 4722/8337/4722 4051/7225/4051
f 4716/8329/4716 4037/7208/4037 4723/8338/4723
f 594/864/594 623/904/623 4724/8339/4724
f 4725/8340/4725 4718/8331/4718 4723/8338/4723
f 4725/8340/4725 4721/8336/4721 4718/8331/4718
f 4721/8336/4721 627/908/627 550/784/550
f 4724/8339/4724 4726/8341/4726 4722/8337/4722
f 4723/8338/4723 4037/7208/4037 4727/8342/4727
f 623/904/623 691/1016/691 4724/8339/4724
f 4721/8336/4721 4728/8343/4728 627/908/627
f 691/1016/691 4726/8341/4726 4724/8339/4724
f 4722/8337/4722 4726/8341/4726 4051/7225/4051
f 4729/8344/4729 4725/8340/4725 4723/8338/4723
f 4035/7226/4035 4051/7225/4051 4121/8345/4121
f 4729/8344/4729 4723/8338/4723 4727/8342/4727
f 4037/7208/4037 4082/7271/4082 4727/8342/4727
f 4730/8346/4730 4725/8340/4725 4729/8344/4729
f 4728/8343/4728 4721/8336/4721 4725/8340/4725
f 4731/8347/4731 4121/7326/4121 4051/8348/4051
f 4726/8341/4726 4731/8349/4731 4051/7225/4051
f 4730/8346/4730 4728/8343/4728 4725/8340/4725
f 4727/8342/4727 4082/7271/4082 4732/8350/4732
f 4732/8350/4732 4729/8344/4729 4727/8342/4727
f 4726/8341/4726 691/1016/691 4733/8351/4733
f 4734/8352/4734 4732/8350/4732 4082/7271/4082
f 4735/8353/4735 4733/8351/4733 691/1016/691
f 4116/7319/4116 4734/8352/4734 4082/7271/4082
f 4736/8354/4736 4730/8346/4730 4729/8344/4729
f 691/1016/691 721/1062/721 4735/8353/4735
f 4737/8355/4737 4728/8343/4728 4738/8356/4738
f 4737/8355/4737 627/908/627 4728/8343/4728
f 4121/7326/4121 4739/8357/4739 245/305/245
f 4121/7326/4121 4731/8347/4731 4739/8357/4739
f 4739/8357/4739 262/333/262 245/305/245
f 4726/8341/4726 4740/8358/4740 4731/8349/4731
f 4737/8355/4737 672/987/672 627/908/627
f 4739/8357/4739 4731/8347/4731 4740/8359/4740
f 4726/8341/4726 4733/8351/4733 4740/8358/4740
f 4736/8354/4736 4729/8344/4729 4732/8350/4732
f 4736/8354/4736 4741/8360/4741 4730/8346/4730
f 4742/8361/4742 4737/8355/4737 4738/8356/4738
f 4116/7319/4116 4173/8362/4173 4734/8352/4734
f 721/1062/721 756/1113/756 4735/8353/4735
f 4738/8356/4738 4728/8343/4728 4730/8346/4730
f 4736/8354/4736 4732/8350/4732 4743/8363/4743
f 818/1192/818 757/1114/757 4737/8355/4737
f 4737/8355/4737 757/1114/757 672/987/672
f 4741/8360/4741 4736/8354/4736 4744/8364/4744
f 4745/8365/4745 4732/8350/4732 4734/8352/4734
f 4743/8363/4743 4732/8350/4732 4745/8365/4745
f 4735/8353/4735 4746/8366/4746 4733/8351/4733
f 4741/8360/4741 4738/8356/4738 4730/8346/4730
f 818/1192/818 4737/8355/4737 4742/8361/4742
f 4739/8357/4739 4740/8359/4740 4747/8367/4747
f 262/333/262 4739/8357/4739 822/1198/822
f 4747/8367/4747 822/1198/822 4739/8357/4739
f 4734/8352/4734 4173/8362/4173 4748/8368/4748
f 4740/8358/4740 4733/8351/4733 4746/8366/4746
f 4744/8364/4744 4736/8354/4736 4743/8363/4743
f 4740/8358/4740 4746/8366/4746 4747/8369/4747
f 756/1113/756 4749/8370/4749 4735/8353/4735
f 4741/8360/4741 4742/8361/4742 4738/8356/4738
f 4750/8371/4750 818/1192/818 4742/8361/4742
f 4173/7388/4173 4164/7378/4164 4748/8372/4748
f 4734/8352/4734 4748/8368/4748 4745/8365/4745
f 4164/7378/4164 4223/8373/4223 4748/8372/4748
f 4743/8363/4743 4745/8365/4745 4751/8374/4751
f 4744/8364/4744 4752/8375/4752 4741/8360/4741
f 4747/8369/4747 4746/8366/4746 4753/8376/4753
f 4754/8377/4754 4746/8366/4746 4735/8353/4735
f 4749/8370/4749 4754/8377/4754 4735/8353/4735
f 4752/8375/4752 4744/8364/4744 4743/8363/4743
f 4755/8378/4755 4742/8361/4742 4741/8360/4741
f 4745/8365/4745 4748/8368/4748 4751/8374/4751
f 4754/8377/4754 4753/8376/4753 4746/8366/4746
f 4752/8375/4752 4743/8363/4743 4756/8379/4756
f 4749/8370/4749 756/1113/756 805/1177/805
f 4755/8378/4755 4741/8360/4741 4752/8375/4752
f 4750/8371/4750 4742/8361/4742 4755/8378/4755
f 818/1192/818 906/1314/906 817/1191/817
f 4223/8373/4223 4757/8380/4757 4748/8372/4748
f 4751/8374/4751 4748/8368/4748 4757/8381/4757
f 4753/8382/4753 822/1198/822 4747/8367/4747
f 4758/8383/4758 4756/8379/4756 4751/8374/4751
f 4751/8374/4751 4756/8379/4756 4743/8363/4743
f 4758/8383/4758 4751/8374/4751 4759/8384/4759
f 4749/8370/4749 4760/8385/4760 4754/8377/4754
f 4750/8371/4750 906/1314/906 818/1192/818
f 4223/8373/4223 4247/8386/4247 4757/8380/4757
f 4759/8384/4759 4751/8374/4751 4757/8381/4757
f 4761/8387/4761 4755/8378/4755 4752/8375/4752
f 4761/8387/4761 4750/8371/4750 4755/8378/4755
f 4754/8377/4754 4762/8388/4762 4753/8376/4753
f 4247/8386/4247 4763/8389/4763 4757/8380/4757
f 4763/8390/4763 4759/8384/4759 4757/8381/4757
f 4760/8385/4760 4762/8388/4762 4754/8377/4754
f 4761/8387/4761 4752/8375/4752 4756/8379/4756
f 4749/8370/4749 805/1177/805 891/1295/891
f 305/390/305 304/389/304 4247/8391/4247
f 4764/8392/4764 4763/8389/4763 4247/8386/4247
f 4765/8393/4765 822/1198/822 4753/8382/4753
f 4765/8393/4765 890/1294/890 822/1198/822
f 4247/8386/4247 304/1293/304 4764/8392/4764
f 4762/8394/4762 4765/8393/4765 4753/8382/4753
f 4749/8370/4749 891/1295/891 4760/8385/4760
f 4766/8395/4766 4750/8371/4750 4761/8387/4761
f 304/1293/304 317/1302/317 4764/8392/4764
f 4759/8384/4759 4763/8390/4763 4767/8396/4767
f 4768/8397/4768 4762/8388/4762 4760/8385/4760
f 914/1327/914 906/1314/906 4750/8371/4750
f 4763/8389/4763 4764/8392/4764 957/1392/957
f 957/1392/957 4767/8398/4767 4763/8389/4763
f 4769/8399/4769 4758/8383/4758 4759/8384/4759
f 4770/8400/4770 4756/8379/4756 4758/8383/4758
f 4760/8385/4760 891/1295/891 4771/8401/4771
f 4770/8400/4770 4761/8387/4761 4756/8379/4756
f 317/1302/317 957/1392/957 4764/8392/4764
f 4767/8398/4767 4769/8402/4769 4759/8403/4759
f 4768/8404/4768 4765/8393/4765 4762/8394/4762
f 4772/8405/4772 4766/8395/4766 4761/8387/4761
f 4750/8371/4750 4766/8395/4766 914/1327/914
f 4772/8405/4772 4761/8387/4761 4770/8400/4770
f 925/1343/925 314/1342/314 4259/7542/4259
f 4768/8404/4768 983/1429/983 4765/8393/4765
f 4771/8401/4771 4768/8397/4768 4760/8385/4760
f 914/1327/914 4766/8395/4766 4773/8406/4773
f 894/1299/894 914/1327/914 961/1398/961
f 914/1327/914 4774/8407/4774 961/1398/961
f 925/1393/925 957/1392/957 317/1302/317
f 957/1392/957 4775/8408/4775 4767/8398/4767
f 983/1429/983 890/1294/890 4765/8393/4765
f 4758/8383/4758 4776/8409/4776 4770/8400/4770
f 4776/8409/4776 4772/8405/4772 4770/8400/4770
f 4774/8407/4774 914/1327/914 4773/8406/4773
f 4777/8410/4777 961/1398/961 4774/8407/4774
f 4778/8411/4778 4758/8383/4758 4769/8399/4769
f 4778/8411/4778 4776/8409/4776 4758/8383/4758
f 4779/8412/4779 4777/8410/4777 4774/8407/4774
f 4771/8401/4771 4780/8413/4780 4768/8397/4768
f 891/1295/891 4781/8414/4781 4771/8401/4771
f 4782/8415/4782 4772/8405/4772 4776/8409/4776
f 4766/8416/4766 4772/8417/4772 4783/8418/4783
f 4783/8418/4783 4773/8419/4773 4766/8416/4766
f 4774/8407/4774 4773/8406/4773 4779/8412/4779
f 4783/8418/4783 4784/8420/4784 4773/8419/4773
f 4779/8412/4779 4773/8406/4773 4784/8421/4784
f 4785/8422/4785 4779/8423/4779 4784/8424/4784
f 4786/8425/4786 4777/8410/4777 4779/8412/4779
f 957/1392/957 982/1428/982 4775/8408/4775
f 4775/8408/4775 4787/8426/4787 4767/8398/4767
f 4769/8402/4769 4767/8398/4767 4787/8426/4787
f 4787/8427/4787 4778/8411/4778 4769/8399/4769
f 983/1429/983 4768/8404/4768 4788/8428/4788
f 4781/8414/4781 4780/8413/4780 4771/8401/4771
f 948/1377/948 4781/8414/4781 891/1295/891
f 4784/8429/4784 4783/8430/4783 4789/8431/4789
f 4790/8432/4790 4786/8433/4786 4779/8434/4779
f 4790/8435/4790 4779/8423/4779 4785/8422/4785
f 4777/8436/4777 988/8437/988 961/8438/961
f 4791/8439/4791 4775/8408/4775 982/1428/982
f 4791/8439/4791 4787/8426/4787 4775/8408/4775
f 4780/8413/4780 4788/8440/4788 4768/8397/4768
f 4792/8441/4792 4776/8409/4776 4778/8411/4778
f 4793/8442/4793 4785/8443/4785 4784/8444/4784
f 4793/8445/4793 4784/8446/4784 4789/8447/4789
f 4794/8448/4794 4777/8410/4777 4786/8425/4786
f 4778/8449/4778 4787/8426/4787 4792/8450/4792
f 4795/8451/4795 4776/8409/4776 4792/8441/4792
f 4796/8452/4796 4772/8405/4772 4782/8415/4782
f 4785/8443/4785 1031/8453/1031 4790/8454/4790
f 1031/1514/1031 1033/1516/1033 4790/8432/4790
f 4790/8432/4790 1033/1516/1033 4786/8433/4786
f 1033/1516/1033 4794/8455/4794 4786/8433/4786
f 4794/8456/4794 988/8437/988 4777/8436/4777
f 4788/8428/4788 992/1441/992 983/1429/983
f 4781/8414/4781 4788/8440/4788 4780/8413/4780
f 4783/8418/4783 4772/8417/4772 4796/8457/4796
f 4783/8418/4783 4796/8457/4796 4797/8458/4797
f 4789/8459/4789 4797/8458/4797 4798/8460/4798
f 4783/8418/4783 4797/8458/4797 4789/8459/4789
f 4798/8461/4798 4793/8442/4793 4789/8462/4789
f 4799/8463/4799 4793/8442/4793 4798/8461/4798
f 982/1428/982 998/1448/998 4791/8439/4791
f 4800/8464/4800 4791/8439/4791 998/1448/998
f 4800/8464/4800 4787/8426/4787 4791/8439/4791
f 4800/8464/4800 4792/8450/4792 4787/8426/4787
f 4788/8465/4788 4781/8466/4781 992/1463/992
f 4781/8466/4781 1005/1462/1005 992/1463/992
f 948/8467/948 1005/1462/1005 4781/8466/4781
f 1081/8468/1081 1031/8453/1031 4785/8443/4785
f 4793/8442/4793 1081/8468/1081 4785/8443/4785
f 4797/8458/4797 4801/8469/4801 4798/8460/4798
f 988/1435/988 4794/8448/4794 1033/8470/1033
f 4800/8464/4800 4802/8471/4802 4792/8450/4792
f 4792/8441/4792 4802/8472/4802 4795/8451/4795
f 4803/8473/4803 4776/8409/4776 4795/8451/4795
f 4803/8473/4803 4782/8415/4782 4776/8409/4776
f 4801/8474/4801 4799/8463/4799 4798/8461/4798
f 1033/8470/1033 1053/1549/1053 988/1435/988
f 4804/8475/4804 4795/8451/4795 4802/8472/4802
f 4805/8476/4805 4804/8477/4804 4802/8478/4802
f 4806/8479/4806 4796/8452/4796 4782/8415/4782
f 4793/8442/4793 4807/8480/4807 1081/8468/1081
f 4793/8442/4793 4799/8463/4799 4807/8480/4807
f 4800/8464/4800 4808/8481/4808 4802/8471/4802
f 4804/8475/4804 4803/8473/4803 4795/8451/4795
f 4782/8415/4782 4803/8473/4803 4806/8479/4806
f 1032/1515/1032 4809/8482/4809 1033/1516/1033
f 4801/8474/4801 4810/8483/4810 4799/8463/4799
f 1033/8470/1033 4809/8484/4809 1053/1549/1053
f 4800/8464/4800 998/1448/998 1072/1603/1072
f 4811/8485/4811 4812/8486/4812 4813/8487/4813
f 4814/8488/4814 4811/8485/4811 4813/8487/4813
f 4815/8489/4815 4806/8479/4806 4803/8473/4803
f 4816/8490/4816 1081/8468/1081 4807/8480/4807
f 4810/8483/4810 4807/8480/4807 4799/8463/4799
f 4809/8491/4809 4817/8492/4817 1053/8493/1053
f 1072/1603/1072 4808/8481/4808 4800/8464/4800
f 4808/8494/4808 4818/8495/4818 4802/8496/4802
f 4818/8497/4818 4805/8498/4805 4802/8499/4802
f 4804/8475/4804 4805/8500/4805 4819/8501/4819
f 4804/8475/4804 4820/8502/4820 4803/8473/4803
f 4820/8502/4820 4815/8489/4815 4803/8473/4803
f 4797/8458/4797 4796/8457/4796 4821/8503/4821
f 4807/8504/4807 4822/8505/4822 4816/8506/4816
f 4809/8491/4809 4822/8505/4822 4807/8504/4807
f 4809/8482/4809 1032/1515/1032 1094/8507/1094
f 4807/8504/4807 4817/8492/4817 4809/8491/4809
f 4817/8492/4817 4807/8504/4807 4810/8508/4810
f 4817/8509/4817 4810/8510/4810 4823/8511/4823
f 4824/8512/4824 1053/8513/1053 4817/8514/4817
f 4811/8515/4811 4825/8516/4825 4812/8517/4812
f 4819/8518/4819 4805/8519/4805 4818/8520/4818
f 4813/8521/4813 4812/8522/4812 4826/8523/4826
f 4827/8524/4827 4825/8516/4825 4811/8515/4811
f 4804/8475/4804 4819/8501/4819 4820/8502/4820
f 4827/8524/4827 4811/8515/4811 4814/8525/4814
f 4816/8526/4816 4821/8503/4821 4796/8457/4796
f 4797/8458/4797 4821/8503/4821 4801/8469/4801
f 4801/8469/4801 4821/8503/4821 4810/8527/4810
f 4809/8491/4809 1094/8528/1094 4822/8505/4822
f 1083/8529/1083 1053/8530/1053 4824/8531/4824
f 4824/8532/4824 4817/8509/4817 4823/8511/4823
f 4828/8533/4828 1072/1603/1072 1089/1639/1089
f 4829/8534/4829 4826/8535/4826 4812/8536/4812
f 4812/8517/4812 4825/8516/4825 4829/8537/4829
f 4819/8538/4819 4818/8539/4818 4830/8540/4830
f 4820/8502/4820 4819/8501/4819 4830/8541/4830
f 4831/8542/4831 4814/8543/4814 4813/8521/4813
f 4832/8544/4832 4827/8524/4827 4814/8525/4814
f 4831/8545/4831 4832/8546/4832 4814/8547/4814
f 4833/8548/4833 4816/8549/4816 4796/8452/4796
f 4816/8549/4816 1113/1703/1113 1081/1631/1081
f 4834/8550/4834 4816/8551/4816 4822/8552/4822
f 4823/8553/4823 4810/8554/4810 4821/8555/4821
f 4822/8556/4822 1094/8557/1094 4834/8558/4834
f 1116/1706/1116 1085/1635/1085 1083/1633/1083
f 4824/8559/4824 1116/8560/1116 1083/8561/1083
f 1089/1639/1089 1124/8562/1124 4828/8533/4828
f 4835/8563/4835 4830/8540/4830 4818/8539/4818
f 4836/8564/4836 4831/8542/4831 4813/8521/4813
f 4820/8502/4820 4837/8565/4837 4815/8489/4815
f 4833/8548/4833 4796/8452/4796 4806/8479/4806
f 4816/8549/4816 4833/8548/4833 1113/1703/1113
f 4834/8566/4834 4821/8555/4821 4816/8567/4816
f 4834/8566/4834 1094/1762/1094 1144/1764/1144
f 4821/8555/4821 4834/8566/4834 4823/8553/4823
f 4834/8566/4834 1144/1764/1144 4823/8553/4823
f 4823/8553/4823 1144/1764/1144 4824/8568/4824
f 1116/1763/1116 4824/8568/4824 1144/1764/1144
f 1133/1744/1133 335/435/335 4284/7597/4284
f 1124/8569/1124 1122/1747/1122 4828/8570/4828
f 1122/1747/1122 1133/1744/1133 4828/8570/4828
f 1133/8571/1133 4838/8572/4838 4828/8573/4828
f 4838/8574/4838 1072/1603/1072 4828/8533/4828
f 4808/8481/4808 1072/1603/1072 4838/8574/4838
f 4818/8539/4818 4808/8575/4808 4835/8563/4835
f 4829/8576/4829 4839/8577/4839 4826/8523/4826
f 4813/8521/4813 4826/8523/4826 4836/8564/4836
f 4837/8565/4837 4820/8502/4820 4830/8541/4830
f 4284/7603/4284 4838/8572/4838 1133/8571/1133
f 4808/8578/4808 4840/8579/4840 4835/8580/4835
f 4836/8564/4836 4826/8523/4826 4839/8577/4839
f 4286/7602/4286 4838/8572/4838 4284/7603/4284
f 4838/8574/4838 4840/8581/4840 4808/8481/4808
f 4835/8563/4835 4841/8582/4841 4830/8540/4830
f 4806/8479/4806 4815/8489/4815 4842/8583/4842
f 4833/8548/4833 4806/8479/4806 4842/8583/4842
f 1156/1795/1156 1113/1703/1113 4833/8548/4833
f 4832/8544/4832 4825/8516/4825 4827/8524/4827
f 4837/8565/4837 4830/8541/4830 4841/8584/4841
f 4842/8583/4842 4815/8489/4815 4837/8565/4837
f 4843/8585/4843 4833/8548/4833 4842/8583/4842
f 1122/8586/1122 1124/8587/1124 1170/8588/1170
f 1170/8588/1170 1124/8587/1124 1162/8589/1162
f 4844/8590/4844 4840/8581/4840 4838/8574/4838
f 4829/8591/4829 4825/8592/4825 4845/8593/4845
f 4846/8594/4846 4825/8516/4825 4832/8544/4832
f 4847/8595/4847 4837/8565/4837 4841/8584/4841
f 4832/8544/4832 4848/8596/4848 4846/8594/4846
f 4847/8595/4847 4842/8583/4842 4837/8565/4837
f 4849/8597/4849 4843/8585/4843 4842/8583/4842
f 4844/8598/4844 4838/8572/4838 4286/7602/4286
f 1170/8599/1170 1162/1803/1162 1214/8600/1214
f 4844/8598/4844 4850/8601/4850 4840/8602/4840
f 4839/8603/4839 4829/8591/4829 4845/8593/4845
f 4825/8516/4825 4846/8594/4846 4845/8604/4845
f 4835/8563/4835 4851/8605/4851 4841/8582/4841
f 4851/8606/4851 4847/8595/4847 4841/8584/4841
f 4832/8546/4832 4831/8545/4831 4848/8607/4848
f 4843/8585/4843 1156/1795/1156 4833/8548/4833
f 4836/8564/4836 4852/8608/4852 4831/8542/4831
f 4836/8564/4836 4839/8577/4839 4852/8608/4852
f 4831/8545/4831 4852/8609/4852 4848/8607/4848
f 4849/8597/4849 4842/8583/4842 4847/8595/4847
f 4286/7602/4286 4289/7610/4289 4844/8598/4844
f 4840/8579/4840 4851/8610/4851 4835/8580/4835
f 4839/8611/4839 4845/8612/4845 4846/8613/4846
f 4839/8577/4839 4853/8614/4853 4852/8608/4852
f 4851/8606/4851 4854/8615/4854 4847/8595/4847
f 4853/8616/4853 4848/8607/4848 4852/8609/4852
f 4847/8595/4847 4854/8615/4854 4849/8597/4849
f 1156/1795/1156 4843/8585/4843 1222/1949/1222
f 4840/8617/4840 4850/8618/4850 4855/8619/4855
f 4856/8620/4856 4840/8602/4840 4855/8621/4855
f 4851/8622/4851 4840/8623/4840 4856/8624/4856
f 4848/8596/4848 4853/8625/4853 4846/8594/4846
f 4854/8626/4854 4851/8622/4851 4856/8624/4856
f 4846/8627/4846 4853/8628/4853 4839/8629/4839
f 4857/8630/4857 4854/8626/4854 4856/8624/4856
f 4858/8631/4858 4843/8585/4843 4849/8597/4849
f 4844/8598/4844 4289/7610/4289 4298/7734/4298
f 1253/8632/1253 1214/8633/1214 4859/8634/4859
f 1162/1803/1162 1272/2057/1272 1214/8600/1214
f 4855/8621/4855 4857/8635/4857 4856/8620/4856
f 4860/8636/4860 4854/8626/4854 4857/8630/4857
f 4858/8631/4858 4849/8597/4849 4854/8615/4854
f 4858/8631/4858 1222/1949/1222 4843/8585/4843
f 4844/8598/4844 4298/7734/4298 4861/8637/4861
f 4862/8638/4862 4850/8601/4850 4844/8598/4844
f 4854/8626/4854 4860/8636/4860 4858/8639/4858
f 4863/8640/4863 1222/1949/1222 4858/8631/4858
f 358/7707/358 4322/8641/4322 4291/7628/4291
f 4859/8634/4859 1305/8642/1305 1253/8632/1253
f 1214/8600/1214 1272/2057/1272 4859/8643/4859
f 4864/8644/4864 4857/8635/4857 4855/8621/4855
f 4864/8644/4864 4860/8645/4860 4857/8635/4857
f 4328/7733/4328 4861/8637/4861 4298/7734/4298
f 1292/8646/1292 1305/8647/1305 4859/8648/4859
f 1272/2202/1272 1292/2201/1292 4859/8649/4859
f 4850/8601/4850 4862/8638/4862 4864/8644/4864
f 4864/8650/4864 4855/8619/4855 4850/8618/4850
f 4860/8651/4860 1396/8652/1396 4858/8631/4858
f 1396/8652/1396 4863/8640/4863 4858/8631/4858
f 1222/1949/1222 4863/8640/4863 1342/2232/1342
f 4862/8638/4862 4844/8598/4844 4861/8637/4861
f 4860/8645/4860 4864/8644/4864 1414/2411/1414
f 1397/2410/1397 4860/8645/4860 1414/2411/1414
f 1396/8653/1396 4860/8654/4860 1397/8655/1397
f 4862/8638/4862 4865/8656/4865 4864/8644/4864
f 4865/8656/4865 1414/2411/1414 4864/8644/4864
f 4338/7794/4338 4861/8637/4861 4328/7733/4328
f 4344/7797/4344 4862/8638/4862 4861/8637/4861
f 4338/7794/4338 4344/7797/4344 4861/8637/4861
f 4344/7797/4344 4865/8656/4865 4862/8638/4862
f 4863/8640/4863 1396/8652/1396 4866/8657/4866
f 4867/8658/4867 1414/2411/1414 4865/8656/4865
f 4868/8659/4868 1342/2232/1342 4863/8640/4863
f 4867/8658/4867 4865/8656/4865 4344/7797/4344
f 1395/2409/1395 1414/2411/1414 4867/8658/4867
f 4866/8657/4866 4868/8659/4868 4863/8640/4863
f 4344/8660/4344 372/504/372 4869/8661/4869
f 4869/8662/4869 4867/8658/4867 4344/7797/4344
f 1396/8663/1396 1395/2409/1395 1468/2522/1468
f 4866/8664/4866 1396/8665/1396 1468/8666/1468
f 372/504/372 4345/7799/4345 4347/7801/4347
f 4869/8661/4869 372/504/372 4347/7801/4347
f 4867/8658/4867 1493/2558/1493 1395/2409/1395
f 4349/7804/4349 4869/8662/4869 4347/7805/4347
f 4869/8662/4869 4870/8667/4870 4867/8658/4867
f 1493/2558/1493 4867/8658/4867 4870/8667/4870
f 4355/7812/4355 4870/8667/4870 4869/8662/4869
f 4870/8667/4870 4871/8668/4871 1493/2558/1493
f 1342/2232/1342 4868/8659/4868 1497/2570/1497
f 4355/7812/4355 4869/8662/4869 4349/7804/4349
f 4868/8659/4868 4872/8669/4872 1497/2570/1497
f 4870/8667/4870 4355/7812/4355 4359/7818/4359
f 4873/8670/4873 1493/2558/1493 4871/8668/4871
f 1536/2729/1536 4866/8664/4866 1468/8666/1468
f 1536/2729/1536 1597/2728/1597 4866/8664/4866
f 4868/8659/4868 4866/8657/4866 1597/8671/1597
f 4872/8669/4872 4868/8659/4868 1597/8671/1597
f 1546/2645/1546 1467/2521/1467 1493/2558/1493
f 1546/2645/1546 1493/2558/1493 4873/8670/4873
f 4369/7832/4369 4870/8667/4870 4359/7818/4359
f 4871/8668/4871 4870/8667/4870 4369/7832/4369
f 4873/8670/4873 4874/8672/4874 1546/2645/1546
f 1497/2570/1497 4875/8673/4875 1575/2691/1575
f 1497/2570/1497 4872/8669/4872 4875/8673/4875
f 1586/8674/1586 1575/2691/1575 4875/8673/4875
f 1579/2697/1579 1546/2645/1546 4874/8672/4874
f 1586/8674/1586 4875/8673/4875 1600/2741/1600
f 4876/8675/4876 4871/8668/4871 4369/7832/4369
f 4876/8675/4876 4877/8676/4877 4871/8668/4871
f 4877/8676/4877 4873/8670/4873 4871/8668/4871
f 4876/8675/4876 4369/7832/4369 4376/7843/4376
f 4878/8677/4878 4873/8670/4873 4877/8676/4877
f 4879/8678/4879 4875/8673/4875 4872/8669/4872
f 4872/8669/4872 1597/8671/1597 1622/8679/1622
f 4872/8680/4872 1622/2781/1622 4879/8681/4879
f 4879/8678/4879 4880/8682/4880 4875/8673/4875
f 4880/8682/4880 1600/2741/1600 4875/8673/4875
f 4878/8677/4878 4874/8672/4874 4873/8670/4873
f 4874/8672/4874 1629/2790/1629 1579/2697/1579
f 1633/2900/1633 4880/8682/4880 1690/2901/1690
f 1633/2900/1633 1600/2741/1600 4880/8682/4880
f 4881/8683/4881 1658/2844/1658 1659/2845/1659
f 4882/8684/4882 1660/8685/1660 1658/8686/1658
f 4882/8687/4882 1658/2844/1658 4881/8683/4881
f 4881/8683/4881 4883/8688/4883 4882/8687/4882
f 4884/8689/4884 4878/8677/4878 4877/8676/4877
f 1798/8690/1798 4880/8682/4880 4879/8678/4879
f 4880/8682/4880 1798/8690/1798 4885/8691/4885
f 1659/2845/1659 4886/8692/4886 4881/8683/4881
f 4887/8693/4887 4881/8683/4881 4886/8692/4886
f 4887/8693/4887 4883/8688/4883 4881/8683/4881
f 1699/2917/1699 1677/2916/1677 1660/8694/1660
f 1660/8694/1660 4882/8695/4882 1699/2917/1699
f 4888/8696/4888 1699/8697/1699 4882/8698/4882
f 4888/8699/4888 4882/8700/4882 4883/8701/4883
f 4876/8675/4876 4884/8689/4884 4877/8676/4877
f 1629/2790/1629 4874/8672/4874 4878/8677/4878
f 4885/8691/4885 1690/2901/1690 4880/8682/4880
f 4889/8702/4889 4886/8703/4886 1659/2871/1659
f 4886/8703/4886 4889/8702/4889 4890/8704/4890
f 4886/8703/4886 4890/8704/4890 4887/8705/4887
f 4891/8706/4891 4883/8701/4883 4887/8707/4887
f 4891/8708/4891 1699/2917/1699 4888/8709/4888
f 4888/8699/4888 4883/8701/4883 4891/8706/4891
f 1633/2795/1633 1706/2934/1706 1623/2782/1623
f 1713/2947/1713 4889/8702/4889 1659/2871/1659
f 1713/2953/1713 1699/2917/1699 4889/8710/4889
f 4892/8711/4892 4890/8712/4890 4889/8710/4889
f 4892/8713/4892 4887/8705/4887 4890/8704/4890
f 4889/8710/4889 1699/2917/1699 4892/8711/4892
f 4892/8711/4892 1699/2917/1699 4891/8708/4891
f 4891/8706/4891 4887/8707/4887 4892/8714/4892
f 4893/8715/4893 4884/8689/4884 4876/8675/4876
f 4878/8677/4878 4894/8716/4894 1629/2790/1629
f 4894/8716/4894 1686/2894/1686 1629/2790/1629
f 1622/2781/1622 1798/3153/1798 4879/8681/4879
f 4893/8715/4893 4376/7843/4376 4397/7868/4397
f 4893/8715/4893 4895/8717/4895 4884/8689/4884
f 4895/8717/4895 4878/8677/4878 4884/8689/4884
f 4878/8677/4878 4895/8717/4895 4894/8716/4894
f 4893/8715/4893 4876/8675/4876 4376/7843/4376
f 1703/2932/1703 1798/3153/1798 1622/2781/1622
f 4895/8717/4895 4896/8718/4896 4894/8716/4894
f 1752/3053/1752 1686/2894/1686 4894/8716/4894
f 4896/8718/4896 4895/8717/4895 4897/8719/4897
f 4896/8718/4896 1752/3053/1752 4894/8716/4894
f 1830/8720/1830 1752/3053/1752 4896/8718/4896
f 4885/8691/4885 1798/8690/1798 1817/8721/1817
f 4419/7894/4419 4893/8715/4893 4397/7868/4397
f 4893/8715/4893 4419/7894/4419 4895/8717/4895
f 1846/8722/1846 1830/8720/1830 4896/8718/4896
f 1690/2901/1690 1848/3258/1848 1672/2864/1672
f 4419/7894/4419 4897/8719/4897 4895/8717/4895
f 4419/7894/4419 4898/8723/4898 4897/8719/4897
f 1846/8722/1846 4896/8718/4896 4897/8719/4897
f 4885/8691/4885 1848/3258/1848 1690/2901/1690
f 1886/3331/1886 4885/8724/4885 1817/3192/1817
f 1871/3310/1871 1846/3254/1846 4897/8725/4897
f 4885/8691/4885 1886/8726/1886 1848/3258/1848
f 1871/3310/1871 4898/8727/4898 1883/3327/1883
f 1871/3310/1871 4897/8725/4897 4898/8727/4898
f 1848/3258/1848 1886/8726/1886 1994/8728/1994
f 1918/3381/1918 1848/3258/1848 1994/8728/1994
f 4898/8723/4898 4419/7894/4419 4440/7919/4440
f 4440/7919/4440 1929/8729/1929 4898/8723/4898
f 1883/3327/1883 4898/8727/4898 1929/3394/1929
f 1885/3330/1885 1994/3518/1994 1886/3331/1886
f 1994/8728/1994 2053/3625/2053 1918/3381/1918
f 4899/8730/4899 2053/3625/2053 1994/8728/1994
f 415/7936/415 1929/8729/1929 4440/7919/4440
f 1993/3517/1993 4900/8731/4900 1994/3518/1994
f 4900/8732/4900 4899/8730/4899 1994/8728/1994
f 4901/8733/4901 4899/8730/4899 4900/8732/4900
f 4900/8731/4900 1993/3517/1993 4902/8734/4902
f 4902/8734/4902 4901/8735/4901 4900/8731/4900
f 2053/3625/2053 4899/8730/4899 4901/8733/4901
f 4903/8736/4903 4901/8735/4901 4902/8734/4902
f 4903/8737/4903 2053/3625/2053 4901/8733/4901
f 2040/3604/2040 2053/3625/2053 2167/3843/2167
f 1993/3517/1993 4904/8738/4904 4902/8734/4902
f 4904/8739/4904 4903/8737/4903 4902/8740/4902
f 2101/3720/2101 4904/8738/4904 1993/3517/1993
f 4903/8737/4903 2167/3843/2167 2053/3625/2053
f 4905/8741/4905 4903/8737/4903 4904/8739/4904
f 4903/8737/4903 4905/8741/4905 2167/3843/2167
f 4904/8738/4904 2101/3720/2101 2189/3884/2189
f 4905/8741/4905 2221/3975/2221 2167/3843/2167
f 2189/3884/2189 4905/8742/4905 4904/8738/4904
f 2281/8743/2281 2221/3975/2221 4905/8741/4905
f 2281/8744/2281 4905/8742/4905 2189/3884/2189
f 4906/8745/4906 2283/4132/2283 2221/3975/2221
f 4906/8745/4906 2221/3975/2221 2281/8743/2281
f 2300/4166/2300 4906/8746/4906 2281/4167/2281
f 4906/8747/4906 2300/8748/2300 2344/4311/2344
f 4906/8745/4906 4907/8749/4907 2283/4132/2283
f 4908/8750/4908 4906/8747/4906 2344/4311/2344
f 2344/4311/2344 2359/4302/2359 2377/8751/2377
f 2344/4311/2344 2377/8751/2377 4908/8750/4908
f 4907/8749/4907 4906/8745/4906 4908/8752/4908
f 2377/8753/2377 2401/8754/2401 4908/8752/4908
f 2444/4497/2444 2283/4132/2283 4907/8749/4907
f 2401/8754/2401 4907/8749/4907 4908/8752/4908
f 2401/8754/2401 4909/8755/4909 4907/8749/4907
f 4909/8755/4909 2444/4497/2444 4907/8749/4907
f 2525/8756/2525 4909/8755/4909 2401/8754/2401
f 2519/4652/2519 2445/4498/2445 2444/4497/2444
f 2525/8756/2525 4910/8757/4910 4909/8755/4909
f 4910/8757/4910 2444/4497/2444 4909/8755/4909
f 2519/4652/2519 2444/4497/2444 4910/8757/4910
f 2594/8758/2594 4910/8757/4910 2525/8756/2525
f 2698/8759/2698 4910/8757/4910 2594/8758/2594
f 2698/8759/2698 2519/4652/2519 4910/8757/4910
f 2698/8759/2698 2622/4821/2622 2519/4652/2519
f 2793/8760/2793 2622/4821/2622 2698/8759/2698
f 2793/8760/2793 2700/4929/2700 2622/4821/2622
f 2666/4887/2666 2793/5053/2793 2698/4927/2698
f 2793/5053/2793 2666/4887/2666 2745/4990/2745
f 2794/5128/2794 2700/4929/2700 2793/8760/2793
f 2794/5128/2794 2748/4993/2748 2700/4929/2700
